Solute_Canon,Solvent_Canon,Temperature_K,LogS_consensus,sigma,n_contributing_groups,pair_MAE
C#C[C@]1(O)CC[C@H]2[C@@H]3CCC4=CC(=O)CC[C@@H]4[C@H]3C(=C)C[C@@]21CC,CC(C)O,273.15,-1.2035336569225734,,1,0.0260513294398481
C#C[C@]1(O)CC[C@H]2[C@@H]3CCC4=CC(=O)CC[C@@H]4[C@H]3C(=C)C[C@@]21CC,CC(C)O,278.15,-1.1188512715386945,0.030067828411760318,2,0.0260513294398481
C#C[C@]1(O)CC[C@H]2[C@@H]3CCC4=CC(=O)CC[C@@H]4[C@H]3C(=C)C[C@@]21CC,CC(C)O,283.15,-1.0552750452317394,0.030274728715174472,2,0.0260513294398481
C#C[C@]1(O)CC[C@H]2[C@@H]3CCC4=CC(=O)CC[C@@H]4[C@H]3C(=C)C[C@@]21CC,CC(C)O,288.15,-0.9928766384875194,0.02885945401699239,2,0.0260513294398481
C#C[C@]1(O)CC[C@H]2[C@@H]3CCC4=CC(=O)CC[C@@H]4[C@H]3C(=C)C[C@@]21CC,CC(C)O,293.15,-0.9316133288878612,0.025932556649795598,2,0.0260513294398481
C#C[C@]1(O)CC[C@H]2[C@@H]3CCC4=CC(=O)CC[C@@H]4[C@H]3C(=C)C[C@@]21CC,CC(C)O,298.15,-0.8714446713105994,0.021596248947227774,2,0.0260513294398481
C#C[C@]1(O)CC[C@H]2[C@@H]3CCC4=CC(=O)CC[C@@H]4[C@H]3C(=C)C[C@@]21CC,CC(C)O,303.15,-0.8123323392535808,0.015945136756554873,2,0.0260513294398481
C#C[C@]1(O)CC[C@H]2[C@@H]3CCC4=CC(=O)CC[C@@H]4[C@H]3C(=C)C[C@@]21CC,CC(C)O,308.15,-0.7542399797157062,0.012,2,0.0260513294398481
C#C[C@]1(O)CC[C@H]2[C@@H]3CCC4=CC(=O)CC[C@@H]4[C@H]3C(=C)C[C@@]21CC,CC(C)O,313.15,-0.6971330802707929,0.012,2,0.0260513294398481
C#C[C@]1(O)CC[C@H]2[C@@H]3CCC4=CC(=O)CC[C@@H]4[C@H]3C(=C)C[C@@]21CC,CC(C)O,318.15,-0.6409788471273012,0.012,2,0.0260513294398481
C#C[C@]1(O)CC[C@H]2[C@@H]3CCC4=CC(=O)CC[C@@H]4[C@H]3C(=C)C[C@@]21CC,CC(C)O,323.15,-0.5857460931039018,0.018146340112950358,2,0.0260513294398481
C#C[C@]1(O)CC[C@H]2[C@@H]3CCC4=CC(=O)CC[C@@H]4[C@H]3C(=C)C[C@@]21CC,CCCO,273.15,-1.209442696264098,,1,0.0175544297894993
C#C[C@]1(O)CC[C@H]2[C@@H]3CCC4=CC(=O)CC[C@@H]4[C@H]3C(=C)C[C@@]21CC,CCCO,278.15,-1.1599360617194276,0.012,2,0.0175544297894993
C#C[C@]1(O)CC[C@H]2[C@@H]3CCC4=CC(=O)CC[C@@H]4[C@H]3C(=C)C[C@@]21CC,CCCO,283.15,-1.1001556538095052,0.012,2,0.0175544297894993
C#C[C@]1(O)CC[C@H]2[C@@H]3CCC4=CC(=O)CC[C@@H]4[C@H]3C(=C)C[C@@]21CC,CCCO,288.15,-1.0416962496082998,0.012,2,0.0175544297894993
C#C[C@]1(O)CC[C@H]2[C@@H]3CCC4=CC(=O)CC[C@@H]4[C@H]3C(=C)C[C@@]21CC,CCCO,293.15,-0.9845031107490654,0.012,2,0.0175544297894993
C#C[C@]1(O)CC[C@H]2[C@@H]3CCC4=CC(=O)CC[C@@H]4[C@H]3C(=C)C[C@@]21CC,CCCO,298.15,-0.928524739503155,0.013852541767315986,2,0.0175544297894993
C#C[C@]1(O)CC[C@H]2[C@@H]3CCC4=CC(=O)CC[C@@H]4[C@H]3C(=C)C[C@@]21CC,CCCO,303.15,-0.8737126328744927,0.016265949557096763,2,0.0175544297894993
C#C[C@]1(O)CC[C@H]2[C@@H]3CCC4=CC(=O)CC[C@@H]4[C@H]3C(=C)C[C@@]21CC,CCCO,308.15,-0.8200210592487334,0.01763894840802917,2,0.0175544297894993
C#C[C@]1(O)CC[C@H]2[C@@H]3CCC4=CC(=O)CC[C@@H]4[C@H]3C(=C)C[C@@]21CC,CCCO,313.15,-0.7674068551869129,0.018036737132909035,2,0.0175544297894993
C#C[C@]1(O)CC[C@H]2[C@@H]3CCC4=CC(=O)CC[C@@H]4[C@H]3C(=C)C[C@@]21CC,CCCO,318.15,-0.7158292402459022,0.017519932980521673,2,0.0175544297894993
C#C[C@]1(O)CC[C@H]2[C@@H]3CCC4=CC(=O)CC[C@@H]4[C@H]3C(=C)C[C@@]21CC,CCCO,323.15,-0.6652496479610139,0.01614494850232123,2,0.0175544297894993
C#C[C@]1(O)CC[C@H]2[C@@H]3CCC4=CC(=O)CC[C@@H]4[C@H]3C(=C)C[C@@]21CC,CN(C)C=O,273.15,0.035334127348316535,,1,0.0193376488779197
C#C[C@]1(O)CC[C@H]2[C@@H]3CCC4=CC(=O)CC[C@@H]4[C@H]3C(=C)C[C@@]21CC,CN(C)C=O,278.15,0.055505308620623924,0.012,2,0.0193376488779197
C#C[C@]1(O)CC[C@H]2[C@@H]3CCC4=CC(=O)CC[C@@H]4[C@H]3C(=C)C[C@@]21CC,CN(C)C=O,283.15,0.07643115878609882,0.012,2,0.0193376488779197
C#C[C@]1(O)CC[C@H]2[C@@H]3CCC4=CC(=O)CC[C@@H]4[C@H]3C(=C)C[C@@]21CC,CN(C)C=O,288.15,0.09676581799165054,0.012,2,0.0193376488779197
C#C[C@]1(O)CC[C@H]2[C@@H]3CCC4=CC(=O)CC[C@@H]4[C@H]3C(=C)C[C@@]21CC,CN(C)C=O,293.15,0.11653723330162338,0.012,2,0.0193376488779197
C#C[C@]1(O)CC[C@H]2[C@@H]3CCC4=CC(=O)CC[C@@H]4[C@H]3C(=C)C[C@@]21CC,CN(C)C=O,298.15,0.13577155434317764,0.01343226323768997,2,0.0193376488779197
C#C[C@]1(O)CC[C@H]2[C@@H]3CCC4=CC(=O)CC[C@@H]4[C@H]3C(=C)C[C@@]21CC,CN(C)C=O,303.15,0.15449327771265037,0.01565036126076023,2,0.0193376488779197
C#C[C@]1(O)CC[C@H]2[C@@H]3CCC4=CC(=O)CC[C@@H]4[C@H]3C(=C)C[C@@]21CC,CN(C)C=O,308.15,0.17272537757144815,0.017622159199115854,2,0.0193376488779197
C#C[C@]1(O)CC[C@H]2[C@@H]3CCC4=CC(=O)CC[C@@H]4[C@H]3C(=C)C[C@@]21CC,CN(C)C=O,313.15,0.19048942395518867,0.01936223847782344,2,0.0193376488779197
C#C[C@]1(O)CC[C@H]2[C@@H]3CCC4=CC(=O)CC[C@@H]4[C@H]3C(=C)C[C@@]21CC,CN(C)C=O,318.15,0.2078056901301393,0.02088417638014916,2,0.0193376488779197
C#C[C@]1(O)CC[C@H]2[C@@H]3CCC4=CC(=O)CC[C@@H]4[C@H]3C(=C)C[C@@]21CC,CN(C)C=O,323.15,0.22469325016749717,0.022200627793859617,2,0.0193376488779197
C#C[C@]1(O)CC[C@H]2[C@@H]3CCC4=CC(=O)CC[C@@H]4[C@H]3C(=C)C[C@@]21CC,O,273.15,-3.1156808918233097,,1,0.0164950483672183
C#C[C@]1(O)CC[C@H]2[C@@H]3CCC4=CC(=O)CC[C@@H]4[C@H]3C(=C)C[C@@]21CC,O,278.15,-3.0649268491820667,0.03154735888285085,2,0.0164950483672183
C#C[C@]1(O)CC[C@H]2[C@@H]3CCC4=CC(=O)CC[C@@H]4[C@H]3C(=C)C[C@@]21CC,O,283.15,-2.986891018542424,0.022243295442653317,2,0.0164950483672183
C#C[C@]1(O)CC[C@H]2[C@@H]3CCC4=CC(=O)CC[C@@H]4[C@H]3C(=C)C[C@@]21CC,O,288.15,-2.911239805398327,0.014136618295212875,2,0.0164950483672183
C#C[C@]1(O)CC[C@H]2[C@@H]3CCC4=CC(=O)CC[C@@H]4[C@H]3C(=C)C[C@@]21CC,O,293.15,-2.8378567118772375,0.012,2,0.0164950483672183
C#C[C@]1(O)CC[C@H]2[C@@H]3CCC4=CC(=O)CC[C@@H]4[C@H]3C(=C)C[C@@]21CC,O,298.15,-2.7666328696847624,0.012,2,0.0164950483672183
C#C[C@]1(O)CC[C@H]2[C@@H]3CCC4=CC(=O)CC[C@@H]4[C@H]3C(=C)C[C@@]21CC,O,303.15,-2.697466420075447,0.012,2,0.0164950483672183
C#C[C@]1(O)CC[C@H]2[C@@H]3CCC4=CC(=O)CC[C@@H]4[C@H]3C(=C)C[C@@]21CC,O,308.15,-2.630261953591795,0.012,2,0.0164950483672183
C#C[C@]1(O)CC[C@H]2[C@@H]3CCC4=CC(=O)CC[C@@H]4[C@H]3C(=C)C[C@@]21CC,O,313.15,-2.5649300029388806,0.012,2,0.0164950483672183
C#C[C@]1(O)CC[C@H]2[C@@H]3CCC4=CC(=O)CC[C@@H]4[C@H]3C(=C)C[C@@]21CC,O,318.15,-2.501386583191352,0.01325791362672891,2,0.0164950483672183
C#C[C@]1(O)CC[C@H]2[C@@H]3CCC4=CC(=O)CC[C@@H]4[C@H]3C(=C)C[C@@]21CC,O,323.15,-2.439552774243959,0.014833390731585983,2,0.0164950483672183
C=C(C)[C@@H]1CC[C@]2(CO)CC[C@]3(C)[C@H](CC[C@@H]4[C@@]5(C)CC[C@H](O)C(C)(C)[C@@H]5CC[C@]43C)[C@@H]12,CC(C)=O,278.2,-2.072144723754498,0.06694874662595643,2,0.0478881153934501
C=C(C)[C@@H]1CC[C@]2(CO)CC[C@]3(C)[C@H](CC[C@@H]4[C@@]5(C)CC[C@H](O)C(C)(C)[C@@H]5CC[C@]43C)[C@@H]12,CC(C)=O,288.2,-1.8719171855316987,0.039553965383085,2,0.0478881153934501
C=C(C)[C@@H]1CC[C@]2(CO)CC[C@]3(C)[C@H](CC[C@@H]4[C@@]5(C)CC[C@H](O)C(C)(C)[C@@H]5CC[C@]43C)[C@@H]12,CC(C)=O,298.2,-1.696871698054082,0.012,2,0.0478881153934501
C=C(C)[C@@H]1CC[C@]2(CO)CC[C@]3(C)[C@H](CC[C@@H]4[C@@]5(C)CC[C@H](O)C(C)(C)[C@@H]5CC[C@]43C)[C@@H]12,CC(C)=O,308.2,-1.5441755678970557,0.04980698023190113,2,0.0478881153934501
C=C(C)[C@@H]1CC[C@]2(CO)CC[C@]3(C)[C@H](CC[C@@H]4[C@@]5(C)CC[C@H](O)C(C)(C)[C@@H]5CC[C@]43C)[C@@H]12,CC(C)=O,318.2,-1.4882771563421358,,1,0.0478881153934501
C=C(C)[C@@H]1CC[C@]2(CO)CC[C@]3(C)[C@H](CC[C@@H]4[C@@]5(C)CC[C@H](O)C(C)(C)[C@@H]5CC[C@]43C)[C@@H]12,CCCCCO,278.2,-2.048968081280755,,1,0.169028158229588
C=C(C)[C@@H]1CC[C@]2(CO)CC[C@]3(C)[C@H](CC[C@@H]4[C@@]5(C)CC[C@H](O)C(C)(C)[C@@H]5CC[C@]43C)[C@@H]12,CCCCCO,288.2,-1.9553561572674099,,1,0.169028158229588
C=C(C)[C@@H]1CC[C@]2(CO)CC[C@]3(C)[C@H](CC[C@@H]4[C@@]5(C)CC[C@H](O)C(C)(C)[C@@H]5CC[C@]43C)[C@@H]12,CCCCCO,293.2,-1.998571797955215,0.11998097519913563,2,0.169028158229588
C=C(C)[C@@H]1CC[C@]2(CO)CC[C@]3(C)[C@H](CC[C@@H]4[C@@]5(C)CC[C@H](O)C(C)(C)[C@@H]5CC[C@]43C)[C@@H]12,CCCCCO,298.2,-1.9619758389947286,0.12259206551068227,2,0.169028158229588
C=C(C)[C@@H]1CC[C@]2(CO)CC[C@]3(C)[C@H](CC[C@@H]4[C@@]5(C)CC[C@H](O)C(C)(C)[C@@H]5CC[C@]43C)[C@@H]12,CCCCCO,303.2,-1.9244582964578925,0.11966483620694537,2,0.169028158229588
C=C(C)[C@@H]1CC[C@]2(CO)CC[C@]3(C)[C@H](CC[C@@H]4[C@@]5(C)CC[C@H](O)C(C)(C)[C@@H]5CC[C@]43C)[C@@H]12,CCCCCO,308.2,-1.8860985590474826,0.11155729603498596,2,0.169028158229588
C=C(C)[C@@H]1CC[C@]2(CO)CC[C@]3(C)[C@H](CC[C@@H]4[C@@]5(C)CC[C@H](O)C(C)(C)[C@@H]5CC[C@]43C)[C@@H]12,CCCCCO,313.2,-1.9166918216428002,,1,0.169028158229588
C=C(C)[C@@H]1CC[C@]2(CO)CC[C@]3(C)[C@H](CC[C@@H]4[C@@]5(C)CC[C@H](O)C(C)(C)[C@@H]5CC[C@]43C)[C@@H]12,CCCCCO,318.2,-1.8644910667198218,,1,0.169028158229588
C=C(C)[C@@H]1CC[C@]2(CO)CC[C@]3(C)[C@H](CC[C@@H]4[C@@]5(C)CC[C@H](O)C(C)(C)[C@@H]5CC[C@]43C)[C@@H]12,CCCCCO,323.2,-1.80864472263427,,1,0.169028158229588
C=C(C)[C@@H]1CC[C@]2(CO)CC[C@]3(C)[C@H](CC[C@@H]4[C@@]5(C)CC[C@H](O)C(C)(C)[C@@H]5CC[C@]43C)[C@@H]12,CCCCCO,328.2,-1.749399558156128,,1,0.169028158229588
C=C(C)[C@@H]1CC[C@]2(CO)CC[C@]3(C)[C@H](CC[C@@H]4[C@@]5(C)CC[C@H](O)C(C)(C)[C@@H]5CC[C@]43C)[C@@H]12,CCO,278.2,-1.9175978213714187,0.11812624171571824,2,0.1157508788788013
C=C(C)[C@@H]1CC[C@]2(CO)CC[C@]3(C)[C@H](CC[C@@H]4[C@@]5(C)CC[C@H](O)C(C)(C)[C@@H]5CC[C@]43C)[C@@H]12,CCO,288.2,-1.8554020855923579,0.10408002296229033,2,0.1157508788788013
C=C(C)[C@@H]1CC[C@]2(CO)CC[C@]3(C)[C@H](CC[C@@H]4[C@@]5(C)CC[C@H](O)C(C)(C)[C@@H]5CC[C@]43C)[C@@H]12,CCO,298.2,-1.7822715519146426,0.06993509826425869,2,0.1157508788788013
C=C(C)[C@@H]1CC[C@]2(CO)CC[C@]3(C)[C@H](CC[C@@H]4[C@@]5(C)CC[C@H](O)C(C)(C)[C@@H]5CC[C@]43C)[C@@H]12,CCO,308.2,-1.6997609370008557,0.01833082260903412,2,0.1157508788788013
C=C(C)[C@@H]1CC[C@]2(CO)CC[C@]3(C)[C@H](CC[C@@H]4[C@@]5(C)CC[C@H](O)C(C)(C)[C@@H]5CC[C@]43C)[C@@H]12,CCO,318.2,-1.643470864727055,,1,0.1157508788788013
C=C1CC[C@H](O)C/C1=C/C=C1\CCC[C@]2(C)[C@@H]([C@H](C)CCCC(C)C)CC[C@@H]12,O,273.2,-4.965905981331531,0.014922094846342828,2,0.0106585617434929
C=C1CC[C@H](O)C/C1=C/C=C1\CCC[C@]2(C)[C@@H]([C@H](C)CCCC(C)C)CC[C@@H]12,O,278.2,-4.790662044334837,0.012,2,0.0106585617434929
C=C1CC[C@H](O)C/C1=C/C=C1\CCC[C@]2(C)[C@@H]([C@H](C)CCCC(C)C)CC[C@@H]12,O,283.2,-4.631546938201382,0.012,2,0.0106585617434929
C=C1CC[C@H](O)C/C1=C/C=C1\CCC[C@]2(C)[C@@H]([C@H](C)CCCC(C)C)CC[C@@H]12,O,288.2,-4.487548720292182,0.012,2,0.0106585617434929
C=C1CC[C@H](O)C/C1=C/C=C1\CCC[C@]2(C)[C@@H]([C@H](C)CCCC(C)C)CC[C@@H]12,O,298.2,-4.241223157896826,0.012,2,0.0106585617434929
CC(=O)CCc1ccc(O)cc1,CC(C)=O,283.15,0.5436820630082977,,1,0.0047992553541985
CC(=O)CCc1ccc(O)cc1,CC(C)=O,288.15,0.6086777193671011,,1,0.0047992553541985
CC(=O)CCc1ccc(O)cc1,CC(C)=O,293.15,0.6759674001003937,0.012,2,0.0047992553541985
CC(=O)CCc1ccc(O)cc1,CC(C)=O,298.15,0.7407508222497441,0.012,2,0.0047992553541985
CC(=O)CCc1ccc(O)cc1,CC(C)=O,303.15,0.8078614767409533,0.012,2,0.0047992553541985
CC(=O)CCc1ccc(O)cc1,CC(C)=O,308.15,0.8771136367127994,0.012,2,0.0047992553541985
CC(=O)CCc1ccc(O)cc1,CC(C)=O,313.15,0.9483357508179111,0.012,2,0.0047992553541985
CC(=O)CCc1ccc(O)cc1,CC(C)=O,318.15,1.0346069962735953,,1,0.0047992553541985
CC(=O)CCc1ccc(O)cc1,CC(C)=O,323.15,1.116413362983252,,1,0.0047992553541985
CC(=O)CCc1ccc(O)cc1,CC(C)=O,328.15,1.2011195063781486,,1,0.0047992553541985
CC(=O)CCc1ccc(O)cc1,CC(C)=O,333.15,1.288513922873733,,1,0.0047992553541985
CC(=O)CCc1ccc(O)cc1,CCCCO,283.15,-0.08203422741920408,,1,0.1339981816937916
CC(=O)CCc1ccc(O)cc1,CCCCO,288.15,0.04504815639849724,,1,0.1339981816937916
CC(=O)CCc1ccc(O)cc1,CCCCO,293.15,0.27497482150011343,0.15170000799740935,2,0.1339981816937916
CC(=O)CCc1ccc(O)cc1,CCCCO,298.15,0.36847583419364116,0.11640438092081846,2,0.1339981816937916
CC(=O)CCc1ccc(O)cc1,CCCCO,303.15,0.463701434328884,0.08919117764734956,2,0.1339981816937916
CC(=O)CCc1ccc(O)cc1,CCCCO,308.15,0.5604896374067889,0.06955470237773007,2,0.1339981816937916
CC(=O)CCc1ccc(O)cc1,CCCCO,313.15,0.6586912967114371,0.05702514210036507,2,0.1339981816937916
CC(=O)CCc1ccc(O)cc1,CCCCO,318.15,0.7943485040778171,,1,0.1339981816937916
CC(=O)CCc1ccc(O)cc1,CCCCO,323.15,0.8952609304730288,,1,0.1339981816937916
CC(=O)CCc1ccc(O)cc1,CCCCO,328.15,1.0013665071835476,,1,0.1339981816937916
CC(=O)CCc1ccc(O)cc1,CCCCO,333.15,1.1123073107784478,,1,0.1339981816937916
CC(=O)CCc1ccc(O)cc1,CCCO,283.15,0.13928403908880682,,1,0.010363725227419
CC(=O)CCc1ccc(O)cc1,CCCO,288.15,0.24482702358903907,,1,0.010363725227419
CC(=O)CCc1ccc(O)cc1,CCCO,293.15,0.3529589728826963,0.012,2,0.010363725227419
CC(=O)CCc1ccc(O)cc1,CCCO,298.15,0.4571244690641052,0.012,2,0.010363725227419
CC(=O)CCc1ccc(O)cc1,CCCO,303.15,0.5633860700664499,0.012,2,0.010363725227419
CC(=O)CCc1ccc(O)cc1,CCCO,308.15,0.671551969474919,0.012,2,0.010363725227419
CC(=O)CCc1ccc(O)cc1,CCCO,313.15,0.7814454781644784,0.018772007546223938,2,0.010363725227419
CC(=O)CCc1ccc(O)cc1,CCCO,318.15,0.9140910356875054,,1,0.010363725227419
CC(=O)CCc1ccc(O)cc1,CCCO,323.15,1.0367321915038872,,1,0.010363725227419
CC(=O)CCc1ccc(O)cc1,CCCO,328.15,1.1623872023412503,,1,0.010363725227419
CC(=O)CCc1ccc(O)cc1,CCCO,333.15,1.290819038376128,,1,0.010363725227419
CC(=O)CCc1ccc(O)cc1,CCO,283.15,0.33814090681816467,,1,0.0148481928327428
CC(=O)CCc1ccc(O)cc1,CCO,288.15,0.45380684857472176,,1,0.0148481928327428
CC(=O)CCc1ccc(O)cc1,CCO,293.15,0.5703254681525376,0.012,2,0.0148481928327428
CC(=O)CCc1ccc(O)cc1,CCO,298.15,0.6663190846514357,0.012,2,0.0148481928327428
CC(=O)CCc1ccc(O)cc1,CCO,303.15,0.7622941082556647,0.013402292407818518,2,0.0148481928327428
CC(=O)CCc1ccc(O)cc1,CCO,308.15,0.8582003612128712,0.015163032336529565,2,0.0148481928327428
CC(=O)CCc1ccc(O)cc1,CCO,313.15,0.9539925019563107,0.012,2,0.0148481928327428
CC(=O)CCc1ccc(O)cc1,CCO,318.15,1.0479474735245446,,1,0.0148481928327428
CC(=O)CCc1ccc(O)cc1,CCO,323.15,1.1532021354360609,,1,0.0148481928327428
CC(=O)CCc1ccc(O)cc1,CCO,328.15,1.261468229060597,,1,0.0148481928327428
CC(=O)CCc1ccc(O)cc1,CCO,333.15,1.372516822555724,,1,0.0148481928327428
CC(=O)CCc1ccc(O)cc1,CCOC(C)=O,283.15,0.07797062685368417,,1,0.0606965812525589
CC(=O)CCc1ccc(O)cc1,CCOC(C)=O,288.15,0.191909125886923,,1,0.0606965812525589
CC(=O)CCc1ccc(O)cc1,CCOC(C)=O,293.15,0.2717335997947927,0.038972460072766286,2,0.0606965812525589
CC(=O)CCc1ccc(O)cc1,CCOC(C)=O,298.15,0.3669621734838806,0.047417976468913305,2,0.0606965812525589
CC(=O)CCc1ccc(O)cc1,CCOC(C)=O,303.15,0.4617843729071467,0.048188694037717916,2,0.0606965812525589
CC(=O)CCc1ccc(O)cc1,CCOC(C)=O,308.15,0.5561755987594701,0.04177822432760099,2,0.0606965812525589
CC(=O)CCc1ccc(O)cc1,CCOC(C)=O,313.15,0.6501142402452551,0.02864482011369107,2,0.0606965812525589
CC(=O)CCc1ccc(O)cc1,CCOC(C)=O,318.15,0.7370658549079394,,1,0.0606965812525589
CC(=O)CCc1ccc(O)cc1,CCOC(C)=O,323.15,0.8479570059263324,,1,0.0606965812525589
CC(=O)CCc1ccc(O)cc1,CCOC(C)=O,328.15,0.9622576214983098,,1,0.0606965812525589
CC(=O)CCc1ccc(O)cc1,CCOC(C)=O,333.15,1.0797122960993875,,1,0.0606965812525589
CC(=O)N1CCN(c2ccc(OC[C@@H]3CO[C@@](Cn4ccnc4)(c4ccc(Cl)cc4Cl)O3)cc2)CC1,CC(C)O,293.2,-1.9972645894786751,0.012,2,0.045758732188222
CC(=O)N1CCN(c2ccc(OC[C@@H]3CO[C@@](Cn4ccnc4)(c4ccc(Cl)cc4Cl)O3)cc2)CC1,CC(C)O,298.2,-1.8920664461238914,0.01843279803604968,2,0.045758732188222
CC(=O)N1CCN(c2ccc(OC[C@@H]3CO[C@@](Cn4ccnc4)(c4ccc(Cl)cc4Cl)O3)cc2)CC1,CC(C)O,303.2,-1.7676228563072698,0.03303545118844608,2,0.045758732188222
CC(=O)N1CCN(c2ccc(OC[C@@H]3CO[C@@](Cn4ccnc4)(c4ccc(Cl)cc4Cl)O3)cc2)CC1,CC(C)O,308.2,-1.6252390351216093,0.04671251569854368,2,0.045758732188222
CC(=O)N1CCN(c2ccc(OC[C@@H]3CO[C@@](Cn4ccnc4)(c4ccc(Cl)cc4Cl)O3)cc2)CC1,CC(C)O,313.2,-1.4661250819317786,0.0595155335536622,2,0.045758732188222
CC(=O)N1CCN(c2ccc(OC[C@@H]3CO[C@@](Cn4ccnc4)(c4ccc(Cl)cc4Cl)O3)cc2)CC1,CC(O)CO,293.2,-1.6736762885413654,0.03120436575876246,2,0.0321433911232458
CC(=O)N1CCN(c2ccc(OC[C@@H]3CO[C@@](Cn4ccnc4)(c4ccc(Cl)cc4Cl)O3)cc2)CC1,CC(O)CO,298.2,-1.555597560013652,0.02991009592823823,2,0.0321433911232458
CC(=O)N1CCN(c2ccc(OC[C@@H]3CO[C@@](Cn4ccnc4)(c4ccc(Cl)cc4Cl)O3)cc2)CC1,CC(O)CO,303.2,-1.4280206935794624,0.016602438494566336,2,0.0321433911232458
CC(=O)N1CCN(c2ccc(OC[C@@H]3CO[C@@](Cn4ccnc4)(c4ccc(Cl)cc4Cl)O3)cc2)CC1,CC(O)CO,308.2,-1.2916252511011521,0.012,2,0.0321433911232458
CC(=O)N1CCN(c2ccc(OC[C@@H]3CO[C@@](Cn4ccnc4)(c4ccc(Cl)cc4Cl)O3)cc2)CC1,CC(O)CO,313.2,-1.1470404610058793,0.04298793551978803,2,0.0321433911232458
CC(=O)N1CCN(c2ccc(OC[C@@H]3CO[C@@](Cn4ccnc4)(c4ccc(Cl)cc4Cl)O3)cc2)CC1,CCO,293.2,-1.3585851821121508,0.046925741442733225,2,0.0862812779497706
CC(=O)N1CCN(c2ccc(OC[C@@H]3CO[C@@](Cn4ccnc4)(c4ccc(Cl)cc4Cl)O3)cc2)CC1,CCO,298.2,-1.2569910208501227,0.05644986855953148,2,0.0862812779497706
CC(=O)N1CCN(c2ccc(OC[C@@H]3CO[C@@](Cn4ccnc4)(c4ccc(Cl)cc4Cl)O3)cc2)CC1,CCO,303.2,-1.164548894209645,0.06303234950972765,2,0.0862812779497706
CC(=O)N1CCN(c2ccc(OC[C@@H]3CO[C@@](Cn4ccnc4)(c4ccc(Cl)cc4Cl)O3)cc2)CC1,CCO,308.2,-1.0807192509585235,0.06685898417319283,2,0.0862812779497706
CC(=O)N1CCN(c2ccc(OC[C@@H]3CO[C@@](Cn4ccnc4)(c4ccc(Cl)cc4Cl)O3)cc2)CC1,CCO,313.2,-1.0049999996206367,0.0681023464936137,2,0.0862812779497706
CC(=O)N1CCN(c2ccc(OC[C@@H]3CO[C@@](Cn4ccnc4)(c4ccc(Cl)cc4Cl)O3)cc2)CC1,CN1CCCC1=O,293.2,-0.6707884516153371,0.035235797316498514,2,0.0279313457425242
CC(=O)N1CCN(c2ccc(OC[C@@H]3CO[C@@](Cn4ccnc4)(c4ccc(Cl)cc4Cl)O3)cc2)CC1,CN1CCCC1=O,298.2,-0.5997610143378864,0.012415587864807674,2,0.0279313457425242
CC(=O)N1CCN(c2ccc(OC[C@@H]3CO[C@@](Cn4ccnc4)(c4ccc(Cl)cc4Cl)O3)cc2)CC1,CN1CCCC1=O,303.2,-0.5356316364901836,0.012,2,0.0279313457425242
CC(=O)N1CCN(c2ccc(OC[C@@H]3CO[C@@](Cn4ccnc4)(c4ccc(Cl)cc4Cl)O3)cc2)CC1,CN1CCCC1=O,308.2,-0.47799068048917803,0.023911982686774427,2,0.0279313457425242
CC(=O)N1CCN(c2ccc(OC[C@@H]3CO[C@@](Cn4ccnc4)(c4ccc(Cl)cc4Cl)O3)cc2)CC1,CN1CCCC1=O,313.2,-0.42645702714867895,0.03779258692255271,2,0.0279313457425242
CC(=O)N1CCN(c2ccc(OC[C@@H]3CO[C@@](Cn4ccnc4)(c4ccc(Cl)cc4Cl)O3)cc2)CC1,O,293.2,-4.673724853204575,,1,0.0417664260753749
CC(=O)N1CCN(c2ccc(OC[C@@H]3CO[C@@](Cn4ccnc4)(c4ccc(Cl)cc4Cl)O3)cc2)CC1,O,298.2,-4.63983567808063,0.012,2,0.0417664260753749
CC(=O)N1CCN(c2ccc(OC[C@@H]3CO[C@@](Cn4ccnc4)(c4ccc(Cl)cc4Cl)O3)cc2)CC1,O,303.2,-4.600233784254101,0.012,2,0.0417664260753749
CC(=O)N1CCN(c2ccc(OC[C@@H]3CO[C@@](Cn4ccnc4)(c4ccc(Cl)cc4Cl)O3)cc2)CC1,O,308.2,-4.550069000384681,0.03754501042326539,2,0.0417664260753749
CC(=O)N1CCN(c2ccc(OC[C@@H]3CO[C@@](Cn4ccnc4)(c4ccc(Cl)cc4Cl)O3)cc2)CC1,O,313.2,-4.4900363703696655,0.08952968713081337,2,0.0417664260753749
CC(=O)N1CCN(c2ccc(OC[C@@H]3CO[C@@](Cn4ccnc4)(c4ccc(Cl)cc4Cl)O3)cc2)CC1,O,318.2,-4.307395316234533,,1,0.0417664260753749
CC(=O)NCC(=O)O,CC(C)O,278.15,-1.6141661734675363,,1,0.0677084070782752
CC(=O)NCC(=O)O,CC(C)O,282.15,-1.5413430344652514,,1,0.0677084070782752
CC(=O)NCC(=O)O,CC(C)O,283.15,-1.543783008723187,0.02870965717229264,2,0.0677084070782752
CC(=O)NCC(=O)O,CC(C)O,286.15,-1.494318546573023,0.03339600417561337,2,0.0677084070782752
CC(=O)NCC(=O)O,CC(C)O,288.15,-1.4618167844637284,0.03626371847348478,2,0.0677084070782752
CC(=O)NCC(=O)O,CC(C)O,290.15,-1.4296861289146352,0.03893247231510016,2,0.0677084070782752
CC(=O)NCC(=O)O,CC(C)O,293.15,-1.382170501731522,0.042573835389663306,2,0.0677084070782752
CC(=O)NCC(=O)O,CC(C)O,297.15,-1.3200505290151434,0.04677965843707612,2,0.0677084070782752
CC(=O)NCC(=O)O,CC(C)O,298.15,-1.304735428866325,0.047719132323885874,2,0.0677084070782752
CC(=O)NCC(=O)O,CC(C)O,302.15,-1.2443107996156675,0.05104617726642826,2,0.0677084070782752
CC(=O)NCC(=O)O,CC(C)O,303.15,-1.2294097442197183,0.05177296780664762,2,0.0677084070782752
CC(=O)NCC(=O)O,CC(C)O,307.15,-1.170603606434299,0.054276103939281575,2,0.0677084070782752
CC(=O)NCC(=O)O,CC(C)O,308.15,-1.1560979883767448,0.05480342884665261,2,0.0677084070782752
CC(=O)NCC(=O)O,CC(C)O,311.15,-1.1130401196319855,0.056156990679306615,2,0.0677084070782752
CC(=O)NCC(=O)O,CC(C)O,313.15,-1.0847105680357827,0.056873776225135536,2,0.0677084070782752
CC(=O)NCC(=O)O,CC(C)O,315.15,-1.0566753857303954,0.05744640283482446,2,0.0677084070782752
CC(=O)NCC(=O)O,CC(C)O,318.15,-1.0151633059280436,0.058042846263879184,2,0.0677084070782752
CC(=O)NCC(=O)O,CC(C)O,319.15,-1.0014676217006353,0.05817339485560418,2,0.0677084070782752
CC(=O)NCC(=O)O,CC(C)O,323.15,-0.9886476118031986,,1,0.0677084070782752
CC(=O)NCC(=O)O,CC(C)O,328.15,-0.9222134048512309,,1,0.0677084070782752
CC(=O)NCC(=O)O,CC(C)O,333.15,-0.8568665989880131,,1,0.0677084070782752
CC(=O)NCC(=O)O,CCCCO,278.15,-1.7945864903525504,,1,0.0454756665699485
CC(=O)NCC(=O)O,CCCCO,282.15,-1.72364806144153,,1,0.0454756665699485
CC(=O)NCC(=O)O,CCCCO,283.15,-1.696418206005971,0.014019653686772106,2,0.0454756665699485
CC(=O)NCC(=O)O,CCCCO,286.15,-1.6546922288156836,0.012,2,0.0454756665699485
CC(=O)NCC(=O)O,CCCCO,288.15,-1.6269793555420922,0.012,2,0.0454756665699485
CC(=O)NCC(=O)O,CCCCO,290.15,-1.5993504571994048,0.013803636532954544,2,0.0454756665699485
CC(=O)NCC(=O)O,CCCCO,293.15,-1.558065243857417,0.022922511043374682,2,0.0454756665699485
CC(=O)NCC(=O)O,CCCCO,297.15,-1.5033148541482007,0.032621187671911966,2,0.0454756665699485
CC(=O)NCC(=O)O,CCCCO,298.15,-1.4896803978555688,0.03462187590298526,2,0.0454756665699485
CC(=O)NCC(=O)O,CCCCO,302.15,-1.4353557882904937,0.040994394039311266,2,0.0454756665699485
CC(=O)NCC(=O)O,CCCCO,303.15,-1.4218280254603801,0.04219051000496788,2,0.0454756665699485
CC(=O)NCC(=O)O,CCCCO,307.15,-1.3679309186347588,0.04544788928535117,2,0.0454756665699485
CC(=O)NCC(=O)O,CCCCO,308.15,-1.3545101722998538,0.04589025561626,2,0.0454756665699485
CC(=O)NCC(=O)O,CCCCO,311.15,-1.314376493535196,0.046354927354907455,2,0.0454756665699485
CC(=O)NCC(=O)O,CCCCO,313.15,-1.287727860206349,0.045964291075661606,2,0.0454756665699485
CC(=O)NCC(=O)O,CCCCO,315.15,-1.2611649416047808,0.045029888403003766,2,0.0454756665699485
CC(=O)NCC(=O)O,CCCCO,318.15,-1.2214812097827732,0.04263868891233165,2,0.0454756665699485
CC(=O)NCC(=O)O,CCCCO,319.15,-1.2082961127860266,0.04158438643634984,2,0.0454756665699485
CC(=O)NCC(=O)O,CCCCO,323.15,-1.181312949647591,,1,0.0454756665699485
CC(=O)NCC(=O)O,CCCCO,328.15,-1.1094116129953449,,1,0.0454756665699485
CC(=O)NCC(=O)O,CCCCO,333.15,-1.0360545015301739,,1,0.0454756665699485
CC(=O)NCC(=O)O,CCCO,278.15,-1.6711629752221757,,1,0.0449541755961631
CC(=O)NCC(=O)O,CCCO,282.15,-1.5997027349939419,,1,0.0449541755961631
CC(=O)NCC(=O)O,CCCO,283.15,-1.5896429802214178,0.012,2,0.0449541755961631
CC(=O)NCC(=O)O,CCCO,286.15,-1.542370980594928,0.016984044130259376,2,0.0449541755961631
CC(=O)NCC(=O)O,CCCO,288.15,-1.5111417989940468,0.020767006044878147,2,0.0449541755961631
CC(=O)NCC(=O)O,CCCO,290.15,-1.4801371777432786,0.024165189416917737,2,0.0449541755961631
CC(=O)NCC(=O)O,CCCO,293.15,-1.4340443110489707,0.02856318784821664,2,0.0449541755961631
CC(=O)NCC(=O)O,CCCO,297.15,-1.3733437967054518,0.03317291860596615,2,0.0449541755961631
CC(=O)NCC(=O)O,CCCO,298.15,-1.3583012660392062,0.034109175495407464,2,0.0449541755961631
CC(=O)NCC(=O)O,CCCO,302.15,-1.2986505614071977,0.037023048413980006,2,0.0449541755961631
CC(=O)NCC(=O)O,CCCO,303.15,-1.2838659578311704,0.03754911346051107,2,0.0449541755961631
CC(=O)NCC(=O)O,CCCO,307.15,-1.225229413704314,0.038874897912540694,2,0.0449541755961631
CC(=O)NCC(=O)O,CCCO,308.15,-1.2106940524197058,0.03901672605436637,2,0.0449541755961631
CC(=O)NCC(=O)O,CCCO,311.15,-1.1673797330408522,0.03900261157794285,2,0.0449541755961631
CC(=O)NCC(=O)O,CCCO,313.15,-1.1387434301362167,0.038636200315461056,2,0.0449541755961631
CC(=O)NCC(=O)O,CCCO,315.15,-1.1102961028249034,0.03799264805154724,2,0.0449541755961631
CC(=O)NCC(=O)O,CCCO,318.15,-1.0679740407499319,0.03652298244131897,2,0.0449541755961631
CC(=O)NCC(=O)O,CCCO,319.15,-1.0539585241234464,0.03590200282896586,2,0.0449541755961631
CC(=O)NCC(=O)O,CCCO,323.15,-1.0215299106294253,,1,0.0449541755961631
CC(=O)NCC(=O)O,CCCO,328.15,-0.949288462256618,,1,0.0449541755961631
CC(=O)NCC(=O)O,CCCO,333.15,-0.8771066992518115,,1,0.0449541755961631
CC(=O)NCC(=O)O,CCO,278.15,-1.4028308513312702,,1,0.0066657129577423
CC(=O)NCC(=O)O,CCO,282.15,-1.334339739583692,,1,0.0066657129577423
CC(=O)NCC(=O)O,CCO,283.15,-1.3190269271043462,0.012,2,0.0066657129577423
CC(=O)NCC(=O)O,CCO,286.15,-1.2663595428073382,0.012,2,0.0066657129577423
CC(=O)NCC(=O)O,CCO,288.15,-1.2320388173889976,0.012,2,0.0066657129577423
CC(=O)NCC(=O)O,CCO,290.15,-1.1983343502471744,0.012,2,0.0066657129577423
CC(=O)NCC(=O)O,CCO,293.15,-1.148903410287951,0.012,2,0.0066657129577423
CC(=O)NCC(=O)O,CCO,297.15,-1.085028309167643,0.012,2,0.0066657129577423
CC(=O)NCC(=O)O,CCO,298.15,-1.069412026634156,0.012,2,0.0066657129577423
CC(=O)NCC(=O)O,CCO,302.15,-1.0083115167884804,0.012,2,0.0066657129577423
CC(=O)NCC(=O)O,CCO,303.15,-0.9933702445327803,0.012,2,0.0066657129577423
CC(=O)NCC(=O)O,CCO,307.15,-0.9348982564043666,0.012,2,0.0066657129577423
CC(=O)NCC(=O)O,CCO,308.15,-0.920596718827543,0.012,2,0.0066657129577423
CC(=O)NCC(=O)O,CCO,311.15,-0.8784304532755867,0.012,2,0.0066657129577423
CC(=O)NCC(=O)O,CCO,313.15,-0.8509221151866511,0.012,2,0.0066657129577423
CC(=O)NCC(=O)O,CCO,315.15,-0.8238841647954054,0.012,2,0.0066657129577423
CC(=O)NCC(=O)O,CCO,318.15,-0.7841881460792193,0.012,2,0.0066657129577423
CC(=O)NCC(=O)O,CCO,319.15,-0.7711810244951351,0.012,2,0.0066657129577423
CC(=O)NCC(=O)O,CCO,323.15,-0.7335844616478653,,1,0.0066657129577423
CC(=O)NCC(=O)O,CCO,328.15,-0.679489605354739,,1,0.0066657129577423
CC(=O)NCC(=O)O,CCO,333.15,-0.6289323154966908,,1,0.0066657129577423
CC(=O)NCC(=O)O,CO,278.15,-1.0146442382998346,,1,0.0614996188760694
CC(=O)NCC(=O)O,CO,282.15,-0.9416282663025539,,1,0.0614996188760694
CC(=O)NCC(=O)O,CO,283.15,-0.9407087223313528,0.02410621820937326,2,0.0614996188760694
CC(=O)NCC(=O)O,CO,286.15,-0.8896585480478394,0.02717651407944227,2,0.0614996188760694
CC(=O)NCC(=O)O,CO,288.15,-0.8561960738644199,0.029251926215474757,2,0.0614996188760694
CC(=O)NCC(=O)O,CO,290.15,-0.8231794859356809,0.03134921352835139,2,0.0614996188760694
CC(=O)NCC(=O)O,CO,293.15,-0.7744709072520444,0.034534428863149086,2,0.0614996188760694
CC(=O)NCC(=O)O,CO,297.15,-0.7110042842476374,0.038850744794250325,2,0.0614996188760694
CC(=O)NCC(=O)O,CO,298.15,-0.6953945841704896,0.03994160573159875,2,0.0614996188760694
CC(=O)NCC(=O)O,CO,302.15,-0.6339533526647341,0.04434959083169269,2,0.0614996188760694
CC(=O)NCC(=O)O,CO,303.15,-0.6188375600068228,0.0454623088506174,2,0.0614996188760694
CC(=O)NCC(=O)O,CO,307.15,-0.5593241353034237,0.049953685929098504,2,0.0614996188760694
CC(=O)NCC(=O)O,CO,308.15,-0.5446786486632671,0.051086275392374966,2,0.0614996188760694
CC(=O)NCC(=O)O,CO,311.15,-0.5012868815205844,0.054506256629090526,2,0.0614996188760694
CC(=O)NCC(=O)O,CO,313.15,-0.4728043576296084,0.056804049264888426,2,0.0614996188760694
CC(=O)NCC(=O)O,CO,315.15,-0.44467027555183125,0.05911544836736013,2,0.0614996188760694
CC(=O)NCC(=O)O,CO,318.15,-0.40310828560629797,0.06260691058565257,2,0.0614996188760694
CC(=O)NCC(=O)O,CO,319.15,-0.389421560662532,0.06377697401532462,2,0.0614996188760694
CC(=O)NCC(=O)O,CO,323.15,-0.3839180652040288,,1,0.0614996188760694
CC(=O)NCC(=O)O,CO,328.15,-0.3224918478622394,,1,0.0614996188760694
CC(=O)NCC(=O)O,CO,333.15,-0.2630063349265517,,1,0.0614996188760694
CC(=O)Nc1ccc(O)cc1,CC(C)O,273.5,-0.454772787759012,,1,0.0141529834187537
CC(=O)Nc1ccc(O)cc1,CC(C)O,289.99,-0.295125475559292,,1,0.0141529834187537
CC(=O)Nc1ccc(O)cc1,CC(C)O,293.65,-0.255832844797947,0.012,2,0.0141529834187537
CC(=O)Nc1ccc(O)cc1,CC(C)O,302.5,-0.18466724930924805,0.012,2,0.0141529834187537
CC(=O)Nc1ccc(O)cc1,CC(C)O,304.05,-0.16386681347492527,,1,0.0141529834187537
CC(=O)Nc1ccc(O)cc1,CC(C)O,313.05,-0.08340243159695149,,1,0.0141529834187537
CC(=O)Nc1ccc(O)cc1,CC(C)O,320.25,-0.01463543254881472,,1,0.0141529834187537
CC(=O)Nc1ccc(O)cc1,CC(C)O,325.35,0.03619349784636938,,1,0.0141529834187537
CC(=O)Nc1ccc(O)cc1,CC(C)O,330.25,0.08654432840098991,,1,0.0141529834187537
CC(=O)Nc1ccc(O)cc1,CC(C)O,336.15,0.1489867030786911,,1,0.0141529834187537
CC(=O)Nc1ccc(O)cc1,CC(C)O,343.45,0.22874748255769362,,1,0.0141529834187537
CC(=O)Nc1ccc(O)cc1,CC(C)O,348.15,0.2814341585255278,,1,0.0141529834187537
CC(=O)Nc1ccc(O)cc1,CC(C)O,353.05,0.33738070156914546,,1,0.0141529834187537
CC(=O)Nc1ccc(O)cc1,CC(C)O,356.15,0.373277177084276,,1,0.0141529834187537
CC(=O)Nc1ccc(O)cc1,CCO,284.49,-0.09378921614302271,,1,0.013118946995527
CC(=O)Nc1ccc(O)cc1,CCO,288.38,-0.07252848696273873,,1,0.013118946995527
CC(=O)Nc1ccc(O)cc1,CCO,293.15,-0.04090878314109858,0.012,2,0.013118946995527
CC(=O)Nc1ccc(O)cc1,CCO,293.54,-0.03721874611382958,0.012,2,0.013118946995527
CC(=O)Nc1ccc(O)cc1,CCO,295.15,-0.01599917870318753,0.012,3,0.013118946995527
CC(=O)Nc1ccc(O)cc1,CCO,295.69,-0.011392936078811053,0.012,3,0.013118946995527
CC(=O)Nc1ccc(O)cc1,CCO,298.15,0.009469015872404896,0.012,2,0.013118946995527
CC(=O)Nc1ccc(O)cc1,CCO,303.15,0.04797377396967306,0.012,2,0.013118946995527
CC(=O)Nc1ccc(O)cc1,CCO,305.35,0.06439570927411609,0.012,2,0.013118946995527
CC(=O)Nc1ccc(O)cc1,CCO,308.15,0.08485269197944945,0.012,2,0.013118946995527
CC(=O)Nc1ccc(O)cc1,CCO,313.15,0.12018965698000272,0.018515625650792334,2,0.013118946995527
CC(=O)Nc1ccc(O)cc1,CCO,314.15,0.1421493090018373,,1,0.013118946995527
CC(=O)Nc1ccc(O)cc1,CCO,322.15,0.21716982405170882,,1,0.013118946995527
CC(=O)Nc1ccc(O)cc1,CCO,332.95,0.32894174339652693,,1,0.013118946995527
CC(=O)Nc1ccc(O)cc1,CCO,341.25,0.42204757113763947,,1,0.013118946995527
CC(=O)Nc1ccc(O)cc1,CCO,350.05,0.5267547816948337,,1,0.013118946995527
CC(=O)Nc1ccc(O)cc1,CCO,360.15,0.6536131059696686,,1,0.013118946995527
CC(=O)Nc1ccc(O)cc1,O,293.15,-1.0649777174197166,0.012,3,0.0385799371643147
CC(=O)Nc1ccc(O)cc1,O,293.2,-1.0581721110279778,0.013247986858248057,4,0.0385799371643147
CC(=O)Nc1ccc(O)cc1,O,298.15,-0.9968643354809247,0.033429641315936426,6,0.0385799371643147
CC(=O)Nc1ccc(O)cc1,O,298.2,-0.9961108440328322,0.033443240198516785,6,0.0385799371643147
CC(=O)Nc1ccc(O)cc1,O,303.15,-0.9216350855138836,0.034033096053716023,6,0.0385799371643147
CC(=O)Nc1ccc(O)cc1,O,303.2,-0.9208840586248748,0.034027424794930206,6,0.0385799371643147
CC(=O)Nc1ccc(O)cc1,O,308.15,-0.8466643060916782,0.0321037466876874,6,0.0385799371643147
CC(=O)Nc1ccc(O)cc1,O,308.2,-0.8459159818059246,0.03207203932961085,6,0.0385799371643147
CC(=O)Nc1ccc(O)cc1,O,310.15,-0.8167534875992987,0.03071704146675145,6,0.0385799371643147
CC(=O)Nc1ccc(O)cc1,O,313.15,-0.7719744725481638,0.028585129409521955,6,0.0385799371643147
CC(=O)Nc1ccc(O)cc1,O,313.2,-0.7834590293722575,0.030408278931658456,3,0.0385799371643147
CC(=O)Nc1ccc(O)cc1,O,318.15,-0.7235610135533204,0.025088007884769666,2,0.0385799371643147
CC(=O)Nc1ccc(O)cc1,O,323.15,-0.6651440288966342,,1,0.0385799371643147
CC(=O)Nc1ccc(O)cc1,O,328.15,-0.5898768704926312,,1,0.0385799371643147
CC(=O)Nc1ccc(O)cc1,O,333.15,-0.5154808586167619,,1,0.0385799371643147
CC(=O)Nc1ccc(OC(=O)c2ccccc2OC(C)=O)cc1,CCO,278.15,-2.4115615592847615,0.11916494957669237,3,0.1878055040993799
CC(=O)Nc1ccc(OC(=O)c2ccccc2OC(C)=O)cc1,CCO,283.15,-2.2968929716076154,0.13059470909529947,3,0.1878055040993799
CC(=O)Nc1ccc(OC(=O)c2ccccc2OC(C)=O)cc1,CCO,288.15,-2.186632308980194,0.141445692143962,3,0.1878055040993799
CC(=O)Nc1ccc(OC(=O)c2ccccc2OC(C)=O)cc1,CCO,293.15,-2.0805467167538807,0.15167537892359995,3,0.1878055040993799
CC(=O)Nc1ccc(OC(=O)c2ccccc2OC(C)=O)cc1,CCO,298.15,-1.978419205408456,0.16127868340974108,3,0.1878055040993799
CC(=O)Nc1ccc(OC(=O)c2ccccc2OC(C)=O)cc1,CCO,303.15,-1.8800473300627456,0.17027147564491524,3,0.1878055040993799
CC(=O)Nc1ccc(OC(=O)c2ccccc2OC(C)=O)cc1,CCO,308.15,-1.785241999329405,0.1786814067673307,3,0.1878055040993799
CC(=O)Nc1ccc(OC(=O)c2ccccc2OC(C)=O)cc1,CCO,313.15,-1.6938263989944942,0.18654262509731193,3,0.1878055040993799
CC(=O)Nc1ccc(OC(=O)c2ccccc2OC(C)=O)cc1,CCO,318.15,-1.6056350178338386,0.19389264515757476,3,0.1878055040993799
CC(=O)Nc1ccc(OC(=O)c2ccccc2OC(C)=O)cc1,CN(C)C=O,278.15,-0.6332406815829442,0.012,2,0.0214770551172917
CC(=O)Nc1ccc(OC(=O)c2ccccc2OC(C)=O)cc1,CN(C)C=O,283.15,-0.6079124026717306,0.012,2,0.0214770551172917
CC(=O)Nc1ccc(OC(=O)c2ccccc2OC(C)=O)cc1,CN(C)C=O,288.15,-0.5827902831993825,0.013606409049571945,2,0.0214770551172917
CC(=O)Nc1ccc(OC(=O)c2ccccc2OC(C)=O)cc1,CN(C)C=O,293.15,-0.5578752514739544,0.016858041549102226,2,0.0214770551172917
CC(=O)Nc1ccc(OC(=O)c2ccccc2OC(C)=O)cc1,CN(C)C=O,298.15,-0.5331677885299656,0.019067107458848397,2,0.0214770551172917
CC(=O)Nc1ccc(OC(=O)c2ccccc2OC(C)=O)cc1,CN(C)C=O,303.15,-0.5086679840676681,0.020300591676472038,2,0.0214770551172917
CC(=O)Nc1ccc(OC(=O)c2ccccc2OC(C)=O)cc1,CN(C)C=O,308.15,-0.4843755857093549,0.02062063178000438,2,0.0214770551172917
CC(=O)Nc1ccc(OC(=O)c2ccccc2OC(C)=O)cc1,CN(C)C=O,313.15,-0.4460878529569541,,1,0.0214770551172917
CC(=O)Nc1ccc(OC(=O)c2ccccc2OC(C)=O)cc1,CN(C)C=O,318.15,-0.42315432808696674,,1,0.0214770551172917
CC(=O)Nc1ccc(OC(=O)c2ccccc2OC(C)=O)cc1,CN1CCCC1=O,278.15,-0.6316082554330245,0.01809629442147592,2,0.0358600263459921
CC(=O)Nc1ccc(OC(=O)c2ccccc2OC(C)=O)cc1,CN1CCCC1=O,283.15,-0.5757355306572118,0.018905967491142654,2,0.0358600263459921
CC(=O)Nc1ccc(OC(=O)c2ccccc2OC(C)=O)cc1,CN1CCCC1=O,288.15,-0.5218735083609176,0.020218410397428742,2,0.0358600263459921
CC(=O)Nc1ccc(OC(=O)c2ccccc2OC(C)=O)cc1,CN1CCCC1=O,293.15,-0.4699180813990651,0.021998841763541218,2,0.0358600263459921
CC(=O)Nc1ccc(OC(=O)c2ccccc2OC(C)=O)cc1,CN1CCCC1=O,298.15,-0.4197721671880532,0.02421511712603112,2,0.0358600263459921
CC(=O)Nc1ccc(OC(=O)c2ccccc2OC(C)=O)cc1,CN1CCCC1=O,303.15,-0.37134512637818284,0.026837496441896914,2,0.0358600263459921
CC(=O)Nc1ccc(OC(=O)c2ccccc2OC(C)=O)cc1,CN1CCCC1=O,308.15,-0.32455223825311874,0.029838435206042364,2,0.0358600263459921
CC(=O)Nc1ccc(OC(=O)c2ccccc2OC(C)=O)cc1,CN1CCCC1=O,313.15,-0.27931422650563764,0.03319239646227263,2,0.0358600263459921
CC(=O)Nc1ccc(OC(=O)c2ccccc2OC(C)=O)cc1,CN1CCCC1=O,318.15,-0.23555682983834014,0.036875681339929904,2,0.0358600263459921
CC(=O)Nc1ccc(OC(=O)c2ccccc2OC(C)=O)cc1,COC(C)=O,278.15,-1.8711787718661421,0.04273350808197178,2,0.0274057094368004
CC(=O)Nc1ccc(OC(=O)c2ccccc2OC(C)=O)cc1,COC(C)=O,283.15,-1.784356398955488,0.033731688091304404,2,0.0274057094368004
CC(=O)Nc1ccc(OC(=O)c2ccccc2OC(C)=O)cc1,COC(C)=O,288.15,-1.6992938431361173,0.02630189243458397,2,0.0274057094368004
CC(=O)Nc1ccc(OC(=O)c2ccccc2OC(C)=O)cc1,COC(C)=O,293.15,-1.6159224357223927,0.020342196765676456,2,0.0274057094368004
CC(=O)Nc1ccc(OC(=O)c2ccccc2OC(C)=O)cc1,COC(C)=O,298.15,-1.534177397210791,0.015758234623366823,2,0.0274057094368004
CC(=O)Nc1ccc(OC(=O)c2ccccc2OC(C)=O)cc1,COC(C)=O,303.15,-1.4539975520401835,0.012462538481262228,2,0.0274057094368004
CC(=O)Nc1ccc(OC(=O)c2ccccc2OC(C)=O)cc1,COC(C)=O,308.15,-1.375325068817511,0.012,2,0.0274057094368004
CC(=O)Nc1ccc(OC(=O)c2ccccc2OC(C)=O)cc1,COC(C)=O,313.15,-1.2981052233468766,0.012,2,0.0274057094368004
CC(=O)Nc1ccc(OC(=O)c2ccccc2OC(C)=O)cc1,COC(C)=O,318.15,-1.222286182117006,0.012,2,0.0274057094368004
CC(=O)Nc1ccc(OC(=O)c2ccccc2OC(C)=O)cc1,COC(C)=O,323.15,-1.1403072493257866,,1,0.0274057094368004
CC(=O)Oc1ccc(C(c2ccc(OC(C)=O)cc2)c2ccccn2)cc1,CC(C)O,278.15,-2.8207618362058504,,1,0.0177907229228248
CC(=O)Oc1ccc(C(c2ccc(OC(C)=O)cc2)c2ccccn2)cc1,CC(C)O,283.15,-2.672632891860405,,1,0.0177907229228248
CC(=O)Oc1ccc(C(c2ccc(OC(C)=O)cc2)c2ccccn2)cc1,CC(C)O,288.15,-2.5167221131378734,0.01772157799454928,2,0.0177907229228248
CC(=O)Oc1ccc(C(c2ccc(OC(C)=O)cc2)c2ccccn2)cc1,CC(C)O,293.15,-2.3801778542834984,0.014436939755034453,2,0.0177907229228248
CC(=O)Oc1ccc(C(c2ccc(OC(C)=O)cc2)c2ccccn2)cc1,CC(C)O,298.15,-2.247327374112979,0.012,2,0.0177907229228248
CC(=O)Oc1ccc(C(c2ccc(OC(C)=O)cc2)c2ccccn2)cc1,CC(C)O,303.15,-2.1180025163657756,0.012,2,0.0177907229228248
CC(=O)Oc1ccc(C(c2ccc(OC(C)=O)cc2)c2ccccn2)cc1,CC(C)O,308.15,-1.9920455644019484,0.012,2,0.0177907229228248
CC(=O)Oc1ccc(C(c2ccc(OC(C)=O)cc2)c2ccccn2)cc1,CC(C)O,313.15,-1.8758421426740925,,1,0.0177907229228248
CC(=O)Oc1ccc(C(c2ccc(OC(C)=O)cc2)c2ccccn2)cc1,CC(C)O,318.15,-1.7564995295894539,,1,0.0177907229228248
CC(=O)Oc1ccc(C(c2ccc(OC(C)=O)cc2)c2ccccn2)cc1,CC(C)O,323.15,-1.6405393497436584,,1,0.0177907229228248
CC(=O)Oc1ccc(C(c2ccc(OC(C)=O)cc2)c2ccccn2)cc1,CCO,278.15,-2.38001194050885,,1,0.012061953014789
CC(=O)Oc1ccc(C(c2ccc(OC(C)=O)cc2)c2ccccn2)cc1,CCO,283.15,-2.240863748476567,,1,0.012061953014789
CC(=O)Oc1ccc(C(c2ccc(OC(C)=O)cc2)c2ccccn2)cc1,CCO,288.15,-2.0981839565088114,0.012,2,0.012061953014789
CC(=O)Oc1ccc(C(c2ccc(OC(C)=O)cc2)c2ccccn2)cc1,CCO,293.15,-1.9685957901392088,0.012,2,0.012061953014789
CC(=O)Oc1ccc(C(c2ccc(OC(C)=O)cc2)c2ccccn2)cc1,CCO,298.15,-1.8431276580854843,0.012,2,0.012061953014789
CC(=O)Oc1ccc(C(c2ccc(OC(C)=O)cc2)c2ccccn2)cc1,CCO,303.15,-1.7215794332247685,0.012,2,0.012061953014789
CC(=O)Oc1ccc(C(c2ccc(OC(C)=O)cc2)c2ccccn2)cc1,CCO,308.15,-1.603763856182963,0.012,2,0.012061953014789
CC(=O)Oc1ccc(C(c2ccc(OC(C)=O)cc2)c2ccccn2)cc1,CCO,313.15,-1.4920991969508295,,1,0.012061953014789
CC(=O)Oc1ccc(C(c2ccc(OC(C)=O)cc2)c2ccccn2)cc1,CCO,318.15,-1.3799061425482604,,1,0.012061953014789
CC(=O)Oc1ccc(C(c2ccc(OC(C)=O)cc2)c2ccccn2)cc1,CCO,323.15,-1.2708812139706422,,1,0.012061953014789
CC(=O)Oc1ccc(C(c2ccc(OC(C)=O)cc2)c2ccccn2)cc1,CO,278.15,-1.8583433026997167,,1,0.0143259783717303
CC(=O)Oc1ccc(C(c2ccc(OC(C)=O)cc2)c2ccccn2)cc1,CO,283.15,-1.7461677243709803,,1,0.0143259783717303
CC(=O)Oc1ccc(C(c2ccc(OC(C)=O)cc2)c2ccccn2)cc1,CO,288.15,-1.6296429797111076,0.012,2,0.0143259783717303
CC(=O)Oc1ccc(C(c2ccc(OC(C)=O)cc2)c2ccccn2)cc1,CO,293.15,-1.5256490896731885,0.012,2,0.0143259783717303
CC(=O)Oc1ccc(C(c2ccc(OC(C)=O)cc2)c2ccccn2)cc1,CO,298.15,-1.4247970654708768,0.012,2,0.0143259783717303
CC(=O)Oc1ccc(C(c2ccc(OC(C)=O)cc2)c2ccccn2)cc1,CO,303.15,-1.3269371551917366,0.012,2,0.0143259783717303
CC(=O)Oc1ccc(C(c2ccc(OC(C)=O)cc2)c2ccccn2)cc1,CO,308.15,-1.2319291410461803,0.012,2,0.0143259783717303
CC(=O)Oc1ccc(C(c2ccc(OC(C)=O)cc2)c2ccccn2)cc1,CO,313.15,-1.1468363692110666,,1,0.0143259783717303
CC(=O)Oc1ccc(C(c2ccc(OC(C)=O)cc2)c2ccccn2)cc1,CO,318.15,-1.0577008188545622,,1,0.0143259783717303
CC(=O)Oc1ccc(C(c2ccc(OC(C)=O)cc2)c2ccccn2)cc1,CO,323.15,-0.9712600831800358,,1,0.0143259783717303
CC(=O)Oc1ccc(C(c2ccc(OC(C)=O)cc2)c2ccccn2)cc1,O,278.15,-5.2838904799288615,,1,0.0183378403500084
CC(=O)Oc1ccc(C(c2ccc(OC(C)=O)cc2)c2ccccn2)cc1,O,283.15,-5.2027399870931905,,1,0.0183378403500084
CC(=O)Oc1ccc(C(c2ccc(OC(C)=O)cc2)c2ccccn2)cc1,O,288.15,-5.129880475843702,0.012,2,0.0183378403500084
CC(=O)Oc1ccc(C(c2ccc(OC(C)=O)cc2)c2ccccn2)cc1,O,293.15,-5.0562097107632065,0.012,2,0.0183378403500084
CC(=O)Oc1ccc(C(c2ccc(OC(C)=O)cc2)c2ccccn2)cc1,O,298.15,-4.984993291068423,0.013068310558822084,2,0.0183378403500084
CC(=O)Oc1ccc(C(c2ccc(OC(C)=O)cc2)c2ccccn2)cc1,O,303.15,-4.916110048189233,0.015536124890595414,2,0.0183378403500084
CC(=O)Oc1ccc(C(c2ccc(OC(C)=O)cc2)c2ccccn2)cc1,O,308.15,-4.849446668935871,0.017873190285358824,2,0.0183378403500084
CC(=O)Oc1ccc(C(c2ccc(OC(C)=O)cc2)c2ccccn2)cc1,O,313.15,-4.770693712802984,,1,0.0183378403500084
CC(=O)Oc1ccc(C(c2ccc(OC(C)=O)cc2)c2ccccn2)cc1,O,318.15,-4.706676150945375,,1,0.0183378403500084
CC(=O)Oc1ccc(C(c2ccc(OC(C)=O)cc2)c2ccccn2)cc1,O,323.15,-4.644658089452771,,1,0.0183378403500084
CC(=O)Oc1ccccc1C(=O)Nc1ncc([N+](=O)[O-])s1,CC(C)O,273.15,-2.6575492000283347,,1,0.0171788242971327
CC(=O)Oc1ccccc1C(=O)Nc1ncc([N+](=O)[O-])s1,CC(C)O,278.15,-2.5700242094904038,0.012,2,0.0171788242971327
CC(=O)Oc1ccccc1C(=O)Nc1ncc([N+](=O)[O-])s1,CC(C)O,283.15,-2.4995886715517264,0.012,2,0.0171788242971327
CC(=O)Oc1ccccc1C(=O)Nc1ncc([N+](=O)[O-])s1,CC(C)O,288.15,-2.432916974434332,0.012,2,0.0171788242971327
CC(=O)Oc1ccccc1C(=O)Nc1ncc([N+](=O)[O-])s1,CC(C)O,293.15,-2.369794021913894,0.01266296484466929,2,0.0171788242971327
CC(=O)Oc1ccccc1C(=O)Nc1ncc([N+](=O)[O-])s1,CC(C)O,298.15,-2.3100199014824736,0.015957798789262175,2,0.0171788242971327
CC(=O)Oc1ccccc1C(=O)Nc1ncc([N+](=O)[O-])s1,CC(C)O,303.15,-2.2534085948219906,0.01768186064978676,2,0.0171788242971327
CC(=O)Oc1ccccc1C(=O)Nc1ncc([N+](=O)[O-])s1,CC(C)O,308.15,-2.199786816245547,0.017935337599057573,2,0.0171788242971327
CC(=O)Oc1ccccc1C(=O)Nc1ncc([N+](=O)[O-])s1,CC(C)O,313.15,-2.1489929646100334,0.016811260389942885,2,0.0171788242971327
CC(=O)Oc1ccccc1C(=O)Nc1ncc([N+](=O)[O-])s1,CC(C)O,318.15,-2.111055756991357,,1,0.0171788242971327
CC(=O)Oc1ccccc1C(=O)Nc1ncc([N+](=O)[O-])s1,CC(C)O,323.15,-2.06291122929726,,1,0.0171788242971327
CC(=O)Oc1ccccc1C(=O)Nc1ncc([N+](=O)[O-])s1,CN(C)C=O,273.15,-0.043708379403625486,,1,0.0119697199795459
CC(=O)Oc1ccccc1C(=O)Nc1ncc([N+](=O)[O-])s1,CN(C)C=O,278.15,-0.02490071515182843,0.012,2,0.0119697199795459
CC(=O)Oc1ccccc1C(=O)Nc1ncc([N+](=O)[O-])s1,CN(C)C=O,283.15,0.0025457614454845734,0.012,2,0.0119697199795459
CC(=O)Oc1ccccc1C(=O)Nc1ncc([N+](=O)[O-])s1,CN(C)C=O,288.15,0.030312083411616952,0.012,2,0.0119697199795459
CC(=O)Oc1ccccc1C(=O)Nc1ncc([N+](=O)[O-])s1,CN(C)C=O,293.15,0.05836018121067743,0.012,2,0.0119697199795459
CC(=O)Oc1ccccc1C(=O)Nc1ncc([N+](=O)[O-])s1,CN(C)C=O,298.15,0.08665526707309903,0.012254660704153271,2,0.0119697199795459
CC(=O)Oc1ccccc1C(=O)Nc1ncc([N+](=O)[O-])s1,CN(C)C=O,303.15,0.1151655283256714,0.012,2,0.0119697199795459
CC(=O)Oc1ccccc1C(=O)Nc1ncc([N+](=O)[O-])s1,CN(C)C=O,308.15,0.14386185291658293,0.012,2,0.0119697199795459
CC(=O)Oc1ccccc1C(=O)Nc1ncc([N+](=O)[O-])s1,CN(C)C=O,313.15,0.17271758335032636,0.012,2,0.0119697199795459
CC(=O)Oc1ccccc1C(=O)Nc1ncc([N+](=O)[O-])s1,CN(C)C=O,318.15,0.20182912296118405,,1,0.0119697199795459
CC(=O)Oc1ccccc1C(=O)Nc1ncc([N+](=O)[O-])s1,CN(C)C=O,323.15,0.22635055990732622,,1,0.0119697199795459
CC(=O)Oc1ccccc1C(=O)Nc1ncc([N+](=O)[O-])s1,CN1CCCC1=O,273.15,0.008929540812030012,,1,0.0090979529741232
CC(=O)Oc1ccccc1C(=O)Nc1ncc([N+](=O)[O-])s1,CN1CCCC1=O,278.15,0.01653732101727101,0.012,2,0.0090979529741232
CC(=O)Oc1ccccc1C(=O)Nc1ncc([N+](=O)[O-])s1,CN1CCCC1=O,283.15,0.030617414600823567,0.012,2,0.0090979529741232
CC(=O)Oc1ccccc1C(=O)Nc1ncc([N+](=O)[O-])s1,CN1CCCC1=O,288.15,0.04497367196243851,0.012,2,0.0090979529741232
CC(=O)Oc1ccccc1C(=O)Nc1ncc([N+](=O)[O-])s1,CN1CCCC1=O,293.15,0.059578916397290405,0.012,2,0.0090979529741232
CC(=O)Oc1ccccc1C(=O)Nc1ncc([N+](=O)[O-])s1,CN1CCCC1=O,298.15,0.07440823184797862,0.012,2,0.0090979529741232
CC(=O)Oc1ccccc1C(=O)Nc1ncc([N+](=O)[O-])s1,CN1CCCC1=O,303.15,0.08943875481667907,0.012,2,0.0090979529741232
CC(=O)Oc1ccccc1C(=O)Nc1ncc([N+](=O)[O-])s1,CN1CCCC1=O,308.15,0.10464948794177276,0.012,2,0.0090979529741232
CC(=O)Oc1ccccc1C(=O)Nc1ncc([N+](=O)[O-])s1,CN1CCCC1=O,313.15,0.1200211327052294,0.012,2,0.0090979529741232
CC(=O)Oc1ccccc1C(=O)Nc1ncc([N+](=O)[O-])s1,CN1CCCC1=O,318.15,0.14020079278740738,,1,0.0090979529741232
CC(=O)Oc1ccccc1C(=O)Nc1ncc([N+](=O)[O-])s1,CN1CCCC1=O,323.15,0.15424371392961866,,1,0.0090979529741232
CC(=O)Oc1ccccc1C(=O)O,CCCO,276.36,-0.6421095455864148,,1,0.0251419222936707
CC(=O)Oc1ccccc1C(=O)O,CCCO,282.96,-0.5068005116079366,,1,0.0251419222936707
CC(=O)Oc1ccccc1C(=O)O,CCCO,283.15,-0.4782123126289548,0.03502423571358729,2,0.0251419222936707
CC(=O)Oc1ccccc1C(=O)O,CCCO,288.15,-0.3834560812857708,0.02877537888423002,2,0.0251419222936707
CC(=O)Oc1ccccc1C(=O)O,CCCO,288.16,-0.3832685558696758,0.028763865039957672,2,0.0251419222936707
CC(=O)Oc1ccccc1C(=O)O,CCCO,293.15,-0.2906565382194408,0.023487397393626132,2,0.0251419222936707
CC(=O)Oc1ccccc1C(=O)O,CCCO,293.16,-0.2904728474637883,0.023477742751898976,2,0.0251419222936707
CC(=O)Oc1ccccc1C(=O)O,CCCO,297.85,-0.2051401705304432,0.019338358187434786,2,0.0251419222936707
CC(=O)Oc1ccccc1C(=O)O,CCCO,298.15,-0.19973663694287502,0.01909940893308018,2,0.0251419222936707
CC(=O)Oc1ccccc1C(=O)O,CCCO,302.55,-0.12122415770980233,0.01593752577036974,2,0.0251419222936707
CC(=O)Oc1ccccc1C(=O)O,CCCO,303.15,-0.11062370817269684,0.015554961569806154,2,0.0251419222936707
CC(=O)Oc1ccccc1C(=O)O,CCCO,307.06,-0.04215195988097964,0.01333695978601503,2,0.0251419222936707
CC(=O)Oc1ccccc1C(=O)O,CCCO,308.15,-0.023249139075488756,0.012801654170370694,2,0.0251419222936707
CC(=O)Oc1ccccc1C(=O)O,CCCO,311.66,0.03708434415410711,0.012,2,0.0251419222936707
CC(=O)Oc1ccccc1C(=O)O,CCCO,313.15,0.062451918952911356,0.012,2,0.0251419222936707
CC(=O)Oc1ccccc1C(=O)O,CCCO,316.06,0.11158395965642232,0.012,2,0.0251419222936707
CC(=O)Oc1ccccc1C(=O)O,CCCO,318.15,0.1465408169413216,0.012,2,0.0251419222936707
CC(=O)Oc1ccccc1C(=O)O,CCCO,320.45,0.1846964591661333,0.012,2,0.0251419222936707
CC(=O)Oc1ccccc1C(=O)O,CCCO,323.15,0.22907565204575775,0.012,2,0.0251419222936707
CC(=O)Oc1ccccc1C(=O)O,CCCO,324.75,0.2489879516560638,,1,0.0251419222936707
CC(=O)Oc1ccccc1C(=O)O,CCOC(C)=O,275.86,-0.786186317246802,,1,0.0962703041492487
CC(=O)Oc1ccccc1C(=O)O,CCOC(C)=O,283.15,-0.6076729320203906,0.09307453185547464,2,0.0962703041492487
CC(=O)Oc1ccccc1C(=O)O,CCOC(C)=O,283.66,-0.6007784770977018,0.09191187934439281,2,0.0962703041492487
CC(=O)Oc1ccccc1C(=O)O,CCOC(C)=O,288.15,-0.540303790240622,0.08264726639140797,2,0.0962703041492487
CC(=O)Oc1ccccc1C(=O)O,CCOC(C)=O,289.86,-0.5173783882448291,0.07956404522430877,2,0.0962703041492487
CC(=O)Oc1ccccc1C(=O)O,CCOC(C)=O,293.15,-0.4734363001061155,0.074294183275485,2,0.0962703041492487
CC(=O)Oc1ccccc1C(=O)O,CCOC(C)=O,296.16,-0.43342607093735364,0.07020968919845273,2,0.0962703041492487
CC(=O)Oc1ccccc1C(=O)O,CCOC(C)=O,298.15,-0.4070753531274134,0.06788210792709007,2,0.0962703041492487
CC(=O)Oc1ccccc1C(=O)O,CCOC(C)=O,302.67,-0.34752399402748946,0.06365302522988434,2,0.0962703041492487
CC(=O)Oc1ccccc1C(=O)O,CCOC(C)=O,303.15,-0.34122452407219317,0.06328760270245475,2,0.0962703041492487
CC(=O)Oc1ccccc1C(=O)O,CCOC(C)=O,308.15,-0.27588622618772085,0.06039613064816306,2,0.0962703041492487
CC(=O)Oc1ccccc1C(=O)O,CCOC(C)=O,308.68,-0.2689904760203312,0.06018501417402794,2,0.0962703041492487
CC(=O)Oc1ccccc1C(=O)O,CCOC(C)=O,313.15,-0.21106184846127451,0.0591013023251789,2,0.0962703041492487
CC(=O)Oc1ccccc1C(=O)O,CCOC(C)=O,315.16,-0.1851474099561896,0.05900816170689832,2,0.0962703041492487
CC(=O)Oc1ccccc1C(=O)O,CCOC(C)=O,318.15,-0.14675187713758664,0.059304196332122874,2,0.0962703041492487
CC(=O)Oc1ccccc1C(=O)O,CCOC(C)=O,321.37,-0.10560845186750267,0.0601844849475036,2,0.0962703041492487
CC(=O)Oc1ccccc1C(=O)O,CCOC(C)=O,323.15,-0.08295600341499743,0.06091274533836845,2,0.0962703041492487
CC(=O)Oc1ccccc1C(=O)O,CCOC(C)=O,327.91,-0.06772176056902168,,1,0.0962703041492487
CC(C)(Oc1ccc(CCNC(=O)c2ccc(Cl)cc2)cc1)C(=O)O,CC(C)O,283.06,-1.705123799494281,,1,0.00347908282591
CC(C)(Oc1ccc(CCNC(=O)c2ccc(Cl)cc2)cc1)C(=O)O,CC(C)O,283.15,-1.7032018732296745,0.012,2,0.00347908282591
CC(C)(Oc1ccc(CCNC(=O)c2ccc(Cl)cc2)cc1)C(=O)O,CC(C)O,288.14,-1.5993732604717736,0.012,2,0.00347908282591
CC(C)(Oc1ccc(CCNC(=O)c2ccc(Cl)cc2)cc1)C(=O)O,CC(C)O,288.15,-1.5991691958957879,0.012,2,0.00347908282591
CC(C)(Oc1ccc(CCNC(=O)c2ccc(Cl)cc2)cc1)C(=O)O,CC(C)O,293.15,-1.4990745475764684,0.012,2,0.00347908282591
CC(C)(Oc1ccc(CCNC(=O)c2ccc(Cl)cc2)cc1)C(=O)O,CC(C)O,293.19,-1.4982891067237134,0.012,2,0.00347908282591
CC(C)(Oc1ccc(CCNC(=O)c2ccc(Cl)cc2)cc1)C(=O)O,CC(C)O,298.15,-1.4027132767942683,0.012,2,0.00347908282591
CC(C)(Oc1ccc(CCNC(=O)c2ccc(Cl)cc2)cc1)C(=O)O,CC(C)O,298.24,-1.4010117827077901,0.012,2,0.00347908282591
CC(C)(Oc1ccc(CCNC(=O)c2ccc(Cl)cc2)cc1)C(=O)O,CC(C)O,303.15,-1.3098944491146305,0.012,2,0.00347908282591
CC(C)(Oc1ccc(CCNC(=O)c2ccc(Cl)cc2)cc1)C(=O)O,CC(C)O,303.21,-1.3088013946100745,0.012,2,0.00347908282591
CC(C)(Oc1ccc(CCNC(=O)c2ccc(Cl)cc2)cc1)C(=O)O,CC(C)O,308.15,-1.2204397238055065,0.012,2,0.00347908282591
CC(C)(Oc1ccc(CCNC(=O)c2ccc(Cl)cc2)cc1)C(=O)O,CC(C)O,308.16,-1.220264071840328,0.012,2,0.00347908282591
CC(C)(Oc1ccc(CCNC(=O)c2ccc(Cl)cc2)cc1)C(=O)O,CC(C)O,313.14,-1.1343517680531954,0.012,2,0.00347908282591
CC(C)(Oc1ccc(CCNC(=O)c2ccc(Cl)cc2)cc1)C(=O)O,CC(C)O,313.15,-1.1341823387835992,0.012,2,0.00347908282591
CC(C)(Oc1ccc(CCNC(=O)c2ccc(Cl)cc2)cc1)C(=O)O,CC(C)O,318.15,-1.0509661918819857,0.012,2,0.00347908282591
CC(C)(Oc1ccc(CCNC(=O)c2ccc(Cl)cc2)cc1)C(=O)O,CC(C)O,318.22,-1.049822044523786,0.012,2,0.00347908282591
CC(C)(Oc1ccc(CCNC(=O)c2ccc(Cl)cc2)cc1)C(=O)O,CC(C)O,323.15,-0.9706450079596345,0.012,2,0.00347908282591
CC(C)(Oc1ccc(CCNC(=O)c2ccc(Cl)cc2)cc1)C(=O)O,CC(C)O,323.2,-0.9653483714403595,,1,0.00347908282591
CC(C)(Oc1ccc(CCNC(=O)c2ccc(Cl)cc2)cc1)C(=O)O,CCCO,283.13,-1.4914169880580594,,1,0.0118910742556651
CC(C)(Oc1ccc(CCNC(=O)c2ccc(Cl)cc2)cc1)C(=O)O,CCCO,283.15,-1.4857957525720793,0.012,2,0.0118910742556651
CC(C)(Oc1ccc(CCNC(=O)c2ccc(Cl)cc2)cc1)C(=O)O,CCCO,288.15,-1.4019177404559617,0.012,2,0.0118910742556651
CC(C)(Oc1ccc(CCNC(=O)c2ccc(Cl)cc2)cc1)C(=O)O,CCCO,288.18,-1.4014213251550687,0.012,2,0.0118910742556651
CC(C)(Oc1ccc(CCNC(=O)c2ccc(Cl)cc2)cc1)C(=O)O,CCCO,293.15,-1.3202754623328956,0.012,2,0.0118910742556651
CC(C)(Oc1ccc(CCNC(=O)c2ccc(Cl)cc2)cc1)C(=O)O,CCCO,293.27,-1.3183426615057232,0.012,2,0.0118910742556651
CC(C)(Oc1ccc(CCNC(=O)c2ccc(Cl)cc2)cc1)C(=O)O,CCCO,298.15,-1.240766929123567,0.012,2,0.0118910742556651
CC(C)(Oc1ccc(CCNC(=O)c2ccc(Cl)cc2)cc1)C(=O)O,CCCO,298.53,-1.2348087803831884,0.012,2,0.0118910742556651
CC(C)(Oc1ccc(CCNC(=O)c2ccc(Cl)cc2)cc1)C(=O)O,CCCO,303.15,-1.163296534246062,0.012,2,0.0118910742556651
CC(C)(Oc1ccc(CCNC(=O)c2ccc(Cl)cc2)cc1)C(=O)O,CCCO,303.33,-1.1605444546225803,0.012,2,0.0118910742556651
CC(C)(Oc1ccc(CCNC(=O)c2ccc(Cl)cc2)cc1)C(=O)O,CCCO,308.15,-1.0877745526598013,0.012,2,0.0118910742556651
CC(C)(Oc1ccc(CCNC(=O)c2ccc(Cl)cc2)cc1)C(=O)O,CCCO,308.23,-1.0865815702750274,0.012,2,0.0118910742556651
CC(C)(Oc1ccc(CCNC(=O)c2ccc(Cl)cc2)cc1)C(=O)O,CCCO,313.15,-1.0141166868249367,0.012,2,0.0118910742556651
CC(C)(Oc1ccc(CCNC(=O)c2ccc(Cl)cc2)cc1)C(=O)O,CCCO,313.37,-1.010917297183604,0.012,2,0.0118910742556651
CC(C)(Oc1ccc(CCNC(=O)c2ccc(Cl)cc2)cc1)C(=O)O,CCCO,318.15,-0.9422436545006032,0.012,2,0.0118910742556651
CC(C)(Oc1ccc(CCNC(=O)c2ccc(Cl)cc2)cc1)C(=O)O,CCCO,318.35,-0.9394047869848734,0.012,2,0.0118910742556651
CC(C)(Oc1ccc(CCNC(=O)c2ccc(Cl)cc2)cc1)C(=O)O,CCCO,323.15,-0.8720808139259233,0.012,2,0.0118910742556651
CC(C)(Oc1ccc(CCNC(=O)c2ccc(Cl)cc2)cc1)C(=O)O,CCCO,323.26,-0.870109159203313,,1,0.0118910742556651
CC(C)(Oc1ccc(CCNC(=O)c2ccc(Cl)cc2)cc1)C(=O)O,CCO,283.14,-1.3564877070708121,,1,0.0189251908106347
CC(C)(Oc1ccc(CCNC(=O)c2ccc(Cl)cc2)cc1)C(=O)O,CCO,283.15,-1.384323100739115,0.039506916845723515,2,0.0189251908106347
CC(C)(Oc1ccc(CCNC(=O)c2ccc(Cl)cc2)cc1)C(=O)O,CCO,288.15,-1.3155628957059715,0.017547931882325882,2,0.0189251908106347
CC(C)(Oc1ccc(CCNC(=O)c2ccc(Cl)cc2)cc1)C(=O)O,CCO,288.24,-1.3143065771254996,0.017205100500083684,2,0.0189251908106347
CC(C)(Oc1ccc(CCNC(=O)c2ccc(Cl)cc2)cc1)C(=O)O,CCO,293.15,-1.2448273641189083,0.012,2,0.0189251908106347
CC(C)(Oc1ccc(CCNC(=O)c2ccc(Cl)cc2)cc1)C(=O)O,CCO,293.3,-1.2426766120598263,0.012,2,0.0189251908106347
CC(C)(Oc1ccc(CCNC(=O)c2ccc(Cl)cc2)cc1)C(=O)O,CCO,298.15,-1.1722883539203313,0.012,2,0.0189251908106347
CC(C)(Oc1ccc(CCNC(=O)c2ccc(Cl)cc2)cc1)C(=O)O,CCO,298.28,-1.1703797375553808,0.012,2,0.0189251908106347
CC(C)(Oc1ccc(CCNC(=O)c2ccc(Cl)cc2)cc1)C(=O)O,CCO,303.15,-1.0981039846993053,0.01615938966873055,2,0.0189251908106347
CC(C)(Oc1ccc(CCNC(=O)c2ccc(Cl)cc2)cc1)C(=O)O,CCO,303.24,-1.0967545066002895,0.01622848638581865,2,0.0189251908106347
CC(C)(Oc1ccc(CCNC(=O)c2ccc(Cl)cc2)cc1)C(=O)O,CCO,308.15,-1.0224198778669873,0.01779559987757053,2,0.0189251908106347
CC(C)(Oc1ccc(CCNC(=O)c2ccc(Cl)cc2)cc1)C(=O)O,CCO,308.22,-1.0213503075019936,0.01778734911311046,2,0.0189251908106347
CC(C)(Oc1ccc(CCNC(=O)c2ccc(Cl)cc2)cc1)C(=O)O,CCO,313.13,-0.9456810127135853,0.01515275595624483,2,0.0189251908106347
CC(C)(Oc1ccc(CCNC(=O)c2ccc(Cl)cc2)cc1)C(=O)O,CCO,313.15,-0.9453702615439852,0.015133911234724082,2,0.0189251908106347
CC(C)(Oc1ccc(CCNC(=O)c2ccc(Cl)cc2)cc1)C(=O)O,CCO,318.15,-0.8670789645278543,0.012,2,0.0189251908106347
CC(C)(Oc1ccc(CCNC(=O)c2ccc(Cl)cc2)cc1)C(=O)O,CCO,318.18,-0.8666057045796247,0.012,2,0.0189251908106347
CC(C)(Oc1ccc(CCNC(=O)c2ccc(Cl)cc2)cc1)C(=O)O,CCO,323.15,-0.7876603118749372,0.012,2,0.0189251908106347
CC(C)(Oc1ccc(CCNC(=O)c2ccc(Cl)cc2)cc1)C(=O)O,CCO,323.24,-0.7846329387757294,,1,0.0189251908106347
CC(C)(Oc1ccc(CCNC(=O)c2ccc(Cl)cc2)cc1)C(=O)O,CO,283.12,-1.2485950784933095,,1,0.0270606953000754
CC(C)(Oc1ccc(CCNC(=O)c2ccc(Cl)cc2)cc1)C(=O)O,CO,283.15,-1.2885148482152466,0.05681949942737501,2,0.0270606953000754
CC(C)(Oc1ccc(CCNC(=O)c2ccc(Cl)cc2)cc1)C(=O)O,CO,288.15,-1.2209488976253553,0.02878980183520155,2,0.0270606953000754
CC(C)(Oc1ccc(CCNC(=O)c2ccc(Cl)cc2)cc1)C(=O)O,CO,288.24,-1.2196909348904335,0.02834675266270191,2,0.0270606953000754
CC(C)(Oc1ccc(CCNC(=O)c2ccc(Cl)cc2)cc1)C(=O)O,CO,293.15,-1.148937988904116,0.012,2,0.0270606953000754
CC(C)(Oc1ccc(CCNC(=O)c2ccc(Cl)cc2)cc1)C(=O)O,CO,293.26,-1.1473063807631583,0.012,2,0.0270606953000754
CC(C)(Oc1ccc(CCNC(=O)c2ccc(Cl)cc2)cc1)C(=O)O,CO,298.15,-1.0728189544856512,0.012,2,0.0270606953000754
CC(C)(Oc1ccc(CCNC(=O)c2ccc(Cl)cc2)cc1)C(=O)O,CO,298.17,-1.0725066544166886,0.012,2,0.0270606953000754
CC(C)(Oc1ccc(CCNC(=O)c2ccc(Cl)cc2)cc1)C(=O)O,CO,303.12,-0.9933929104929078,0.01752513944622834,2,0.0270606953000754
CC(C)(Oc1ccc(CCNC(=O)c2ccc(Cl)cc2)cc1)C(=O)O,CO,303.15,-0.9929026698006957,0.017566165474812025,2,0.0270606953000754
CC(C)(Oc1ccc(CCNC(=O)c2ccc(Cl)cc2)cc1)C(=O)O,CO,308.14,-0.9096465167302945,0.021751085373942602,2,0.0270606953000754
CC(C)(Oc1ccc(CCNC(=O)c2ccc(Cl)cc2)cc1)C(=O)O,CO,308.15,-0.9094763409874851,0.021754317916772927,2,0.0270606953000754
CC(C)(Oc1ccc(CCNC(=O)c2ccc(Cl)cc2)cc1)C(=O)O,CO,313.13,-0.8231583758403254,0.02091052819321605,2,0.0270606953000754
CC(C)(Oc1ccc(CCNC(=O)c2ccc(Cl)cc2)cc1)C(=O)O,CO,313.15,-0.8228055618220225,0.020897476278508152,2,0.0270606953000754
CC(C)(Oc1ccc(CCNC(=O)c2ccc(Cl)cc2)cc1)C(=O)O,CO,318.14,-0.7333183433495876,0.015326386658192245,2,0.0270606953000754
CC(C)(Oc1ccc(CCNC(=O)c2ccc(Cl)cc2)cc1)C(=O)O,CO,318.15,-0.7331361661698566,0.015310690920557828,2,0.0270606953000754
CC(C)(Oc1ccc(CCNC(=O)c2ccc(Cl)cc2)cc1)C(=O)O,CO,323.12,-0.6412583768809981,0.012,2,0.0270606953000754
CC(C)(Oc1ccc(CCNC(=O)c2ccc(Cl)cc2)cc1)C(=O)O,CO,323.15,-0.6369573373414568,,1,0.0270606953000754
CC(C)C(=O)Nc1ccc([N+](=O)[O-])c(C(F)(F)F)c1,C1COCCO1,283.15,0.18563447179971249,0.03385975179696885,2,0.0233911604249518
CC(C)C(=O)Nc1ccc([N+](=O)[O-])c(C(F)(F)F)c1,C1COCCO1,288.15,0.2594824476275228,0.02976308353829279,2,0.0233911604249518
CC(C)C(=O)Nc1ccc([N+](=O)[O-])c(C(F)(F)F)c1,C1COCCO1,293.15,0.3331140913880688,0.025521900179355506,2,0.0233911604249518
CC(C)C(=O)Nc1ccc([N+](=O)[O-])c(C(F)(F)F)c1,C1COCCO1,298.15,0.40650166509558616,0.021148239867011843,2,0.0233911604249518
CC(C)C(=O)Nc1ccc([N+](=O)[O-])c(C(F)(F)F)c1,C1COCCO1,303.15,0.4796205349438196,0.016653189254386098,2,0.0233911604249518
CC(C)C(=O)Nc1ccc([N+](=O)[O-])c(C(F)(F)F)c1,C1COCCO1,308.15,0.5524488574297983,0.012046968352833618,2,0.0233911604249518
CC(C)C(=O)Nc1ccc([N+](=O)[O-])c(C(F)(F)F)c1,C1COCCO1,313.15,0.6249672995101001,0.012,2,0.0233911604249518
CC(C)C(=O)Nc1ccc([N+](=O)[O-])c(C(F)(F)F)c1,C1COCCO1,318.15,0.6971587887342459,0.012,2,0.0233911604249518
CC(C)C(=O)Nc1ccc([N+](=O)[O-])c(C(F)(F)F)c1,C1COCCO1,323.15,0.7690082898306798,0.012,2,0.0233911604249518
CC(C)C(=O)Nc1ccc([N+](=O)[O-])c(C(F)(F)F)c1,CC#N,278.15,0.07311498018943752,0.025546972413370006,2,0.0461207073400274
CC(C)C(=O)Nc1ccc([N+](=O)[O-])c(C(F)(F)F)c1,CC#N,283.15,0.183802476757414,0.012,2,0.0461207073400274
CC(C)C(=O)Nc1ccc([N+](=O)[O-])c(C(F)(F)F)c1,CC#N,288.15,0.2951178106882679,0.012,2,0.0461207073400274
CC(C)C(=O)Nc1ccc([N+](=O)[O-])c(C(F)(F)F)c1,CC#N,293.15,0.40695262248666353,0.013851653190227279,2,0.0461207073400274
CC(C)C(=O)Nc1ccc([N+](=O)[O-])c(C(F)(F)F)c1,CC#N,298.15,0.5192083787304824,0.024952644015992932,2,0.0461207073400274
CC(C)C(=O)Nc1ccc([N+](=O)[O-])c(C(F)(F)F)c1,CC#N,303.15,0.6317954351800452,0.03513738703228246,2,0.0461207073400274
CC(C)C(=O)Nc1ccc([N+](=O)[O-])c(C(F)(F)F)c1,CC#N,308.15,0.7446321993145588,0.04445940898726634,2,0.0461207073400274
CC(C)C(=O)Nc1ccc([N+](=O)[O-])c(C(F)(F)F)c1,CC#N,313.15,0.8576443805270131,0.05296853295034385,2,0.0461207073400274
CC(C)C(=O)Nc1ccc([N+](=O)[O-])c(C(F)(F)F)c1,CC#N,318.15,0.9707643177501666,0.060711182787507416,2,0.0461207073400274
CC(C)C(=O)Nc1ccc([N+](=O)[O-])c(C(F)(F)F)c1,CC#N,323.15,1.0839303756066059,0.06773065853849726,2,0.0461207073400274
CC(C)C(=O)Nc1ccc([N+](=O)[O-])c(C(F)(F)F)c1,CC(C)O,278.15,-0.10420466271990492,0.026887308889680394,2,0.0248435245435248
CC(C)C(=O)Nc1ccc([N+](=O)[O-])c(C(F)(F)F)c1,CC(C)O,283.15,-0.04607512607994835,0.027960350130139,2,0.0248435245435248
CC(C)C(=O)Nc1ccc([N+](=O)[O-])c(C(F)(F)F)c1,CC(C)O,288.15,0.012845472245022194,0.027332840295099612,2,0.0248435245435248
CC(C)C(=O)Nc1ccc([N+](=O)[O-])c(C(F)(F)F)c1,CC(C)O,293.15,0.07246874973509954,0.02512016628148727,2,0.0248435245435248
CC(C)C(=O)Nc1ccc([N+](=O)[O-])c(C(F)(F)F)c1,CC(C)O,298.15,0.13271385958518245,0.02142902303551561,2,0.0248435245435248
CC(C)C(=O)Nc1ccc([N+](=O)[O-])c(C(F)(F)F)c1,CC(C)O,303.15,0.1935067897241769,0.01635817745813624,2,0.0248435245435248
CC(C)C(=O)Nc1ccc([N+](=O)[O-])c(C(F)(F)F)c1,CC(C)O,308.15,0.2547797352413941,0.012,2,0.0248435245435248
CC(C)C(=O)Nc1ccc([N+](=O)[O-])c(C(F)(F)F)c1,CC(C)O,313.15,0.31647053560321226,0.012,2,0.0248435245435248
CC(C)C(=O)Nc1ccc([N+](=O)[O-])c(C(F)(F)F)c1,CC(C)O,318.15,0.3785221691653007,0.012,2,0.0248435245435248
CC(C)C(=O)Nc1ccc([N+](=O)[O-])c(C(F)(F)F)c1,CC(C)O,323.15,0.4408822984478231,0.015987786764908203,2,0.0248435245435248
CC(C)C(=O)Nc1ccc([N+](=O)[O-])c(C(F)(F)F)c1,CCO,278.15,-0.1436320647453139,0.095217538099061,3,0.042607566185812
CC(C)C(=O)Nc1ccc([N+](=O)[O-])c(C(F)(F)F)c1,CCO,283.15,-0.07423838706298251,0.07586489541142494,3,0.042607566185812
CC(C)C(=O)Nc1ccc([N+](=O)[O-])c(C(F)(F)F)c1,CCO,288.15,-0.00463503975334234,0.05883029320958607,3,0.042607566185812
CC(C)C(=O)Nc1ccc([N+](=O)[O-])c(C(F)(F)F)c1,CCO,293.15,0.06512259270417668,0.04396180422727174,3,0.042607566185812
CC(C)C(=O)Nc1ccc([N+](=O)[O-])c(C(F)(F)F)c1,CCO,298.15,0.13498433903164772,0.031117632007540186,3,0.042607566185812
CC(C)C(=O)Nc1ccc([N+](=O)[O-])c(C(F)(F)F)c1,CCO,303.15,0.20490473709764837,0.020165805078713295,3,0.042607566185812
CC(C)C(=O)Nc1ccc([N+](=O)[O-])c(C(F)(F)F)c1,CCO,308.15,0.27484258374758025,0.012,3,0.042607566185812
CC(C)C(=O)Nc1ccc([N+](=O)[O-])c(C(F)(F)F)c1,CCO,313.15,0.3447605321120821,0.012,3,0.042607566185812
CC(C)C(=O)Nc1ccc([N+](=O)[O-])c(C(F)(F)F)c1,CCO,318.15,0.41462473082846785,0.012,3,0.042607566185812
CC(C)C(=O)Nc1ccc([N+](=O)[O-])c(C(F)(F)F)c1,CCO,323.15,0.48440450033076843,0.012,3,0.042607566185812
CC(C)C(=O)Nc1ccc([N+](=O)[O-])c(C(F)(F)F)c1,CO,278.15,-0.045609366009379926,0.09774614517645881,2,0.0723972246434645
CC(C)C(=O)Nc1ccc([N+](=O)[O-])c(C(F)(F)F)c1,CO,283.15,0.031980982848951456,0.08235455873357911,2,0.0723972246434645
CC(C)C(=O)Nc1ccc([N+](=O)[O-])c(C(F)(F)F)c1,CO,288.15,0.10971132762459135,0.06917134578893452,2,0.0723972246434645
CC(C)C(=O)Nc1ccc([N+](=O)[O-])c(C(F)(F)F)c1,CO,293.15,0.18752618516178643,0.05805494892037991,2,0.0723972246434645
CC(C)C(=O)Nc1ccc([N+](=O)[O-])c(C(F)(F)F)c1,CO,298.15,0.2653754150269485,0.04887426442633252,2,0.0723972246434645
CC(C)C(=O)Nc1ccc([N+](=O)[O-])c(C(F)(F)F)c1,CO,303.15,0.34321369869010887,0.04150773282293075,2,0.0723972246434645
CC(C)C(=O)Nc1ccc([N+](=O)[O-])c(C(F)(F)F)c1,CO,308.15,0.4210000746184335,0.03584252096376005,2,0.0723972246434645
CC(C)C(=O)Nc1ccc([N+](=O)[O-])c(C(F)(F)F)c1,CO,313.15,0.4986975226167001,0.031773785296111225,2,0.0723972246434645
CC(C)C(=O)Nc1ccc([N+](=O)[O-])c(C(F)(F)F)c1,CO,318.15,0.5762725916270774,0.029204007109198616,2,0.0723972246434645
CC(C)C(=O)Nc1ccc([N+](=O)[O-])c(C(F)(F)F)c1,CO,323.15,0.6536950659509415,0.028042391781567585,2,0.0723972246434645
CC1(C)CC[C@]2(C(=O)O)CC[C@]3(C)C(=CC[C@@H]4[C@@]5(C)CC[C@H](O)C(C)(C)[C@@H]5CC[C@]43C)[C@@H]2C1,CO,278.15,-2.136923519525342,,1,0.0145342000861666
CC1(C)CC[C@]2(C(=O)O)CC[C@]3(C)C(=CC[C@@H]4[C@@]5(C)CC[C@H](O)C(C)(C)[C@@H]5CC[C@]43C)[C@@H]2C1,CO,283.15,-2.079761307752967,,1,0.0145342000861666
CC1(C)CC[C@]2(C(=O)O)CC[C@]3(C)C(=CC[C@@H]4[C@@]5(C)CC[C@H](O)C(C)(C)[C@@H]5CC[C@]43C)[C@@H]2C1,CO,283.2,-2.0876657065876967,0.012,2,0.0145342000861666
CC1(C)CC[C@]2(C(=O)O)CC[C@]3(C)C(=CC[C@@H]4[C@@]5(C)CC[C@H](O)C(C)(C)[C@@H]5CC[C@]43C)[C@@H]2C1,CO,288.15,-2.0287704013274466,0.012,2,0.0145342000861666
CC1(C)CC[C@]2(C(=O)O)CC[C@]3(C)C(=CC[C@@H]4[C@@]5(C)CC[C@H](O)C(C)(C)[C@@H]5CC[C@]43C)[C@@H]2C1,CO,293.15,-1.9729216843970017,0.012,2,0.0145342000861666
CC1(C)CC[C@]2(C(=O)O)CC[C@]3(C)C(=CC[C@@H]4[C@@]5(C)CC[C@H](O)C(C)(C)[C@@H]5CC[C@]43C)[C@@H]2C1,CO,296.2,-1.9405604788127278,0.012,2,0.0145342000861666
CC1(C)CC[C@]2(C(=O)O)CC[C@]3(C)C(=CC[C@@H]4[C@@]5(C)CC[C@H](O)C(C)(C)[C@@H]5CC[C@]43C)[C@@H]2C1,CO,298.15,-1.9205219922197145,0.012,2,0.0145342000861666
CC1(C)CC[C@]2(C(=O)O)CC[C@]3(C)C(=CC[C@@H]4[C@@]5(C)CC[C@H](O)C(C)(C)[C@@H]5CC[C@]43C)[C@@H]2C1,CO,303.15,-1.8713746717709647,0.012,2,0.0145342000861666
CC1(C)CC[C@]2(C(=O)O)CC[C@]3(C)C(=CC[C@@H]4[C@@]5(C)CC[C@H](O)C(C)(C)[C@@H]5CC[C@]43C)[C@@H]2C1,CO,305.2,-1.852121425512156,0.012,2,0.0145342000861666
CC1(C)CC[C@]2(C(=O)O)CC[C@]3(C)C(=CC[C@@H]4[C@@]5(C)CC[C@H](O)C(C)(C)[C@@H]5CC[C@]43C)[C@@H]2C1,CO,308.15,-1.8252966771445538,0.012,2,0.0145342000861666
CC1(C)CC[C@]2(C(=O)O)CC[C@]3(C)C(=CC[C@@H]4[C@@]5(C)CC[C@H](O)C(C)(C)[C@@H]5CC[C@]43C)[C@@H]2C1,CO,313.15,-1.782117442824079,0.014888557773230452,2,0.0145342000861666
CC1(C)CC[C@]2(C(=O)O)CC[C@]3(C)C(=CC[C@@H]4[C@@]5(C)CC[C@H](O)C(C)(C)[C@@H]5CC[C@]43C)[C@@H]2C1,CO,316.2,-1.7571331260352856,0.019687617953619074,2,0.0145342000861666
CC1(C)CC[C@]2(C(=O)O)CC[C@]3(C)C(=CC[C@@H]4[C@@]5(C)CC[C@H](O)C(C)(C)[C@@H]5CC[C@]43C)[C@@H]2C1,CO,318.15,-1.7416778657405712,0.02312774218648576,2,0.0145342000861666
CC1(C)CC[C@]2(C(=O)O)CC[C@]3(C)C(=CC[C@@H]4[C@@]5(C)CC[C@H](O)C(C)(C)[C@@H]5CC[C@]43C)[C@@H]2C1,CO,323.15,-1.7038293841375283,0.033217570980473454,2,0.0145342000861666
CC1(C)CC[C@]2(C(=O)O)CC[C@]3(C)C(=CC[C@@H]4[C@@]5(C)CC[C@H](O)C(C)(C)[C@@H]5CC[C@]43C)[C@@H]2C1,CO,323.2,-1.7270295467763646,,1,0.0145342000861666
CC1(C)CC[C@]2(C(=O)O)CC[C@]3(C)C(=CC[C@@H]4[C@@]5(C)CC[C@H](O)C(C)(C)[C@@H]5CC[C@]43C)[C@@H]2C1,CO,326.2,-1.7104020354897074,,1,0.0145342000861666
CC1=NN(c2ccccc2)C(=O)C1,CC#N,273.15,-0.962422996204829,,1,0.060859008147799
CC1=NN(c2ccccc2)C(=O)C1,CC#N,278.15,-0.8517340497644774,,1,0.060859008147799
CC1=NN(c2ccccc2)C(=O)C1,CC#N,283.15,-0.7784094470593566,0.044754224536456465,2,0.060859008147799
CC1=NN(c2ccccc2)C(=O)C1,CC#N,288.15,-0.6813504319766128,0.048321359322652066,2,0.060859008147799
CC1=NN(c2ccccc2)C(=O)C1,CC#N,293.15,-0.5873475036364244,0.04902100202410952,2,0.060859008147799
CC1=NN(c2ccccc2)C(=O)C1,CC#N,298.15,-0.4962511832081624,0.04704346882463318,2,0.060859008147799
CC1=NN(c2ccccc2)C(=O)C1,CC#N,303.15,-0.40792171257382037,0.04256500066786905,2,0.060859008147799
CC1=NN(c2ccccc2)C(=O)C1,CC#N,308.15,-0.3222282725577763,0.03574897914307205,2,0.060859008147799
CC1=NN(c2ccccc2)C(=O)C1,CC#N,313.15,-0.23904827561217346,0.026747021162792844,2,0.060859008147799
CC1=NN(c2ccccc2)C(=O)C1,CC#N,323.15,-0.08171223309667397,,1,0.060859008147799
CC1=NN(c2ccccc2)C(=O)C1,CCCO,273.15,-0.561140766869781,,1,0.0924277113228733
CC1=NN(c2ccccc2)C(=O)C1,CCCO,278.15,-0.5088177039551036,,1,0.0924277113228733
CC1=NN(c2ccccc2)C(=O)C1,CCCO,283.15,-0.5697489616365328,0.15788403550222427,2,0.0924277113228733
CC1=NN(c2ccccc2)C(=O)C1,CCCO,288.15,-0.49501202079992757,0.12173553009246661,2,0.0924277113228733
CC1=NN(c2ccccc2)C(=O)C1,CCCO,293.15,-0.42389880031609906,0.08864851582262355,2,0.0924277113228733
CC1=NN(c2ccccc2)C(=O)C1,CCCO,298.15,-0.3562089724498607,0.05843830315174412,2,0.0924277113228733
CC1=NN(c2ccccc2)C(=O)C1,CCCO,303.15,-0.2917560203028642,0.030933398931280654,2,0.0924277113228733
CC1=NN(c2ccccc2)C(=O)C1,CCCO,308.15,-0.2303660884091805,0.012,2,0.0924277113228733
CC1=NN(c2ccccc2)C(=O)C1,CCCO,313.15,-0.17187694529337882,0.016587083581913666,2,0.0924277113228733
CC1=NN(c2ccccc2)C(=O)C1,CCCO,323.15,-0.024070786362905494,,1,0.0924277113228733
CC1=NN(c2ccccc2)C(=O)C1,CCO,273.15,-0.5125142909315333,,1,0.0508264874195074
CC1=NN(c2ccccc2)C(=O)C1,CCO,278.15,-0.45582651301503463,,1,0.0508264874195074
CC1=NN(c2ccccc2)C(=O)C1,CCO,283.15,-0.45635024221507925,0.0780895384090245,2,0.0508264874195074
CC1=NN(c2ccccc2)C(=O)C1,CCO,288.15,-0.3932622131938657,0.06354529966444922,2,0.0508264874195074
CC1=NN(c2ccccc2)C(=O)C1,CCO,293.15,-0.33206845733249085,0.04914339285912944,2,0.0508264874195074
CC1=NN(c2ccccc2)C(=O)C1,CCO,298.15,-0.2726779970339245,0.034882591148551245,2,0.0508264874195074
CC1=NN(c2ccccc2)C(=O)C1,CCO,303.15,-0.21500571420378464,0.020761552858235374,2,0.0508264874195074
CC1=NN(c2ccccc2)C(=O)C1,CCO,308.15,-0.15897188181792413,0.012,2,0.0508264874195074
CC1=NN(c2ccccc2)C(=O)C1,CCO,313.15,-0.10450173992251625,0.012,2,0.0508264874195074
CC1=NN(c2ccccc2)C(=O)C1,CCO,323.15,0.024316480133892426,,1,0.0508264874195074
CC1=NN(c2ccccc2)C(=O)C1,CCOC(C)=O,273.15,-0.7879198351004248,,1,0.1899173281831104
CC1=NN(c2ccccc2)C(=O)C1,CCOC(C)=O,278.15,-0.7363739423216558,,1,0.1899173281831104
CC1=NN(c2ccccc2)C(=O)C1,CCOC(C)=O,283.15,-0.7711779917096848,0.12293925487425844,2,0.1899173281831104
CC1=NN(c2ccccc2)C(=O)C1,CCOC(C)=O,288.15,-0.7337867977399561,0.14449928064122294,2,0.1899173281831104
CC1=NN(c2ccccc2)C(=O)C1,CCOC(C)=O,293.15,-0.6872495382600334,0.15375229894524134,2,0.1899173281831104
CC1=NN(c2ccccc2)C(=O)C1,CCOC(C)=O,298.15,-0.6322011416375695,0.15151155314298215,2,0.1899173281831104
CC1=NN(c2ccccc2)C(=O)C1,CCOC(C)=O,303.15,-0.5692288809770503,0.13853023086745223,2,0.1899173281831104
CC1=NN(c2ccccc2)C(=O)C1,CCOC(C)=O,308.15,-0.49887652111243597,0.11550664804188415,2,0.1899173281831104
CC1=NN(c2ccccc2)C(=O)C1,CCOC(C)=O,313.15,-0.4216480503795239,0.08308891634667996,2,0.1899173281831104
CC1=NN(c2ccccc2)C(=O)C1,CCOC(C)=O,323.15,-0.24305205182565714,,1,0.1899173281831104
CC1=NN(c2ccccc2)C(=O)C1,CO,273.15,-0.5576473405985141,,1,0.1517955650160628
CC1=NN(c2ccccc2)C(=O)C1,CO,278.15,-0.4832239785389696,,1,0.1517955650160628
CC1=NN(c2ccccc2)C(=O)C1,CO,283.15,-0.35819246319966425,0.07677627162882172,2,0.1517955650160628
CC1=NN(c2ccccc2)C(=O)C1,CO,288.15,-0.2872929679739684,0.08190703104960577,2,0.1517955650160628
CC1=NN(c2ccccc2)C(=O)C1,CO,293.15,-0.2171902553709515,0.09054401532516919,2,0.1517955650160628
CC1=NN(c2ccccc2)C(=O)C1,CO,298.15,-0.14787143872283082,0.10244908457294724,2,0.1517955650160628
CC1=NN(c2ccccc2)C(=O)C1,CO,303.15,-0.07932358418322494,0.1174018468716335,2,0.1517955650160628
CC1=NN(c2ccccc2)C(=O)C1,CO,308.15,-0.011533758244357983,0.13519811920954447,2,0.1517955650160628
CC1=NN(c2ccccc2)C(=O)C1,CO,313.15,0.05551093208896418,0.15564854221064833,2,0.1517955650160628
CC1=NN(c2ccccc2)C(=O)C1,CO,323.15,0.33153939393729104,,1,0.1517955650160628
CCC(C)n1ncn(-c2ccc(N3CCN(c4ccc(OC[C@H]5CO[C@](Cn6cncn6)(c6ccc(Cl)cc6Cl)O5)cc4)CC3)cc2)c1=O,CCO,283.15,-3.9201038025334967,,1,0.0557988002219981
CCC(C)n1ncn(-c2ccc(N3CCN(c4ccc(OC[C@H]5CO[C@](Cn6cncn6)(c6ccc(Cl)cc6Cl)O5)cc4)CC3)cc2)c1=O,CCO,288.15,-3.764608607630117,0.04323576944458048,2,0.0557988002219981
CCC(C)n1ncn(-c2ccc(N3CCN(c4ccc(OC[C@H]5CO[C@](Cn6cncn6)(c6ccc(Cl)cc6Cl)O5)cc4)CC3)cc2)c1=O,CCO,293.15,-3.6417799176017427,0.04316425857670596,2,0.0557988002219981
CCC(C)n1ncn(-c2ccc(N3CCN(c4ccc(OC[C@H]5CO[C@](Cn6cncn6)(c6ccc(Cl)cc6Cl)O5)cc4)CC3)cc2)c1=O,CCO,298.15,-3.5224551373924724,0.04093480420680462,2,0.0557988002219981
CCC(C)n1ncn(-c2ccc(N3CCN(c4ccc(OC[C@H]5CO[C@](Cn6cncn6)(c6ccc(Cl)cc6Cl)O5)cc4)CC3)cc2)c1=O,CCO,303.15,-3.406471049344437,0.03668981729942126,2,0.0557988002219981
CCC(C)n1ncn(-c2ccc(N3CCN(c4ccc(OC[C@H]5CO[C@](Cn6cncn6)(c6ccc(Cl)cc6Cl)O5)cc4)CC3)cc2)c1=O,CCO,308.15,-3.2936746995192374,0.030561309280012338,2,0.0557988002219981
CCC(C)n1ncn(-c2ccc(N3CCN(c4ccc(OC[C@H]5CO[C@](Cn6cncn6)(c6ccc(Cl)cc6Cl)O5)cc4)CC3)cc2)c1=O,CCO,313.15,-3.199953961839036,,1,0.0557988002219981
CCC(C)n1ncn(-c2ccc(N3CCN(c4ccc(OC[C@H]5CO[C@](Cn6cncn6)(c6ccc(Cl)cc6Cl)O5)cc4)CC3)cc2)c1=O,CCO,318.15,-3.0863678215305015,,1,0.0557988002219981
CCC(C)n1ncn(-c2ccc(N3CCN(c4ccc(OC[C@H]5CO[C@](Cn6cncn6)(c6ccc(Cl)cc6Cl)O5)cc4)CC3)cc2)c1=O,CCO,323.15,-2.974474498051464,,1,0.0557988002219981
CCC(C)n1ncn(-c2ccc(N3CCN(c4ccc(OC[C@H]5CO[C@](Cn6cncn6)(c6ccc(Cl)cc6Cl)O5)cc4)CC3)cc2)c1=O,CO,283.15,-3.3927162798487345,,1,0.0144392316566633
CCC(C)n1ncn(-c2ccc(N3CCN(c4ccc(OC[C@H]5CO[C@](Cn6cncn6)(c6ccc(Cl)cc6Cl)O5)cc4)CC3)cc2)c1=O,CO,288.15,-3.251992431913214,0.024799260549145257,2,0.0144392316566633
CCC(C)n1ncn(-c2ccc(N3CCN(c4ccc(OC[C@H]5CO[C@](Cn6cncn6)(c6ccc(Cl)cc6Cl)O5)cc4)CC3)cc2)c1=O,CO,293.15,-3.1423272879609065,0.01319384272083749,2,0.0144392316566633
CCC(C)n1ncn(-c2ccc(N3CCN(c4ccc(OC[C@H]5CO[C@](Cn6cncn6)(c6ccc(Cl)cc6Cl)O5)cc4)CC3)cc2)c1=O,CO,298.15,-3.0366722817861698,0.012,2,0.0144392316566633
CCC(C)n1ncn(-c2ccc(N3CCN(c4ccc(OC[C@H]5CO[C@](Cn6cncn6)(c6ccc(Cl)cc6Cl)O5)cc4)CC3)cc2)c1=O,CO,303.15,-2.934823514402545,0.012,2,0.0144392316566633
CCC(C)n1ncn(-c2ccc(N3CCN(c4ccc(OC[C@H]5CO[C@](Cn6cncn6)(c6ccc(Cl)cc6Cl)O5)cc4)CC3)cc2)c1=O,CO,308.15,-2.8365904982879337,0.013312892808354727,2,0.0144392316566633
CCC(C)n1ncn(-c2ccc(N3CCN(c4ccc(OC[C@H]5CO[C@](Cn6cncn6)(c6ccc(Cl)cc6Cl)O5)cc4)CC3)cc2)c1=O,CO,313.15,-2.727897582116917,,1,0.0144392316566633
CCC(C)n1ncn(-c2ccc(N3CCN(c4ccc(OC[C@H]5CO[C@](Cn6cncn6)(c6ccc(Cl)cc6Cl)O5)cc4)CC3)cc2)c1=O,CO,318.15,-2.6326837429232377,,1,0.0144392316566633
CCC(C)n1ncn(-c2ccc(N3CCN(c4ccc(OC[C@H]5CO[C@](Cn6cncn6)(c6ccc(Cl)cc6Cl)O5)cc4)CC3)cc2)c1=O,CO,323.15,-2.5413320123260377,,1,0.0144392316566633
CCCCCCCCCCCC(=O)O,CCCO,276.17,-0.09863936554324937,,1,0.0407935619833182
CCCCCCCCCCCC(=O)O,CCCO,279.16,-0.003483224458307177,,1,0.0407935619833182
CCCCCCCCCCCC(=O)O,CCCO,282.16,0.0977592648848713,,1,0.0407935619833182
CCCCCCCCCCCC(=O)O,CCCO,285.15,0.20415055008078298,,1,0.0407935619833182
CCCCCCCCCCCC(=O)O,CCCO,287.1,0.3196262367030158,0.061176967436091925,2,0.0407935619833182
CCCCCCCCCCCC(=O)O,CCCO,288.15,0.3441900922249488,0.03965301846951628,2,0.0407935619833182
CCCCCCCCCCCC(=O)O,CCCO,289.6,0.3820981042557321,0.014139893343537257,2,0.0407935619833182
CCCCCCCCCCCC(=O)O,CCCO,291.14,0.4273274125791602,0.012,2,0.0407935619833182
CCCCCCCCCCCC(=O)O,CCCO,292.8,0.48168887139073036,0.02532330177604967,2,0.0407935619833182
CCCCCCCCCCCC(=O)O,CCCO,294.14,0.5297254354020993,0.03514749067509723,2,0.0407935619833182
CCCCCCCCCCCC(=O)O,CCCO,295.1,0.5663795861883614,0.03981351388497185,2,0.0407935619833182
CCCCCCCCCCCC(=O)O,CCCO,297.13,0.6499220548332403,0.04328505038444818,2,0.0407935619833182
CCCCCCCCCCCC(=O)O,CCCO,297.9,0.6837167197640497,0.042368329636374144,2,0.0407935619833182
CCCCCCCCCCCC(=O)O,CCCO,299.9,0.7767874265518913,0.034370333674149066,2,0.0407935619833182
CCCCCCCCCCCC(=O)O,CCCO,300.13,0.7879737461528009,0.03293748569359736,2,0.0407935619833182
CCCCCCCCCCCC(=O)O,CCCO,301.5,0.8566361021665045,0.022244950770335063,2,0.0407935619833182
CCCCCCCCCCCC(=O)O,CCCO,303.12,0.9422493629871553,0.012,2,0.0407935619833182
CCCCCCCCCCCC(=O)O,CCCO,303.5,0.9630144502218627,0.012,2,0.0407935619833182
CCCCCCCCCCCC(=O)O,CCCO,304.7,1.0302672168985794,0.01682210655749307,2,0.0407935619833182
CCCCCCCCCCCC(=O)O,CCCO,306.12,1.113098659512218,0.0403136526978298,2,0.0407935619833182
CCCCCCCCCCCC(=O)O,CCCO,306.5,1.1692490384293706,,1,0.0407935619833182
CCCCCCCCCCCC(=O)O,CCCO,307.4,1.2364410033155764,,1,0.0407935619833182
CCCCCCCCCCCC(=O)O,CCCO,308.7,1.3377132381622232,,1,0.0407935619833182
CCCCCCCCCCCC(=O)O,CCCO,309.9,1.4355515480208396,,1,0.0407935619833182
CCCCCCCCCCCC(=O)O,CCCO,310.7,1.5030660868426367,,1,0.0407935619833182
CCCCCCCCCCCC(=O)O,CCCO,312.1,1.6255559288913446,,1,0.0407935619833182
CCCCCCCCCCCC(=O)O,CCCO,313.4,1.744164554414283,,1,0.0407935619833182
CCCCCCCCCCCC(=O)O,CCCO,314.2,1.8194481314701534,,1,0.0407935619833182
CCCCCCCCCCCCCCCCCC(=O)O,CCO,291.45,-1.3804344346305015,,1,0.0369654377421012
CCCCCCCCCCCCCCCCCC(=O)O,CCO,293.15,-1.3200525858595427,0.012,2,0.0369654377421012
CCCCCCCCCCCCCCCCCC(=O)O,CCO,294.95,-1.2392712474044458,0.012,2,0.0369654377421012
CCCCCCCCCCCCCCCCCC(=O)O,CCO,298.15,-1.0871889577968261,0.02631072944425227,2,0.0369654377421012
CCCCCCCCCCCCCCCCCC(=O)O,CCO,299.85,-1.0021258214846398,0.03282721743147012,2,0.0369654377421012
CCCCCCCCCCCCCCCCCC(=O)O,CCO,303.15,-0.828874830415657,0.040319590926701634,2,0.0369654377421012
CCCCCCCCCCCCCCCCCC(=O)O,CCO,304.85,-0.7355700038769157,0.04159961832753805,2,0.0369654377421012
CCCCCCCCCCCCCCCCCC(=O)O,CCO,308.15,-0.5468867166624705,0.039255423888476276,2,0.0369654377421012
CCCCCCCCCCCCCCCCCC(=O)O,CCO,309.45,-0.46989791563970584,0.03662925983973291,2,0.0369654377421012
CCCCCCCCCCCCCCCCCC(=O)O,CCO,312.35,-0.29292911357481444,0.027414078368630707,2,0.0369654377421012
CCCCCCCCCCCCCCCCCC(=O)O,CCO,313.15,-0.24287049746087064,0.02407366176418591,2,0.0369654377421012
CCCCCCCCCCCCCCCCCC(=O)O,CCO,314.75,-0.14118539295583332,0.016380668694419016,2,0.0369654377421012
CCCCCCCCCCCCCCCCCC(=O)O,CCO,316.25,-0.04399202720182416,0.012,2,0.0369654377421012
CCCCCCCCCCCCCCCCCC(=O)O,CCO,316.85,-0.004618563096386197,0.012,2,0.0369654377421012
CCCCCCCCCCCCCCCCCC(=O)O,CCO,318.15,0.0816475035951214,0.012,2,0.0369654377421012
CCCCCCCCCCCCCCCCCC(=O)O,CCO,318.55,0.10845147058469706,0.012,2,0.0369654377421012
CCCCCCCCCCCCCCCCCC(=O)O,CCO,319.95,0.2032168020372751,0.017643432233490533,2,0.0369654377421012
CCCCCCCCCCCCCCCCCC(=O)O,CCO,321.95,0.34111725890807065,0.03426770719967225,2,0.0369654377421012
CCCCCCCCCCCCCCCCCC(=O)O,CCO,323.15,0.4252505238070228,0.04515235840373507,2,0.0369654377421012
CCCCCCCCCCCCCCCCCC(=O)O,CCO,323.65,0.4958836776457929,,1,0.0369654377421012
CCCOC(=O)c1ccc(O)cc1,CC(C)O,283.15,0.23813382956291207,,1,0.0954436575314847
CCCOC(=O)c1ccc(O)cc1,CC(C)O,288.15,0.38123392923718713,0.12276305062759782,2,0.0954436575314847
CCCOC(=O)c1ccc(O)cc1,CC(C)O,293.15,0.44072480556653915,0.11271743683151708,2,0.0954436575314847
CCCOC(=O)c1ccc(O)cc1,CC(C)O,298.15,0.503939369199403,0.09439330008920904,2,0.0954436575314847
CCCOC(=O)c1ccc(O)cc1,CC(C)O,303.15,0.5705990348844843,0.06834237779170642,2,0.0954436575314847
CCCOC(=O)c1ccc(O)cc1,CC(C)O,308.15,0.6404463602899626,0.035075985238449486,2,0.0954436575314847
CCCOC(=O)c1ccc(O)cc1,CC(C)O,313.15,0.7132432113943508,0.012,2,0.0954436575314847
CCCOC(=O)c1ccc(O)cc1,CC(C)O,318.15,0.7887691100952066,0.051239710731727214,2,0.0954436575314847
CCCOC(=O)c1ccc(O)cc1,CC(C)O,323.15,0.9399622461148738,,1,0.0954436575314847
CCCOC(=O)c1ccc(O)cc1,CCCO,283.15,0.16920242334018099,,1,0.0831500754479273
CCCOC(=O)c1ccc(O)cc1,CCCO,288.15,0.3123633497166587,0.09259425159901206,2,0.0831500754479273
CCCOC(=O)c1ccc(O)cc1,CCCO,293.15,0.39396589881514643,0.09074503641993639,2,0.0831500754479273
CCCOC(=O)c1ccc(O)cc1,CCCO,298.15,0.475615638354558,0.08213415980216655,2,0.0831500754479273
CCCOC(=O)c1ccc(O)cc1,CCCO,303.15,0.5572643085963769,0.06720874881148357,2,0.0831500754479273
CCCOC(=O)c1ccc(O)cc1,CCCO,308.15,0.6388682725690771,0.0463832572478506,2,0.0831500754479273
CCCOC(=O)c1ccc(O)cc1,CCCO,313.15,0.7203880756039887,0.02004224910110328,2,0.0831500754479273
CCCOC(=O)c1ccc(O)cc1,CCCO,318.15,0.8017880508948991,0.012,2,0.0831500754479273
CCCOC(=O)c1ccc(O)cc1,CCCO,323.15,0.9168234320823956,,1,0.0831500754479273
CCCOC(=O)c1ccc(O)cc1,CCO,283.15,0.2871533454666064,,1,0.1038036526601968
CCCOC(=O)c1ccc(O)cc1,CCO,288.15,0.4263667606226136,0.09161157058622292,2,0.1038036526601968
CCCOC(=O)c1ccc(O)cc1,CCO,293.15,0.5030793843293893,0.08694447686167601,2,0.1038036526601968
CCCOC(=O)c1ccc(O)cc1,CCO,298.15,0.584265056436692,0.0813034791959108,2,0.1038036526601968
CCCOC(=O)c1ccc(O)cc1,CCO,303.15,0.6695862243485635,0.07475541344167755,2,0.1038036526601968
CCCOC(=O)c1ccc(O)cc1,CCO,308.15,0.758731015994698,0.06736217237440538,2,0.1038036526601968
CCCOC(=O)c1ccc(O)cc1,CCO,313.15,0.8514110089306968,0.05918112931202047,2,0.1038036526601968
CCCOC(=O)c1ccc(O)cc1,CCO,318.15,0.9473592211645325,0.05026551996648643,2,0.1038036526601968
CCCOC(=O)c1ccc(O)cc1,CCO,323.15,1.017573952036372,,1,0.1038036526601968
CCCSc1ccc2nc(NC(=O)OC)[nH]c2c1,CC(C)=O,278.15,-1.6848909534652066,0.012,2,0.0083615020597751
CCCSc1ccc2nc(NC(=O)OC)[nH]c2c1,CC(C)=O,283.15,-1.6083793659313077,0.012,2,0.0083615020597751
CCCSc1ccc2nc(NC(=O)OC)[nH]c2c1,CC(C)=O,288.15,-1.5352702958513311,0.012,2,0.0083615020597751
CCCSc1ccc2nc(NC(=O)OC)[nH]c2c1,CC(C)=O,293.15,-1.465376895602931,0.012,2,0.0083615020597751
CCCSc1ccc2nc(NC(=O)OC)[nH]c2c1,CC(C)=O,298.15,-1.398525278944662,0.012,2,0.0083615020597751
CCCSc1ccc2nc(NC(=O)OC)[nH]c2c1,CC(C)=O,303.15,-1.3345534309632572,0.012,2,0.0083615020597751
CCCSc1ccc2nc(NC(=O)OC)[nH]c2c1,CC(C)=O,308.15,-1.2733102255170075,0.012,2,0.0083615020597751
CCCSc1ccc2nc(NC(=O)OC)[nH]c2c1,CC(C)=O,313.15,-1.2146545380508251,0.012,2,0.0083615020597751
CCCSc1ccc2nc(NC(=O)OC)[nH]c2c1,CC(C)=O,318.15,-1.158454443193551,0.012,2,0.0083615020597751
CCCSc1ccc2nc(NC(=O)OC)[nH]c2c1,CC(C)=O,323.15,-1.1045864878676828,0.01201442721756476,2,0.0083615020597751
CCCSc1ccc2nc(NC(=O)OC)[nH]c2c1,CC(C)O,278.15,-2.8620471165074566,0.014578108442359522,2,0.0076850688862967
CCCSc1ccc2nc(NC(=O)OC)[nH]c2c1,CC(C)O,283.15,-2.7725419954107413,0.012,2,0.0076850688862967
CCCSc1ccc2nc(NC(=O)OC)[nH]c2c1,CC(C)O,288.15,-2.686506985527105,0.012,2,0.0076850688862967
CCCSc1ccc2nc(NC(=O)OC)[nH]c2c1,CC(C)O,293.15,-2.60375831945397,0.012,2,0.0076850688862967
CCCSc1ccc2nc(NC(=O)OC)[nH]c2c1,CC(C)O,298.15,-2.524124765199895,0.012,2,0.0076850688862967
CCCSc1ccc2nc(NC(=O)OC)[nH]c2c1,CC(C)O,303.15,-2.447446582116024,0.012,2,0.0076850688862967
CCCSc1ccc2nc(NC(=O)OC)[nH]c2c1,CC(C)O,308.15,-2.3735745791420477,0.012,2,0.0076850688862967
CCCSc1ccc2nc(NC(=O)OC)[nH]c2c1,CC(C)O,313.15,-2.302369263877795,0.012,2,0.0076850688862967
CCCSc1ccc2nc(NC(=O)OC)[nH]c2c1,CC(C)O,318.15,-2.2337000724410996,0.012,2,0.0076850688862967
CCCSc1ccc2nc(NC(=O)OC)[nH]c2c1,CC(C)O,323.15,-2.167444671319692,0.012,2,0.0076850688862967
CCCSc1ccc2nc(NC(=O)OC)[nH]c2c1,CO,278.15,-2.630897308371785,0.03000589341972381,2,0.0264562801542224
CCCSc1ccc2nc(NC(=O)OC)[nH]c2c1,CO,283.15,-2.5585204877474585,0.012,2,0.0264562801542224
CCCSc1ccc2nc(NC(=O)OC)[nH]c2c1,CO,288.15,-2.4860692093165033,0.012,2,0.0264562801542224
CCCSc1ccc2nc(NC(=O)OC)[nH]c2c1,CO,293.15,-2.413591398526111,0.014588063084268223,2,0.0264562801542224
CCCSc1ccc2nc(NC(=O)OC)[nH]c2c1,CO,298.15,-2.3411302861063543,0.021925126318889814,2,0.0264562801542224
CCCSc1ccc2nc(NC(=O)OC)[nH]c2c1,CO,303.15,-2.2687248684698385,0.025899073031317523,2,0.0264562801542224
CCCSc1ccc2nc(NC(=O)OC)[nH]c2c1,CO,308.15,-2.19641031853443,0.026724258633561156,2,0.0264562801542224
CCCSc1ccc2nc(NC(=O)OC)[nH]c2c1,CO,313.15,-2.12421835288992,0.024599730710621895,2,0.0264562801542224
CCCSc1ccc2nc(NC(=O)OC)[nH]c2c1,CO,318.15,-2.0521775604492403,0.019710508175818226,2,0.0264562801542224
CCCSc1ccc2nc(NC(=O)OC)[nH]c2c1,CO,323.15,-1.9803136970569366,0.012228736952291517,2,0.0264562801542224
CCCSc1nc(N[C@@H]2C[C@H]2c2ccc(F)c(F)c2)c2nnn([C@@H]3C[C@H](OCCO)[C@@H](O)[C@H]3O)c2n1,CCCO,273.15,-1.4863031776584563,0.07348056608909703,2,0.160715977502416
CCCSc1nc(N[C@@H]2C[C@H]2c2ccc(F)c(F)c2)c2nnn([C@@H]3C[C@H](OCCO)[C@@H](O)[C@H]3O)c2n1,CCCO,278.15,-1.3809624607801823,0.04047704300148725,2,0.160715977502416
CCCSc1nc(N[C@@H]2C[C@H]2c2ccc(F)c(F)c2)c2nnn([C@@H]3C[C@H](OCCO)[C@@H](O)[C@H]3O)c2n1,CCCO,283.15,-1.2791541410977985,0.012,2,0.160715977502416
CCCSc1nc(N[C@@H]2C[C@H]2c2ccc(F)c(F)c2)c2nnn([C@@H]3C[C@H](OCCO)[C@@H](O)[C@H]3O)c2n1,CCCO,288.15,-1.1806975964673612,0.03799661332852167,2,0.160715977502416
CCCSc1nc(N[C@@H]2C[C@H]2c2ccc(F)c(F)c2)c2nnn([C@@H]3C[C@H](OCCO)[C@@H](O)[C@H]3O)c2n1,CCCO,293.15,-1.08542441633233,0.08285956796323801,2,0.160715977502416
CCCSc1nc(N[C@@H]2C[C@H]2c2ccc(F)c(F)c2)c2nnn([C@@H]3C[C@H](OCCO)[C@@H](O)[C@H]3O)c2n1,CCCO,298.15,-0.9931773833755528,0.1311075325526301,2,0.160715977502416
CCCSc1nc(N[C@@H]2C[C@H]2c2ccc(F)c(F)c2)c2nnn([C@@H]3C[C@H](OCCO)[C@@H](O)[C@H]3O)c2n1,CCCO,303.15,-0.9038095555785262,0.18249235909944153,2,0.160715977502416
CCCSc1nc(N[C@@H]2C[C@H]2c2ccc(F)c(F)c2)c2nnn([C@@H]3C[C@H](OCCO)[C@@H](O)[C@H]3O)c2n1,CCCO,308.15,-0.8171834373134814,0.23678462306314935,2,0.160715977502416
CCCSc1nc(N[C@@H]2C[C@H]2c2ccc(F)c(F)c2)c2nnn([C@@H]3C[C@H](OCCO)[C@@H](O)[C@H]3O)c2n1,CCCO,313.15,-0.7331702295437879,0.29377200317662217,2,0.160715977502416
CCCSc1nc(N[C@@H]2C[C@H]2c2ccc(F)c(F)c2)c2nnn([C@@H]3C[C@H](OCCO)[C@@H](O)[C@H]3O)c2n1,CCOC(C)=O,273.15,-1.4735936205873479,0.15607626388272947,2,0.1502486543441396
CCCSc1nc(N[C@@H]2C[C@H]2c2ccc(F)c(F)c2)c2nnn([C@@H]3C[C@H](OCCO)[C@@H](O)[C@H]3O)c2n1,CCOC(C)=O,278.15,-1.3841097665033466,0.1470094552007325,2,0.1502486543441396
CCCSc1nc(N[C@@H]2C[C@H]2c2ccc(F)c(F)c2)c2nnn([C@@H]3C[C@H](OCCO)[C@@H](O)[C@H]3O)c2n1,CCOC(C)=O,283.15,-1.2974872703842433,0.1362383617849627,2,0.1502486543441396
CCCSc1nc(N[C@@H]2C[C@H]2c2ccc(F)c(F)c2)c2nnn([C@@H]3C[C@H](OCCO)[C@@H](O)[C@H]3O)c2n1,CCOC(C)=O,288.15,-1.2135823685318066,0.12388683516249539,2,0.1502486543441396
CCCSc1nc(N[C@@H]2C[C@H]2c2ccc(F)c(F)c2)c2nnn([C@@H]3C[C@H](OCCO)[C@@H](O)[C@H]3O)c2n1,CCOC(C)=O,293.15,-1.1322609284542722,0.1100690785116357,2,0.1502486543441396
CCCSc1nc(N[C@@H]2C[C@H]2c2ccc(F)c(F)c2)c2nnn([C@@H]3C[C@H](OCCO)[C@@H](O)[C@H]3O)c2n1,CCOC(C)=O,298.15,-1.0533976501921138,0.09489051599607704,2,0.1502486543441396
CCCSc1nc(N[C@@H]2C[C@H]2c2ccc(F)c(F)c2)c2nnn([C@@H]3C[C@H](OCCO)[C@@H](O)[C@H]3O)c2n1,CCOC(C)=O,303.15,-0.9768753460936068,0.07844857208874123,2,0.1502486543441396
CCCSc1nc(N[C@@H]2C[C@H]2c2ccc(F)c(F)c2)c2nnn([C@@H]3C[C@H](OCCO)[C@@H](O)[C@H]3O)c2n1,CCOC(C)=O,308.15,-0.9025842901774741,0.060833371431664444,2,0.1502486543441396
CCCSc1nc(N[C@@H]2C[C@H]2c2ccc(F)c(F)c2)c2nnn([C@@H]3C[C@H](OCCO)[C@@H](O)[C@H]3O)c2n1,CCOC(C)=O,313.15,-0.8304216293473985,0.04212836840041421,2,0.1502486543441396
CCCc1cc(=O)[nH]c(=S)[nH]1,CCCO,278.15,-1.5026304030329272,0.039560650419522315,2,0.0191749339678343
CCCc1cc(=O)[nH]c(=S)[nH]1,CCCO,283.15,-1.4367930157890296,0.021563683786006566,2,0.0191749339678343
CCCc1cc(=O)[nH]c(=S)[nH]1,CCCO,288.15,-1.3708607191043651,0.012,2,0.0191749339678343
CCCc1cc(=O)[nH]c(=S)[nH]1,CCCO,293.15,-1.3048789625633594,0.012,2,0.0191749339678343
CCCc1cc(=O)[nH]c(=S)[nH]1,CCCO,298.15,-1.2388887852723434,0.012,2,0.0191749339678343
CCCc1cc(=O)[nH]c(=S)[nH]1,CCCO,303.15,-1.1729272469711276,0.014903487517807684,2,0.0191749339678343
CCCc1cc(=O)[nH]c(=S)[nH]1,CCCO,308.15,-1.1070278127985924,0.016248796971088043,2,0.0191749339678343
CCCc1cc(=O)[nH]c(=S)[nH]1,CCCO,313.15,-1.041220697241862,0.014873908563271539,2,0.0191749339678343
CCCc1cc(=O)[nH]c(=S)[nH]1,CCCO,318.15,-0.9755331720700755,0.012,2,0.0191749339678343
CCCc1cc(=O)[nH]c(=S)[nH]1,CCCO,323.15,-0.9099898424307991,0.012,2,0.0191749339678343
CCCc1cc(=O)[nH]c(=S)[nH]1,CCCO,328.15,-0.8473896383569541,,1,0.0191749339678343
CCCc1cc(=O)[nH]c(=S)[nH]1,CCCO,333.15,-0.7897411403748458,,1,0.0191749339678343
CCCc1cc(=O)[nH]c(=S)[nH]1,CCO,278.15,-1.3056225956841905,0.07487385047566897,2,0.0389696028079856
CCCc1cc(=O)[nH]c(=S)[nH]1,CCO,283.15,-1.243370822127856,0.0582209186253242,2,0.0389696028079856
CCCc1cc(=O)[nH]c(=S)[nH]1,CCO,288.15,-1.1810565788618907,0.04425601811360456,2,0.0389696028079856
CCCc1cc(=O)[nH]c(=S)[nH]1,CCO,293.15,-1.1187209796277005,0.03280561298199493,2,0.0389696028079856
CCCc1cc(=O)[nH]c(=S)[nH]1,CCO,298.15,-1.0564011083036569,0.02370901553936183,2,0.0389696028079856
CCCc1cc(=O)[nH]c(=S)[nH]1,CCO,303.15,-0.9941304141858147,0.01681726704334484,2,0.0389696028079856
CCCc1cc(=O)[nH]c(=S)[nH]1,CCO,308.15,-0.9319390646994758,0.012,2,0.0389696028079856
CCCc1cc(=O)[nH]c(=S)[nH]1,CCO,313.15,-0.8698542606257025,0.012,2,0.0389696028079856
CCCc1cc(=O)[nH]c(=S)[nH]1,CCO,318.15,-0.8079005182572292,0.012,2,0.0389696028079856
CCCc1cc(=O)[nH]c(=S)[nH]1,CCO,323.15,-0.7460999223242437,0.012,2,0.0389696028079856
CCCc1cc(=O)[nH]c(=S)[nH]1,CCO,328.15,-0.6921938990433496,,1,0.0389696028079856
CCCc1cc(=O)[nH]c(=S)[nH]1,CCO,333.15,-0.6334095311351984,,1,0.0389696028079856
CCCc1cc(=O)[nH]c(=S)[nH]1,CN(C)C=O,278.15,0.10936257544730665,,1,0.0287756289944189
CCCc1cc(=O)[nH]c(=S)[nH]1,CN(C)C=O,283.15,0.17525588554865124,,1,0.0287756289944189
CCCc1cc(=O)[nH]c(=S)[nH]1,CN(C)C=O,288.15,0.2343648676017125,,1,0.0287756289944189
CCCc1cc(=O)[nH]c(=S)[nH]1,CN(C)C=O,293.15,0.2777045342331874,0.013306121605504225,2,0.0287756289944189
CCCc1cc(=O)[nH]c(=S)[nH]1,CN(C)C=O,298.15,0.3440040477568971,0.014297360714027952,2,0.0287756289944189
CCCc1cc(=O)[nH]c(=S)[nH]1,CN(C)C=O,303.15,0.41006388193947174,0.04948583449880193,2,0.0287756289944189
CCCc1cc(=O)[nH]c(=S)[nH]1,CN(C)C=O,308.15,0.5407427208774038,,1,0.0287756289944189
CCCc1cc(=O)[nH]c(=S)[nH]1,CN(C)C=O,313.15,0.6408248212968601,,1,0.0287756289944189
CCCc1cc(=O)[nH]c(=S)[nH]1,CN(C)C=O,318.15,0.7449776337617209,,1,0.0287756289944189
CCCc1cc(=O)[nH]c(=S)[nH]1,CN(C)C=O,323.15,0.8529005362827888,,1,0.0287756289944189
CCCc1cc(=O)[nH]c(=S)[nH]1,CN(C)C=O,328.15,0.9643146324519023,,1,0.0287756289944189
CCCc1cc(=O)[nH]c(=S)[nH]1,CN(C)C=O,333.15,1.0789609678674879,,1,0.0287756289944189
CCCc1cc(=O)[nH]c(=S)[nH]1,CO,278.15,-0.9685425060267994,0.19474351435587242,2,0.196851751332653
CCCc1cc(=O)[nH]c(=S)[nH]1,CO,283.15,-0.9042772252268678,0.17706626942128653,2,0.196851751332653
CCCc1cc(=O)[nH]c(=S)[nH]1,CO,288.15,-0.8413537145071333,0.1617215370300703,2,0.196851751332653
CCCc1cc(=O)[nH]c(=S)[nH]1,CO,293.15,-0.7797184736359726,0.14856064328570498,2,0.196851751332653
CCCc1cc(=O)[nH]c(=S)[nH]1,CO,298.15,-0.7193210827875229,0.13744587103250036,2,0.196851751332653
CCCc1cc(=O)[nH]c(=S)[nH]1,CO,303.15,-0.6601139736696471,0.12824950760066528,2,0.196851751332653
CCCc1cc(=O)[nH]c(=S)[nH]1,CO,308.15,-0.6020522213003257,0.12085298841868884,2,0.196851751332653
CCCc1cc(=O)[nH]c(=S)[nH]1,CO,313.15,-0.545093354255076,0.11514612552577942,2,0.196851751332653
CCCc1cc(=O)[nH]c(=S)[nH]1,CO,318.15,-0.48919718146961255,0.11102641141965246,2,0.196851751332653
CCCc1cc(=O)[nH]c(=S)[nH]1,CO,323.15,-0.4343256339079775,0.10839838988019111,2,0.196851751332653
CCCc1cc(=O)[nH]c(=S)[nH]1,CO,328.15,-0.4562254357901141,,1,0.196851751332653
CCCc1cc(=O)[nH]c(=S)[nH]1,CO,333.15,-0.403363461826733,,1,0.196851751332653
CCCc1cc(=O)[nH]c(=S)[nH]1,O,278.15,-2.4613132598383283,0.15805332215518597,2,0.0831968854894048
CCCc1cc(=O)[nH]c(=S)[nH]1,O,283.15,-2.3747085596044553,0.12678782152572782,2,0.0831968854894048
CCCc1cc(=O)[nH]c(=S)[nH]1,O,288.15,-2.2904242578273193,0.09785012158629683,2,0.0831968854894048
CCCc1cc(=O)[nH]c(=S)[nH]1,O,293.15,-2.2083533106354984,0.07109991385862753,2,0.0831968854894048
CCCc1cc(=O)[nH]c(=S)[nH]1,O,298.15,-2.1283954626512065,0.04640701291886873,2,0.0831968854894048
CCCc1cc(=O)[nH]c(=S)[nH]1,O,303.15,-2.050456706562982,0.023650486382235027,2,0.0831968854894048
CCCc1cc(=O)[nH]c(=S)[nH]1,O,308.15,-1.9744487940521922,0.012,2,0.0831968854894048
CCCc1cc(=O)[nH]c(=S)[nH]1,O,313.15,-1.9002887924342673,0.016495528925581482,2,0.0831968854894048
CCCc1cc(=O)[nH]c(=S)[nH]1,O,318.15,-1.827898682075052,0.03408728778110938,2,0.0831968854894048
CCCc1cc(=O)[nH]c(=S)[nH]1,O,323.15,-1.757204990245795,0.050148426542885385,2,0.0831968854894048
CCCc1cc(=O)[nH]c(=S)[nH]1,O,328.15,-1.6423434367958358,,1,0.0831968854894048
CCCc1cc(=O)[nH]c(=S)[nH]1,O,333.15,-1.5654700235373213,,1,0.0831968854894048
CCOC(=O)[C@@H](C)Oc1ccc(Oc2cnc3cc(Cl)ccc3n2)cc1,CCO,273.15,-1.977446821607586,,1,0.0472363154742877
CCOC(=O)[C@@H](C)Oc1ccc(Oc2cnc3cc(Cl)ccc3n2)cc1,CCO,278.15,-1.8053503040505703,0.05068085074387844,2,0.0472363154742877
CCOC(=O)[C@@H](C)Oc1ccc(Oc2cnc3cc(Cl)ccc3n2)cc1,CCO,283.15,-1.6802251019429946,0.03635067201370192,2,0.0472363154742877
CCOC(=O)[C@@H](C)Oc1ccc(Oc2cnc3cc(Cl)ccc3n2)cc1,CCO,288.15,-1.5522758067921316,0.02745059399647201,2,0.0472363154742877
CCOC(=O)[C@@H](C)Oc1ccc(Oc2cnc3cc(Cl)ccc3n2)cc1,CCO,293.15,-1.4217691670433439,0.02361862478071947,2,0.0472363154742877
CCOC(=O)[C@@H](C)Oc1ccc(Oc2cnc3cc(Cl)ccc3n2)cc1,CCO,298.15,-1.288949936868221,0.024519877567592156,2,0.0472363154742877
CCOC(=O)[C@@H](C)Oc1ccc(Oc2cnc3cc(Cl)ccc3n2)cc1,CCO,303.15,-1.1540428929194704,0.029844195692729926,2,0.0472363154742877
CCOC(=O)[C@@H](C)Oc1ccc(Oc2cnc3cc(Cl)ccc3n2)cc1,CCO,308.15,-1.0172546415690675,0.03930401793299928,2,0.0472363154742877
CCOC(=O)[C@@H](C)Oc1ccc(Oc2cnc3cc(Cl)ccc3n2)cc1,CCO,313.15,-0.8787752410995395,0.052632456518009435,2,0.0472363154742877
CCOC(=O)[C@@H](C)Oc1ccc(Oc2cnc3cc(Cl)ccc3n2)cc1,CCO,318.15,-0.6895780645317018,,1,0.0472363154742877
CCOc1ccc(NC(C)=O)cc1,CCCCO,283.15,-0.8815068446629084,,1,0.1737398624384631
CCOc1ccc(NC(C)=O)cc1,CCCCO,283.37,-0.8075924910670551,0.10039972618706124,2,0.1737398624384631
CCOc1ccc(NC(C)=O)cc1,CCCCO,288.15,-0.7355768615777194,0.10916814349688611,2,0.1737398624384631
CCOc1ccc(NC(C)=O)cc1,CCCCO,293.15,-0.6568775963026496,0.11665159639205448,2,0.1737398624384631
CCOc1ccc(NC(C)=O)cc1,CCCCO,293.73,-0.6475379764328295,0.11741294854254396,2,0.1737398624384631
CCOc1ccc(NC(C)=O)cc1,CCCCO,298.15,-0.5750035886799552,0.12251748008056036,2,0.1737398624384631
CCOc1ccc(NC(C)=O)cc1,CCCCO,298.2,-0.5741696891215256,0.12256832367867605,2,0.1737398624384631
CCOc1ccc(NC(C)=O)cc1,CCCCO,303.15,-0.49020783401721246,0.12686837430532188,2,0.1737398624384631
CCOc1ccc(NC(C)=O)cc1,CCCCO,303.18,-0.48969072205429853,0.12689010304080017,2,0.1737398624384631
CCOc1ccc(NC(C)=O)cc1,CCCCO,308.05,-0.404498397955237,0.12975417901829747,2,0.1737398624384631
CCOc1ccc(NC(C)=O)cc1,CCCCO,308.15,-0.40272379455375784,0.129799469411603,2,0.1737398624384631
CCOc1ccc(NC(C)=O)cc1,CCCCO,313.15,-0.3127671079936931,0.1313991913229951,2,0.1737398624384631
CCOc1ccc(NC(C)=O)cc1,CCCCO,313.23,-0.3113088129143122,0.13141442249329233,2,0.1737398624384631
CCOc1ccc(NC(C)=O)cc1,CCCCO,318.15,-0.2205371255555022,0.1317497653810025,2,0.1737398624384631
CCOc1ccc(NC(C)=O)cc1,CCCCO,318.43,-0.21530883491525543,0.131734039435583,2,0.1737398624384631
CCOc1ccc(NC(C)=O)cc1,CCCCO,323.15,-0.12621829872882273,0.13092772584086923,2,0.1737398624384631
CCOc1ccc(NC(C)=O)cc1,CCCCO,323.25,-0.03175165871161312,,1,0.1737398624384631
CCOc1ccc(NC(C)=O)cc1,CCCCO,328.15,0.06123843823633024,,1,0.1737398624384631
CCOc1ccc(NC(C)=O)cc1,CCCCO,333.27,0.15945679784086053,,1,0.1737398624384631
CCOc1ccc(NC(C)=O)cc1,CCCO,282.65,-0.9044028739735666,,1,0.0382807552052227
CCOc1ccc(NC(C)=O)cc1,CCCO,283.15,-0.8666809229370855,0.040510619922996385,2,0.0382807552052227
CCOc1ccc(NC(C)=O)cc1,CCCO,288.15,-0.7786945310356614,0.035470751218151284,2,0.0382807552052227
CCOc1ccc(NC(C)=O)cc1,CCCO,289.25,-0.7590748739649555,0.03447571403578238,2,0.0382807552052227
CCOc1ccc(NC(C)=O)cc1,CCCO,293.15,-0.688799129142545,0.03126412538134518,2,0.0382807552052227
CCOc1ccc(NC(C)=O)cc1,CCCO,293.45,-0.6833486711130163,0.0310370468624431,2,0.0382807552052227
CCOc1ccc(NC(C)=O)cc1,CCCO,298.15,-0.5971731162568972,0.027837730254056524,2,0.0382807552052227
CCOc1ccc(NC(C)=O)cc1,CCCO,298.25,-0.5953240925165062,0.027776816998257146,2,0.0382807552052227
CCOc1ccc(NC(C)=O)cc1,CCCO,303.15,-0.5039804046216503,0.02514241702620572,2,0.0382807552052227
CCOc1ccc(NC(C)=O)cc1,CCCO,303.31,-0.5009740880141678,0.02506771939048889,2,0.0382807552052227
CCOc1ccc(NC(C)=O)cc1,CCCO,307.85,-0.41508559343134976,0.023234617484991237,2,0.0382807552052227
CCOc1ccc(NC(C)=O)cc1,CCCO,308.15,-0.4093717273092068,0.023132568989584032,2,0.0382807552052227
CCOc1ccc(NC(C)=O)cc1,CCCO,313.15,-0.31348581208889925,0.02176580316292905,2,0.0382807552052227
CCOc1ccc(NC(C)=O)cc1,CCCO,313.3,-0.3105908634118748,0.021734316578241868,2,0.0382807552052227
CCOc1ccc(NC(C)=O)cc1,CCCO,318.15,-0.2164504369510709,0.02100270108325875,2,0.0382807552052227
CCOc1ccc(NC(C)=O)cc1,CCCO,323.15,-0.11838338069728849,0.020806565524270484,2,0.0382807552052227
CCOc1ccc(NC(C)=O)cc1,CCCO,323.25,-0.13112588725435614,,1,0.0382807552052227
CCOc1ccc(NC(C)=O)cc1,CCCO,328.45,-0.028403013631404406,,1,0.0382807552052227
CCOc1ccc(NC(C)=O)cc1,CCCO,333.7,0.07581663839023633,,1,0.0382807552052227
CCOc1ccc(NC(C)=O)cc1,CCO,282.65,-0.7679601404043979,,1,0.0376982730224218
CCOc1ccc(NC(C)=O)cc1,CCO,283.15,-0.756426790951167,0.012,2,0.0376982730224218
CCOc1ccc(NC(C)=O)cc1,CCO,288.15,-0.6667385388478948,0.012,2,0.0376982730224218
CCOc1ccc(NC(C)=O)cc1,CCO,289.25,-0.6467852552603972,0.012,2,0.0376982730224218
CCOc1ccc(NC(C)=O)cc1,CCO,293.15,-0.5754400449748758,0.01600307658072365,2,0.0376982730224218
CCOc1ccc(NC(C)=O)cc1,CCO,293.41,-0.5706515210706229,0.016297501780585838,2,0.0376982730224218
CCOc1ccc(NC(C)=O)cc1,CCO,298.15,-0.48269064004031037,0.021594840134878723,2,0.0376982730224218
CCOc1ccc(NC(C)=O)cc1,CCO,298.25,-0.48082187777656316,0.021705185715704147,2,0.0376982730224218
CCOc1ccc(NC(C)=O)cc1,CCO,303.15,-0.3886365592000942,0.02704269419971597,2,0.0376982730224218
CCOc1ccc(NC(C)=O)cc1,CCO,303.31,-0.38560681856104395,0.027214721357282035,2,0.0376982730224218
CCOc1ccc(NC(C)=O)cc1,CCO,307.85,-0.29915629836708746,0.032038137229392416,2,0.0376982730224218
CCOc1ccc(NC(C)=O)cc1,CCO,308.15,-0.29341213029132973,0.032352985991035574,2,0.0376982730224218
CCOc1ccc(NC(C)=O)cc1,CCO,313.15,-0.19714084019596356,0.03753167835967321,2,0.0376982730224218
CCOc1ccc(NC(C)=O)cc1,CCO,313.3,-0.19423773884892626,0.03768506540365626,2,0.0376982730224218
CCOc1ccc(NC(C)=O)cc1,CCO,318.15,-0.09993629337316179,0.04258437900348978,2,0.0376982730224218
CCOc1ccc(NC(C)=O)cc1,CCO,318.25,-0.09798341586709824,0.04268418468525652,2,0.0376982730224218
CCOc1ccc(NC(C)=O)cc1,CCO,323.15,-0.0019030748026480637,0.0475163670291958,2,0.0376982730224218
CCOc1ccc(NC(C)=O)cc1,CCO,323.25,-0.03360268085064888,,1,0.0376982730224218
CCOc1ccc(NC(C)=O)cc1,CCO,328.65,0.06943488690858146,,1,0.0376982730224218
CCOc1ccc(NC(C)=O)cc1,CCO,333.7,0.16654909594348055,,1,0.0376982730224218
CCOc1ccc(NC(C)=O)cc1,CCOC(C)=O,282.65,-1.1920664080453633,,1,0.0384135593050224
CCOc1ccc(NC(C)=O)cc1,CCOC(C)=O,283.15,-1.180638727364336,0.012,2,0.0384135593050224
CCOc1ccc(NC(C)=O)cc1,CCOC(C)=O,288.15,-1.0928180155814182,0.013978153891759895,2,0.0384135593050224
CCOc1ccc(NC(C)=O)cc1,CCOC(C)=O,289.45,-1.0700101786747886,0.016076516948133092,2,0.0384135593050224
CCOc1ccc(NC(C)=O)cc1,CCOC(C)=O,293.15,-1.0051633915919638,0.021402223573573687,2,0.0384135593050224
CCOc1ccc(NC(C)=O)cc1,CCOC(C)=O,293.3,-1.0025367386717967,0.021598401902156863,2,0.0384135593050224
CCOc1ccc(NC(C)=O)cc1,CCOC(C)=O,298.15,-0.9177139579601707,0.02714409983342719,2,0.0384135593050224
CCOc1ccc(NC(C)=O)cc1,CCOC(C)=O,298.35,-0.9142207561963609,0.02734032398123229,2,0.0384135593050224
CCOc1ccc(NC(C)=O)cc1,CCOC(C)=O,303.15,-0.8305046717645226,0.03131065888270873,2,0.0384135593050224
CCOc1ccc(NC(C)=O)cc1,CCOC(C)=O,303.17,-0.8301563598882566,0.03132429734391053,2,0.0384135593050224
CCOc1ccc(NC(C)=O)cc1,CCOC(C)=O,308.03,-0.7456498676360042,0.03395306783045305,2,0.0384135593050224
CCOc1ccc(NC(C)=O)cc1,CCOC(C)=O,308.15,-0.7435667571485745,0.0340010730155576,2,0.0384135593050224
CCOc1ccc(NC(C)=O)cc1,CCOC(C)=O,313.05,-0.6586577494235115,0.035294333912400264,2,0.0384135593050224
CCOc1ccc(NC(C)=O)cc1,CCOC(C)=O,313.15,-0.6569280734794525,0.03530746240276323,2,0.0384135593050224
CCOc1ccc(NC(C)=O)cc1,CCOC(C)=O,318.15,-0.5706134443803101,0.03531548311311111,2,0.0384135593050224
CCOc1ccc(NC(C)=O)cc1,CCOC(C)=O,318.25,-0.5688906131514351,0.0353029571847378,2,0.0384135593050224
CCOc1ccc(NC(C)=O)cc1,CCOC(C)=O,323.15,-0.4846449522157812,0.03410485844855752,2,0.0384135593050224
CCOc1ccc(NC(C)=O)cc1,CCOC(C)=O,323.25,-0.5070194847874205,,1,0.0384135593050224
CCOc1ccc(NC(C)=O)cc1,CCOC(C)=O,328.15,-0.4214927431855813,,1,0.0384135593050224
CCOc1ccc(NC(C)=O)cc1,CCOC(C)=O,333.15,-0.33384764028704694,,1,0.0384135593050224
CCOc1ccc(NC(C)=O)cc1,CO,283.15,-0.5624025600458253,,1,0.0255506947626635
CCOc1ccc(NC(C)=O)cc1,CO,283.74,-0.5671845248419984,0.02057032713490108,2,0.0255506947626635
CCOc1ccc(NC(C)=O)cc1,CO,288.15,-0.48463958997030687,0.012,2,0.0255506947626635
CCOc1ccc(NC(C)=O)cc1,CO,293.15,-0.3882011950519022,0.012,2,0.0255506947626635
CCOc1ccc(NC(C)=O)cc1,CO,293.83,-0.3748651845388373,0.012,2,0.0255506947626635
CCOc1ccc(NC(C)=O)cc1,CO,298.15,-0.2889806568597031,0.012,2,0.0255506947626635
CCOc1ccc(NC(C)=O)cc1,CO,298.18,-0.2883774248815314,0.012,2,0.0255506947626635
CCOc1ccc(NC(C)=O)cc1,CO,303.15,-0.18721488289265764,0.012,2,0.0255506947626635
CCOc1ccc(NC(C)=O)cc1,CO,303.18,-0.1865970560999557,0.012,2,0.0255506947626635
CCOc1ccc(NC(C)=O)cc1,CO,308.05,-0.08522551243750343,0.014107088138408634,2,0.0255506947626635
CCOc1ccc(NC(C)=O)cc1,CO,308.15,-0.08312218339146327,0.014286195170289194,2,0.0255506947626635
CCOc1ccc(NC(C)=O)cc1,CO,313.15,0.023096089647214768,0.02512157753632616,2,0.0255506947626635
CCOc1ccc(NC(C)=O)cc1,CO,313.25,0.02524083475602268,0.025375036243917994,2,0.0255506947626635
CCOc1ccc(NC(C)=O)cc1,CO,318.1,0.1301634613340248,0.03932399979657576,2,0.0255506947626635
CCOc1ccc(NC(C)=O)cc1,CO,318.15,0.13125406771099435,0.03948434056907808,2,0.0255506947626635
CCOc1ccc(NC(C)=O)cc1,CO,323.15,0.24118003672521837,0.057150897414870214,2,0.0255506947626635
CCOc1ccc(NC(C)=O)cc1,CO,323.25,0.2027110483165302,,1,0.0255506947626635
CCOc1ccc(NC(C)=O)cc1,CO,328.15,0.2976223473180397,,1,0.0255506947626635
CCOc1ccc(NC(C)=O)cc1,CO,333.45,0.39964389895190067,,1,0.0255506947626635
CCOc1ccccc1C(N)=O,CC#N,288.15,-0.9861901198111287,,1,0.0282200198609269
CCOc1ccccc1C(N)=O,CC#N,293.15,-0.8621436067150952,0.014955655700463396,2,0.0282200198609269
CCOc1ccccc1C(N)=O,CC#N,298.15,-0.7353951480312078,0.02003872306820691,2,0.0282200198609269
CCOc1ccccc1C(N)=O,CC#N,303.15,-0.6110486634843544,0.022761153476237146,2,0.0282200198609269
CCOc1ccccc1C(N)=O,CC#N,308.15,-0.4890161004018152,0.023273443004476767,2,0.0282200198609269
CCOc1ccccc1C(N)=O,CC#N,313.15,-0.3692141077501838,0.021715339437069443,2,0.0282200198609269
CCOc1ccccc1C(N)=O,CC#N,318.15,-0.2515637101632304,0.018216740450283812,2,0.0282200198609269
CCOc1ccccc1C(N)=O,CC#N,323.15,-0.13599000954011364,0.012898505098257636,2,0.0282200198609269
CCOc1ccccc1C(N)=O,CC(C)O,288.15,-1.101380865532036,,1,0.0904143115974837
CCOc1ccccc1C(N)=O,CC(C)O,293.15,-0.9437138811329859,0.08274970614069097,2,0.0904143115974837
CCOc1ccccc1C(N)=O,CC(C)O,298.15,-0.8465012351799146,0.07617393054532935,2,0.0904143115974837
CCOc1ccccc1C(N)=O,CC(C)O,303.15,-0.7466677245226663,0.06980475515942691,2,0.0904143115974837
CCOc1ccccc1C(N)=O,CC(C)O,308.15,-0.6444354932863448,0.0636322905625288,2,0.0904143115974837
CCOc1ccccc1C(N)=O,CC(C)O,313.15,-0.5400094776237481,0.05764727359758727,2,0.0904143115974837
CCOc1ccccc1C(N)=O,CC(C)O,318.15,-0.4335789003283068,0.05184101841174062,2,0.0904143115974837
CCOc1ccccc1C(N)=O,CC(C)O,323.15,-0.32531861787625616,0.04620537202656541,2,0.0904143115974837
CCOc1ccccc1C(N)=O,CC(C)O,328.15,-0.24419268628008695,,1,0.0904143115974837
CCOc1ccccc1C(N)=O,CCO,288.15,-0.7197164030107714,,1,0.0233030273415769
CCOc1ccccc1C(N)=O,CCO,293.15,-0.6483373726844945,0.03599584408118496,2,0.0233030273415769
CCOc1ccccc1C(N)=O,CCO,298.15,-0.5455333085673484,0.025566671526127595,2,0.0233030273415769
CCOc1ccccc1C(N)=O,CCO,303.15,-0.4460077063975394,0.01784572423255184,2,0.0233030273415769
CCOc1ccccc1C(N)=O,CCO,308.15,-0.34960280789362486,0.012662807644876373,2,0.0233030273415769
CCOc1ccccc1C(N)=O,CCO,313.15,-0.2561708719214124,0.012,2,0.0233030273415769
CCOc1ccccc1C(N)=O,CCO,318.15,-0.16557339010877214,0.012,2,0.0233030273415769
CCOc1ccccc1C(N)=O,CCO,323.15,-0.07768037510921033,0.012,2,0.0233030273415769
CCOc1ccccc1C(N)=O,CO,288.15,-0.4138811752790019,,1,0.0263424465721029
CCOc1ccccc1C(N)=O,CO,293.15,-0.3648248949008348,0.04288310609058554,2,0.0263424465721029
CCOc1ccccc1C(N)=O,CO,298.15,-0.27628078206326023,0.032989026643590914,2,0.0263424465721029
CCOc1ccccc1C(N)=O,CO,303.15,-0.18663604580183346,0.024341016634520745,2,0.0263424465721029
CCOc1ccccc1C(N)=O,CO,308.15,-0.09600951888432974,0.016863496213305275,2,0.0263424465721029
CCOc1ccccc1C(N)=O,CO,313.15,-0.004510360396942303,0.012,2,0.0263424465721029
CCOc1ccccc1C(N)=O,CO,318.15,0.08776108582415532,0.012,2,0.0263424465721029
CCOc1ccccc1C(N)=O,CO,323.15,0.18071251853839243,0.012,2,0.0263424465721029
CC[C@H](C)C(=O)O[C@H]1C[C@@H](C)C=C2C=C[C@H](C)[C@H](CC[C@@H]3C[C@@H](O)CC(=O)O3)[C@H]21,CC(C)=O,278.65,-1.0504939443287498,,1,0.0332232572445201
CC[C@H](C)C(=O)O[C@H]1C[C@@H](C)C=C2C=C[C@H](C)[C@H](CC[C@@H]3C[C@@H](O)CC(=O)O3)[C@H]21,CC(C)=O,283.2,-0.9891431410005964,,1,0.0332232572445201
CC[C@H](C)C(=O)O[C@H]1C[C@@H](C)C=C2C=C[C@H](C)[C@H](CC[C@@H]3C[C@@H](O)CC(=O)O3)[C@H]21,CC(C)=O,285.1,-0.9502355775290212,0.017600585417935685,2,0.0332232572445201
CC[C@H](C)C(=O)O[C@H]1C[C@@H](C)C=C2C=C[C@H](C)[C@H](CC[C@@H]3C[C@@H](O)CC(=O)O3)[C@H]21,CC(C)=O,288.2,-0.9038772700078681,0.020672629689154592,2,0.0332232572445201
CC[C@H](C)C(=O)O[C@H]1C[C@@H](C)C=C2C=C[C@H](C)[C@H](CC[C@@H]3C[C@@H](O)CC(=O)O3)[C@H]21,CC(C)=O,288.3,-0.9023704593999504,0.0207591297578704,2,0.0332232572445201
CC[C@H](C)C(=O)O[C@H]1C[C@@H](C)C=C2C=C[C@H](C)[C@H](CC[C@@H]3C[C@@H](O)CC(=O)O3)[C@H]21,CC(C)=O,291.2,-0.8583752988992437,0.02293447091179537,2,0.0332232572445201
CC[C@H](C)C(=O)O[C@H]1C[C@@H](C)C=C2C=C[C@H](C)[C@H](CC[C@@H]3C[C@@H](O)CC(=O)O3)[C@H]21,CC(C)=O,293.25,-0.8269390804931831,0.024092369354966805,2,0.0332232572445201
CC[C@H](C)C(=O)O[C@H]1C[C@@H](C)C=C2C=C[C@H](C)[C@H](CC[C@@H]3C[C@@H](O)CC(=O)O3)[C@H]21,CC(C)=O,294.6,-0.8060911451783355,0.02468789148869631,2,0.0332232572445201
CC[C@H](C)C(=O)O[C@H]1C[C@@H](C)C=C2C=C[C@H](C)[C@H](CC[C@@H]3C[C@@H](O)CC(=O)O3)[C@H]21,CC(C)=O,297.2,-0.7656251988319234,0.025471094506559374,2,0.0332232572445201
CC[C@H](C)C(=O)O[C@H]1C[C@@H](C)C=C2C=C[C@H](C)[C@H](CC[C@@H]3C[C@@H](O)CC(=O)O3)[C@H]21,CC(C)=O,298.75,-0.7413112567898565,0.025715721732500866,2,0.0332232572445201
CC[C@H](C)C(=O)O[C@H]1C[C@@H](C)C=C2C=C[C@H](C)[C@H](CC[C@@H]3C[C@@H](O)CC(=O)O3)[C@H]21,CC(C)=O,300.3,-0.7168605551405456,0.025798478941318263,2,0.0332232572445201
CC[C@H](C)C(=O)O[C@H]1C[C@@H](C)C=C2C=C[C@H](C)[C@H](CC[C@@H]3C[C@@H](O)CC(=O)O3)[C@H]21,CC(C)=O,303.1,-0.6723579917480116,0.025548260538862753,2,0.0332232572445201
CC[C@H](C)C(=O)O[C@H]1C[C@@H](C)C=C2C=C[C@H](C)[C@H](CC[C@@H]3C[C@@H](O)CC(=O)O3)[C@H]21,CC(C)=O,303.95,-0.6587661843107675,0.025372806412053188,2,0.0332232572445201
CC[C@H](C)C(=O)O[C@H]1C[C@@H](C)C=C2C=C[C@H](C)[C@H](CC[C@@H]3C[C@@H](O)CC(=O)O3)[C@H]21,CC(C)=O,306.3,-0.6209975941883812,0.02465287723039189,2,0.0332232572445201
CC[C@H](C)C(=O)O[C@H]1C[C@@H](C)C=C2C=C[C@H](C)[C@H](CC[C@@H]3C[C@@H](O)CC(=O)O3)[C@H]21,CC(C)=O,308.25,-0.589451649799134,0.02379948965530812,2,0.0332232572445201
CC[C@H](C)C(=O)O[C@H]1C[C@@H](C)C=C2C=C[C@H](C)[C@H](CC[C@@H]3C[C@@H](O)CC(=O)O3)[C@H]21,CC(C)=O,309.4,-0.5707631774339177,0.02318994612760293,2,0.0332232572445201
CC[C@H](C)C(=O)O[C@H]1C[C@@H](C)C=C2C=C[C@H](C)[C@H](CC[C@@H]3C[C@@H](O)CC(=O)O3)[C@H]21,CC(C)=O,312.2,-0.5250090346226628,0.021384569997988954,2,0.0332232572445201
CC[C@H](C)C(=O)O[C@H]1C[C@@H](C)C=C2C=C[C@H](C)[C@H](CC[C@@H]3C[C@@H](O)CC(=O)O3)[C@H]21,CC(C)=O,313.25,-0.5223234995526553,,1,0.0332232572445201
CC[C@H](C)C(=O)O[C@H]1C[C@@H](C)C=C2C=C[C@H](C)[C@H](CC[C@@H]3C[C@@H](O)CC(=O)O3)[C@H]21,CC(C)=O,318.15,-0.4380573472243725,,1,0.0332232572445201
CC[C@H](C)C(=O)O[C@H]1C[C@@H](C)C=C2C=C[C@H](C)[C@H](CC[C@@H]3C[C@@H](O)CC(=O)O3)[C@H]21,CC(C)=O,322.65,-0.3590726762167691,,1,0.0332232572445201
CCn1c2ccccc2c2cc(-n3nncc3-c3ccccc3)ccc21,CC#N,278.15,-1.4663001883435847,,1,0.0335098142889543
CCn1c2ccccc2c2cc(-n3nncc3-c3ccccc3)ccc21,CC#N,281.7,-1.4137285380240616,0.019012999677859025,2,0.0335098142889543
CCn1c2ccccc2c2cc(-n3nncc3-c3ccccc3)ccc21,CC#N,283.15,-1.389226846593198,0.02207508069145047,2,0.0335098142889543
CCn1c2ccccc2c2cc(-n3nncc3-c3ccccc3)ccc21,CC#N,287.8,-1.310145179519962,0.02957654284669359,2,0.0335098142889543
CCn1c2ccccc2c2cc(-n3nncc3-c3ccccc3)ccc21,CC#N,288.15,-1.30416320551676,0.030002317369059273,2,0.0335098142889543
CCn1c2ccccc2c2cc(-n3nncc3-c3ccccc3)ccc21,CC#N,293.15,-1.2182925200802508,0.034057072407874436,2,0.0335098142889543
CCn1c2ccccc2c2cc(-n3nncc3-c3ccccc3)ccc21,CC#N,295.4,-1.1794151378331303,0.03468702931429106,2,0.0335098142889543
CCn1c2ccccc2c2cc(-n3nncc3-c3ccccc3)ccc21,CC#N,298.15,-1.1317175950914926,0.03449458416491862,2,0.0335098142889543
CCn1c2ccccc2c2cc(-n3nncc3-c3ccccc3)ccc21,CC#N,303.15,-1.0445324007641688,0.03155125879508098,2,0.0335098142889543
CCn1c2ccccc2c2cc(-n3nncc3-c3ccccc3)ccc21,CC#N,304.8,-1.015642227261127,0.029875859489585262,2,0.0335098142889543
CCn1c2ccccc2c2cc(-n3nncc3-c3ccccc3)ccc21,CC#N,308.15,-0.9568228893749744,0.025446295133238327,2,0.0335098142889543
CCn1c2ccccc2c2cc(-n3nncc3-c3ccccc3)ccc21,CC#N,312.3,-0.8836823662604871,0.01812427487284213,2,0.0335098142889543
CCn1c2ccccc2c2cc(-n3nncc3-c3ccccc3)ccc21,CC#N,313.15,-0.8686677273018919,0.016383147712595632,2,0.0335098142889543
CCn1c2ccccc2c2cc(-n3nncc3-c3ccccc3)ccc21,CC#N,318.15,-0.7801389522542514,0.012,2,0.0335098142889543
CCn1c2ccccc2c2cc(-n3nncc3-c3ccccc3)ccc21,CC#N,319.4,-0.7579562406773785,0.012,2,0.0335098142889543
CCn1c2ccccc2c2cc(-n3nncc3-c3ccccc3)ccc21,CC#N,323.15,-0.6913025642441895,0.012,2,0.0335098142889543
CCn1c2ccccc2c2cc(-n3nncc3-c3ccccc3)ccc21,CC#N,325.0,-0.6471693396361786,,1,0.0335098142889543
CCn1c2ccccc2c2cc(-n3nncc3-c3ccccc3)ccc21,CC(C)O,278.15,-2.551810490044282,,1,0.0387406440227098
CCn1c2ccccc2c2cc(-n3nncc3-c3ccccc3)ccc21,CC(C)O,279.4,-2.53314514248466,0.016782476553522337,2,0.0387406440227098
CCn1c2ccccc2c2cc(-n3nncc3-c3ccccc3)ccc21,CC(C)O,283.15,-2.4480818005796934,0.024533246838346123,2,0.0387406440227098
CCn1c2ccccc2c2cc(-n3nncc3-c3ccccc3)ccc21,CC(C)O,288.15,-2.33490984809257,0.031839392891215304,2,0.0387406440227098
CCn1c2ccccc2c2cc(-n3nncc3-c3ccccc3)ccc21,CC(C)O,290.4,-2.284085778088457,0.03405366743401348,2,0.0387406440227098
CCn1c2ccccc2c2cc(-n3nncc3-c3ccccc3)ccc21,CC(C)O,293.15,-2.222062784295007,0.03589552069463303,2,0.0387406440227098
CCn1c2ccccc2c2cc(-n3nncc3-c3ccccc3)ccc21,CC(C)O,294.2,-2.1984102901281464,0.036354707440948784,2,0.0387406440227098
CCn1c2ccccc2c2cc(-n3nncc3-c3ccccc3)ccc21,CC(C)O,298.15,-2.1095835630477993,0.03691546787451576,2,0.0387406440227098
CCn1c2ccccc2c2cc(-n3nncc3-c3ccccc3)ccc21,CC(C)O,298.4,-2.1039699615157748,0.036890381883735494,2,0.0387406440227098
CCn1c2ccccc2c2cc(-n3nncc3-c3ccccc3)ccc21,CC(C)O,300.9,-2.047890792279329,0.0362546322505129,2,0.0387406440227098
CCn1c2ccccc2c2cc(-n3nncc3-c3ccccc3)ccc21,CC(C)O,303.15,-1.9975103479991496,0.03509730392692013,2,0.0387406440227098
CCn1c2ccccc2c2cc(-n3nncc3-c3ccccc3)ccc21,CC(C)O,304.6,-1.9650899950059166,0.034065735288688226,2,0.0387406440227098
CCn1c2ccccc2c2cc(-n3nncc3-c3ccccc3)ccc21,CC(C)O,307.7,-1.8959051781276504,0.031131391702927287,2,0.0387406440227098
CCn1c2ccccc2c2cc(-n3nncc3-c3ccccc3)ccc21,CC(C)O,308.15,-1.8858769964606896,0.030624690315795317,2,0.0387406440227098
CCn1c2ccccc2c2cc(-n3nncc3-c3ccccc3)ccc21,CC(C)O,311.0,-1.8224544437725996,0.026953423907410973,2,0.0387406440227098
CCn1c2ccccc2c2cc(-n3nncc3-c3ccccc3)ccc21,CC(C)O,313.15,-1.7747134908433058,0.023668105108378207,2,0.0387406440227098
CCn1c2ccccc2c2cc(-n3nncc3-c3ccccc3)ccc21,CC(C)O,318.15,-1.6640463238998073,0.014385947456231011,2,0.0387406440227098
CCn1c2ccccc2c2cc(-n3nncc3-c3ccccc3)ccc21,CC(C)O,319.5,-1.6342543845227375,0.012,2,0.0387406440227098
CCn1c2ccccc2c2cc(-n3nncc3-c3ccccc3)ccc21,CC(C)O,323.15,-1.5538988432040473,0.012,2,0.0387406440227098
CCn1c2ccccc2c2cc(-n3nncc3-c3ccccc3)ccc21,CC(C)O,324.1,-1.533394256101289,,1,0.0387406440227098
CCn1c2ccccc2c2cc(-n3nncc3-c3ccccc3)ccc21,CC(C)O,330.2,-1.3877243452533605,,1,0.0387406440227098
CCn1c2ccccc2c2cc(-n3nncc3-c3ccccc3)ccc21,CCCO,278.15,-2.1471955018150197,,1,0.0358028351420334
CCn1c2ccccc2c2cc(-n3nncc3-c3ccccc3)ccc21,CCCO,283.0,-2.0753180398882316,0.03634947739264007,2,0.0358028351420334
CCn1c2ccccc2c2cc(-n3nncc3-c3ccccc3)ccc21,CCCO,283.15,-2.072431307092824,0.03647695273855857,2,0.0358028351420334
CCn1c2ccccc2c2cc(-n3nncc3-c3ccccc3)ccc21,CCCO,285.1,-2.034931869210398,0.03786362004150064,2,0.0358028351420334
CCn1c2ccccc2c2cc(-n3nncc3-c3ccccc3)ccc21,CCCO,288.15,-1.9763871289360457,0.039048826781701955,2,0.0358028351420334
CCn1c2ccccc2c2cc(-n3nncc3-c3ccccc3)ccc21,CCCO,288.8,-1.9639280536865664,0.03915029151374608,2,0.0358028351420334
CCn1c2ccccc2c2cc(-n3nncc3-c3ccccc3)ccc21,CCCO,293.15,-1.8807152362001283,0.03851235479445224,2,0.0358028351420334
CCn1c2ccccc2c2cc(-n3nncc3-c3ccccc3)ccc21,CCCO,297.1,-1.8054175027138095,0.036027468783925064,2,0.0358028351420334
CCn1c2ccccc2c2cc(-n3nncc3-c3ccccc3)ccc21,CCCO,298.15,-1.7854456041229483,0.03507457932703906,2,0.0358028351420334
CCn1c2ccccc2c2cc(-n3nncc3-c3ccccc3)ccc21,CCCO,303.15,-1.6906046234973182,0.02892721212833628,2,0.0358028351420334
CCn1c2ccccc2c2cc(-n3nncc3-c3ccccc3)ccc21,CCCO,307.0,-1.6178838621847778,0.022459575245803623,2,0.0358028351420334
CCn1c2ccccc2c2cc(-n3nncc3-c3ccccc3)ccc21,CCCO,308.15,-1.596215469707161,0.020247959297602976,2,0.0358028351420334
CCn1c2ccccc2c2cc(-n3nncc3-c3ccccc3)ccc21,CCCO,312.2,-1.5201054841726638,0.012,2,0.0358028351420334
CCn1c2ccccc2c2cc(-n3nncc3-c3ccccc3)ccc21,CCCO,313.15,-1.5022984314122168,0.012,2,0.0358028351420334
CCn1c2ccccc2c2cc(-n3nncc3-c3ccccc3)ccc21,CCCO,318.15,-1.4088712037130655,0.012,2,0.0358028351420334
CCn1c2ccccc2c2cc(-n3nncc3-c3ccccc3)ccc21,CCCO,319.4,-1.3855927778731028,0.012,2,0.0358028351420334
CCn1c2ccccc2c2cc(-n3nncc3-c3ccccc3)ccc21,CCCO,323.15,-1.315949149993898,0.019389891034372084,2,0.0358028351420334
CCn1c2ccccc2c2cc(-n3nncc3-c3ccccc3)ccc21,CCCO,325.2,-1.2594433334275976,,1,0.0358028351420334
CCn1c2ccccc2c2cc(-n3nncc3-c3ccccc3)ccc21,CCCO,330.2,-1.1545070542739921,,1,0.0358028351420334
CCn1c2ccccc2c2cc(-n3nncc3-c3ccccc3)ccc21,CCO,278.15,-2.1123056222913625,,1,0.0483061913436265
CCn1c2ccccc2c2cc(-n3nncc3-c3ccccc3)ccc21,CCO,279.2,-2.123163892991492,0.04275933138019834,2,0.0483061913436265
CCn1c2ccccc2c2cc(-n3nncc3-c3ccccc3)ccc21,CCO,281.5,-2.0831851759792634,0.045772756886517836,2,0.0483061913436265
CCn1c2ccccc2c2cc(-n3nncc3-c3ccccc3)ccc21,CCO,283.15,-2.054438167820347,0.047444728397607334,2,0.0483061913436265
CCn1c2ccccc2c2cc(-n3nncc3-c3ccccc3)ccc21,CCO,285.8,-2.0081612094499643,0.04929956069759323,2,0.0483061913436265
CCn1c2ccccc2c2cc(-n3nncc3-c3ccccc3)ccc21,CCO,288.15,-1.967021202843183,0.05011411402968868,2,0.0483061913436265
CCn1c2ccccc2c2cc(-n3nncc3-c3ccccc3)ccc21,CCO,288.8,-1.9556263476286873,0.05020518808318619,2,0.0483061913436265
CCn1c2ccccc2c2cc(-n3nncc3-c3ccccc3)ccc21,CCO,291.9,-1.9011955302028323,0.049861517824669986,2,0.0483061913436265
CCn1c2ccccc2c2cc(-n3nncc3-c3ccccc3)ccc21,CCO,293.15,-1.8792101128973862,0.04936729170034154,2,0.0483061913436265
CCn1c2ccccc2c2cc(-n3nncc3-c3ccccc3)ccc21,CCO,297.2,-1.8078469409922473,0.04641497804761856,2,0.0483061913436265
CCn1c2ccccc2c2cc(-n3nncc3-c3ccccc3)ccc21,CCO,298.15,-1.7910813497305043,0.04543190015598434,2,0.0483061913436265
CCn1c2ccccc2c2cc(-n3nncc3-c3ccccc3)ccc21,CCO,303.15,-1.702704453171263,0.03851872002154671,2,0.0483061913436265
CCn1c2ccccc2c2cc(-n3nncc3-c3ccccc3)ccc21,CCO,307.8,-1.6203468061027966,0.029588518479139004,2,0.0483061913436265
CCn1c2ccccc2c2cc(-n3nncc3-c3ccccc3)ccc21,CCO,308.15,-1.6141427028401694,0.0288231310667824,2,0.0483061913436265
CCn1c2ccccc2c2cc(-n3nncc3-c3ccccc3)ccc21,CCO,313.0,-1.528115710057742,0.01693153264518496,2,0.0483061913436265
CCn1c2ccccc2c2cc(-n3nncc3-c3ccccc3)ccc21,CCO,313.15,-1.5254537016155396,0.016526424142937753,2,0.0483061913436265
CCn1c2ccccc2c2cc(-n3nncc3-c3ccccc3)ccc21,CCO,318.15,-1.4366898988196137,0.012,2,0.0483061913436265
CCn1c2ccccc2c2cc(-n3nncc3-c3ccccc3)ccc21,CCO,318.9,-1.4233718871887078,0.012,2,0.0483061913436265
CCn1c2ccccc2c2cc(-n3nncc3-c3ccccc3)ccc21,CCO,323.15,-1.3478990600603336,0.015208641061292948,2,0.0483061913436265
CCn1c2ccccc2c2cc(-n3nncc3-c3ccccc3)ccc21,CCO,323.2,-1.3361290111918862,,1,0.0483061913436265
CCn1c2ccccc2c2cc(-n3nncc3-c3ccccc3)ccc21,CCO,329.0,-1.2173090275119733,,1,0.0483061913436265
CN1CCN(C2=Nc3cc(Cl)ccc3Nc3ccccc32)CC1,CC(C)=O,278.15,-0.7880042542852266,,1,0.159203669831151
CN1CCN(C2=Nc3cc(Cl)ccc3Nc3ccccc32)CC1,CC(C)=O,283.15,-0.8451494225521188,0.1602295958426,2,0.159203669831151
CN1CCN(C2=Nc3cc(Cl)ccc3Nc3ccccc32)CC1,CC(C)=O,288.15,-0.77626504997769,0.14107303800691345,2,0.159203669831151
CN1CCN(C2=Nc3cc(Cl)ccc3Nc3ccccc32)CC1,CC(C)=O,293.15,-0.7107164072534982,0.12551213210798287,2,0.159203669831151
CN1CCN(C2=Nc3cc(Cl)ccc3Nc3ccccc32)CC1,CC(C)=O,298.15,-0.6483191372380759,0.11331663459917196,2,0.159203669831151
CN1CCN(C2=Nc3cc(Cl)ccc3Nc3ccccc32)CC1,CC(C)=O,303.15,-0.5889015910993134,0.1042731199962857,2,0.159203669831151
CN1CCN(C2=Nc3cc(Cl)ccc3Nc3ccccc32)CC1,CC(C)=O,308.15,-0.5323037707373999,0.0981835371783986,2,0.159203669831151
CN1CCN(C2=Nc3cc(Cl)ccc3Nc3ccccc32)CC1,CC(C)=O,313.15,-0.4783763742210372,0.09486390905930447,2,0.159203669831151
CN1CCN(C2=Nc3cc(Cl)ccc3Nc3ccccc32)CC1,CC(C)=O,318.15,-0.4269799327711823,0.0941431594594942,2,0.159203669831151
CN1CCN(C2=Nc3cc(Cl)ccc3Nc3ccccc32)CC1,CC(C)=O,323.15,-0.37798402925784735,0.09586205304679689,2,0.159203669831151
CN1CCN(C2=Nc3cc(Cl)ccc3Nc3ccccc32)CC1,CC(C)O,278.15,-1.4305722906376417,,1,0.14067926817164
CN1CCN(C2=Nc3cc(Cl)ccc3Nc3ccccc32)CC1,CC(C)O,283.15,-1.411962593616643,0.0571168792591252,2,0.14067926817164
CN1CCN(C2=Nc3cc(Cl)ccc3Nc3ccccc32)CC1,CC(C)O,288.15,-1.3727039270677865,0.08294922227863809,2,0.14067926817164
CN1CCN(C2=Nc3cc(Cl)ccc3Nc3ccccc32)CC1,CC(C)O,293.15,-1.3294930729031327,0.10120253273983713,2,0.14067926817164
CN1CCN(C2=Nc3cc(Cl)ccc3Nc3ccccc32)CC1,CC(C)O,298.15,-1.2826176123527366,0.1123704478499999,2,0.14067926817164
CN1CCN(C2=Nc3cc(Cl)ccc3Nc3ccccc32)CC1,CC(C)O,303.15,-1.2323432259093678,0.11691033152948233,2,0.14067926817164
CN1CCN(C2=Nc3cc(Cl)ccc3Nc3ccccc32)CC1,CC(C)O,308.15,-1.178915612668427,0.11524639767590043,2,0.14067926817164
CN1CCN(C2=Nc3cc(Cl)ccc3Nc3ccccc32)CC1,CC(C)O,313.15,-1.12256221668782,0.10777252269115398,2,0.14067926817164
CN1CCN(C2=Nc3cc(Cl)ccc3Nc3ccccc32)CC1,CC(C)O,318.15,-1.063493782312964,0.09485478236108491,2,0.14067926817164
CN1CCN(C2=Nc3cc(Cl)ccc3Nc3ccccc32)CC1,CC(C)O,323.15,-1.0019057576298582,0.07683374375086008,2,0.14067926817164
CN1CCN(C2=Nc3cc(Cl)ccc3Nc3ccccc32)CC1,CC(C)O,328.15,-0.9761820948830575,,1,0.14067926817164
CN1CCN(C2=Nc3cc(Cl)ccc3Nc3ccccc32)CC1,CC(C)O,333.15,-0.8907838144696143,,1,0.14067926817164
CN1CCN(C2=Nc3cc(Cl)ccc3Nc3ccccc32)CC1,CCCCCO,278.15,-1.1053282899970063,0.05337518771707255,2,0.0344356422987022
CN1CCN(C2=Nc3cc(Cl)ccc3Nc3ccccc32)CC1,CCCCCO,283.15,-1.0475757171809073,0.04369192865981446,2,0.0344356422987022
CN1CCN(C2=Nc3cc(Cl)ccc3Nc3ccccc32)CC1,CCCCCO,288.15,-0.9916425946191525,0.03383578859347462,2,0.0344356422987022
CN1CCN(C2=Nc3cc(Cl)ccc3Nc3ccccc32)CC1,CCCCCO,293.15,-0.9374389764049156,0.023824294804819388,2,0.0344356422987022
CN1CCN(C2=Nc3cc(Cl)ccc3Nc3ccccc32)CC1,CCCCCO,298.15,-0.8848808444863949,0.01367350763073521,2,0.0344356422987022
CN1CCN(C2=Nc3cc(Cl)ccc3Nc3ccccc32)CC1,CCCCCO,303.15,-0.8338896250452383,0.012,2,0.0344356422987022
CN1CCN(C2=Nc3cc(Cl)ccc3Nc3ccccc32)CC1,CCCCCO,308.15,-0.7843917516182901,0.012,2,0.0344356422987022
CN1CCN(C2=Nc3cc(Cl)ccc3Nc3ccccc32)CC1,CCCCCO,313.15,-0.7363182697654065,0.017473269102567746,2,0.0344356422987022
CN1CCN(C2=Nc3cc(Cl)ccc3Nc3ccccc32)CC1,CCCCCO,318.15,-0.6896044787369673,0.02804551196635549,2,0.0344356422987022
CN1CCN(C2=Nc3cc(Cl)ccc3Nc3ccccc32)CC1,CCCCCO,323.15,-0.6441896061552073,0.0386944730507747,2,0.0344356422987022
CN1CCN(C2=Nc3cc(Cl)ccc3Nc3ccccc32)CC1,CCCCO,278.15,-1.0956534488113274,0.06049223726302104,2,0.0442104461658023
CN1CCN(C2=Nc3cc(Cl)ccc3Nc3ccccc32)CC1,CCCCO,283.15,-1.041489572671106,0.055962321734686744,2,0.0442104461658023
CN1CCN(C2=Nc3cc(Cl)ccc3Nc3ccccc32)CC1,CCCCO,288.15,-0.988220528270801,0.050394733842417445,2,0.0442104461658023
CN1CCN(C2=Nc3cc(Cl)ccc3Nc3ccccc32)CC1,CCCCO,293.15,-0.9358173284691411,0.043862951623347426,2,0.0442104461658023
CN1CCN(C2=Nc3cc(Cl)ccc3Nc3ccccc32)CC1,CCCCO,298.15,-0.8842523670364166,0.03643484046483609,2,0.0442104461658023
CN1CCN(C2=Nc3cc(Cl)ccc3Nc3ccccc32)CC1,CCCCO,303.15,-0.8334993326646254,0.02817314980250946,2,0.0442104461658023
CN1CCN(C2=Nc3cc(Cl)ccc3Nc3ccccc32)CC1,CCCCO,308.15,-0.7835331295385315,0.01913595926545104,2,0.0442104461658023
CN1CCN(C2=Nc3cc(Cl)ccc3Nc3ccccc32)CC1,CCCCO,313.15,-0.7343298038789865,0.012,2,0.0442104461658023
CN1CCN(C2=Nc3cc(Cl)ccc3Nc3ccccc32)CC1,CCCCO,318.15,-0.6858664759301656,0.012,2,0.0442104461658023
CN1CCN(C2=Nc3cc(Cl)ccc3Nc3ccccc32)CC1,CCCCO,323.15,-0.6381212769157922,0.012109705744109881,2,0.0442104461658023
CN1CCN(C2=Nc3cc(Cl)ccc3Nc3ccccc32)CC1,CCCO,278.15,-1.0586358287182267,0.0646230804501614,2,0.1274952700819396
CN1CCN(C2=Nc3cc(Cl)ccc3Nc3ccccc32)CC1,CCCO,283.15,-1.0326204979477382,0.06803371125851058,3,0.1274952700819396
CN1CCN(C2=Nc3cc(Cl)ccc3Nc3ccccc32)CC1,CCCO,288.15,-0.9915571708657077,0.08436297192148529,3,0.1274952700819396
CN1CCN(C2=Nc3cc(Cl)ccc3Nc3ccccc32)CC1,CCCO,293.15,-0.9474491460216387,0.09672237150013,3,0.1274952700819396
CN1CCN(C2=Nc3cc(Cl)ccc3Nc3ccccc32)CC1,CCCO,298.15,-0.9005241609230369,0.10468042036883071,3,0.1274952700819396
CN1CCN(C2=Nc3cc(Cl)ccc3Nc3ccccc32)CC1,CCCO,303.15,-0.8509924685418873,0.10829053853337287,3,0.1274952700819396
CN1CCN(C2=Nc3cc(Cl)ccc3Nc3ccccc32)CC1,CCCO,308.15,-0.7990483755822925,0.1077703514390957,3,0.1274952700819396
CN1CCN(C2=Nc3cc(Cl)ccc3Nc3ccccc32)CC1,CCCO,313.15,-0.744871625730454,0.10341853967985913,3,0.1274952700819396
CN1CCN(C2=Nc3cc(Cl)ccc3Nc3ccccc32)CC1,CCCO,318.15,-0.688628645542234,0.09561149804219163,3,0.1274952700819396
CN1CCN(C2=Nc3cc(Cl)ccc3Nc3ccccc32)CC1,CCCO,323.15,-0.6304736683817097,0.08486185904148702,3,0.1274952700819396
CN1CCN(C2=Nc3cc(Cl)ccc3Nc3ccccc32)CC1,CCCO,328.15,-0.6536771965060666,,1,0.1274952700819396
CN1CCN(C2=Nc3cc(Cl)ccc3Nc3ccccc32)CC1,CCCO,333.15,-0.5746582995708707,,1,0.1274952700819396
CN1CCN(C2=Nc3cc(Cl)ccc3Nc3ccccc32)CC1,CCO,278.15,-1.0566487231234944,0.03622164119666506,2,0.045806226964177
CN1CCN(C2=Nc3cc(Cl)ccc3Nc3ccccc32)CC1,CCO,283.15,-1.0104285723452424,0.028278799783873782,3,0.045806226964177
CN1CCN(C2=Nc3cc(Cl)ccc3Nc3ccccc32)CC1,CCO,288.15,-0.974730158014833,0.0293472197856575,3,0.045806226964177
CN1CCN(C2=Nc3cc(Cl)ccc3Nc3ccccc32)CC1,CCO,293.15,-0.9368333967663384,0.0331210690081503,3,0.045806226964177
CN1CCN(C2=Nc3cc(Cl)ccc3Nc3ccccc32)CC1,CCO,298.15,-0.8969061818474403,0.03668320668744184,3,0.045806226964177
CN1CCN(C2=Nc3cc(Cl)ccc3Nc3ccccc32)CC1,CCO,303.15,-0.855103439705136,0.03889753449283016,3,0.045806226964177
CN1CCN(C2=Nc3cc(Cl)ccc3Nc3ccccc32)CC1,CCO,308.15,-0.8115682740019109,0.03949143451754671,3,0.045806226964177
CN1CCN(C2=Nc3cc(Cl)ccc3Nc3ccccc32)CC1,CCO,313.15,-0.7664329941554987,0.03860184305650347,3,0.045806226964177
CN1CCN(C2=Nc3cc(Cl)ccc3Nc3ccccc32)CC1,CCO,318.15,-0.7198200415679364,0.03667369230982447,3,0.045806226964177
CN1CCN(C2=Nc3cc(Cl)ccc3Nc3ccccc32)CC1,CCO,323.15,-0.6718428250369275,0.03453650046120326,3,0.045806226964177
CN1CCN(C2=Nc3cc(Cl)ccc3Nc3ccccc32)CC1,CCO,328.15,-0.6562674963835349,,1,0.045806226964177
CN1CCN(C2=Nc3cc(Cl)ccc3Nc3ccccc32)CC1,CCO,333.15,-0.5985225889589572,,1,0.045806226964177
CN1CCN(C2=Nc3cc(Cl)ccc3Nc3ccccc32)CC1,CCOC(C)=O,278.15,-0.9841638091111182,0.05728693027528889,2,0.0658785945636915
CN1CCN(C2=Nc3cc(Cl)ccc3Nc3ccccc32)CC1,CCOC(C)=O,283.15,-0.93619720170671,0.05743376995660131,2,0.0658785945636915
CN1CCN(C2=Nc3cc(Cl)ccc3Nc3ccccc32)CC1,CCOC(C)=O,288.15,-0.8884508464415273,0.05646802210967376,2,0.0658785945636915
CN1CCN(C2=Nc3cc(Cl)ccc3Nc3ccccc32)CC1,CCOC(C)=O,293.15,-0.8409381115215906,0.05446550741203839,2,0.0658785945636915
CN1CCN(C2=Nc3cc(Cl)ccc3Nc3ccccc32)CC1,CCOC(C)=O,298.15,-0.7936706419195323,0.05149632675022905,2,0.0658785945636915
CN1CCN(C2=Nc3cc(Cl)ccc3Nc3ccccc32)CC1,CCOC(C)=O,303.15,-0.7466585423882073,0.047625364278772946,2,0.0658785945636915
CN1CCN(C2=Nc3cc(Cl)ccc3Nc3ccccc32)CC1,CCOC(C)=O,308.15,-0.6999105400015875,0.042912739467783935,2,0.0658785945636915
CN1CCN(C2=Nc3cc(Cl)ccc3Nc3ccccc32)CC1,CCOC(C)=O,313.15,-0.6534341287231538,0.03741421400306589,2,0.0658785945636915
CN1CCN(C2=Nc3cc(Cl)ccc3Nc3ccccc32)CC1,CCOC(C)=O,318.15,-0.6072356981677798,0.031181558650297852,2,0.0658785945636915
CN1CCN(C2=Nc3cc(Cl)ccc3Nc3ccccc32)CC1,CCOC(C)=O,323.15,-0.561320648437265,0.024262884548466767,2,0.0658785945636915
CN1CCN(C2=Nc3cc(Cl)ccc3Nc3ccccc32)CC1,CN(C)C=O,278.15,0.1416974692083688,,1,0.0806516604924325
CN1CCN(C2=Nc3cc(Cl)ccc3Nc3ccccc32)CC1,CN(C)C=O,283.15,0.10633751110255352,0.08393100385490661,2,0.0806516604924325
CN1CCN(C2=Nc3cc(Cl)ccc3Nc3ccccc32)CC1,CN(C)C=O,288.15,0.13129234193028383,0.08174365185329045,2,0.0806516604924325
CN1CCN(C2=Nc3cc(Cl)ccc3Nc3ccccc32)CC1,CN(C)C=O,293.15,0.1572936407644634,0.07729189499471187,2,0.0806516604924325
CN1CCN(C2=Nc3cc(Cl)ccc3Nc3ccccc32)CC1,CN(C)C=O,298.15,0.18425693129132625,0.0707288854459645,2,0.0806516604924325
CN1CCN(C2=Nc3cc(Cl)ccc3Nc3ccccc32)CC1,CN(C)C=O,303.15,0.21210436050014625,0.06219637707773756,2,0.0806516604924325
CN1CCN(C2=Nc3cc(Cl)ccc3Nc3ccccc32)CC1,CN(C)C=O,308.15,0.24076411021486122,0.051825713213075573,2,0.0806516604924325
CN1CCN(C2=Nc3cc(Cl)ccc3Nc3ccccc32)CC1,CN(C)C=O,313.15,0.27016986826739764,0.03973871572333799,2,0.0806516604924325
CN1CCN(C2=Nc3cc(Cl)ccc3Nc3ccccc32)CC1,CN(C)C=O,318.15,0.30026035249451244,0.026048486641250854,2,0.0806516604924325
CN1CCN(C2=Nc3cc(Cl)ccc3Nc3ccccc32)CC1,CN(C)C=O,323.15,0.33097888160826683,0.012,2,0.0806516604924325
CN1CCN(C2=Nc3cc(Cl)ccc3Nc3ccccc32)CC1,CN(C)C=O,328.15,0.3663237077798982,,1,0.0806516604924325
CN1CCN(C2=Nc3cc(Cl)ccc3Nc3ccccc32)CC1,CN(C)C=O,333.15,0.4108006252503458,,1,0.0806516604924325
CN1CCN(C2=Nc3cc(Cl)ccc3Nc3ccccc32)CC1,CO,278.15,-0.7945500278837692,,1,0.0634008428818025
CN1CCN(C2=Nc3cc(Cl)ccc3Nc3ccccc32)CC1,CO,283.15,-0.7804788444152493,0.03547221035780814,2,0.0634008428818025
CN1CCN(C2=Nc3cc(Cl)ccc3Nc3ccccc32)CC1,CO,288.15,-0.746397339129742,0.0414248334425364,2,0.0634008428818025
CN1CCN(C2=Nc3cc(Cl)ccc3Nc3ccccc32)CC1,CO,293.15,-0.7118729508525092,0.045580912687300745,2,0.0634008428818025
CN1CCN(C2=Nc3cc(Cl)ccc3Nc3ccccc32)CC1,CO,298.15,-0.6769548877866605,0.048057558171037656,2,0.0634008428818025
CN1CCN(C2=Nc3cc(Cl)ccc3Nc3ccccc32)CC1,CO,303.15,-0.6416882233205561,0.04896327203942215,2,0.0634008428818025
CN1CCN(C2=Nc3cc(Cl)ccc3Nc3ccccc32)CC1,CO,308.15,-0.6061142747335575,0.04839868978860458,2,0.0634008428818025
CN1CCN(C2=Nc3cc(Cl)ccc3Nc3ccccc32)CC1,CO,313.15,-0.5702709428585848,0.046457247791167555,2,0.0634008428818025
CN1CCN(C2=Nc3cc(Cl)ccc3Nc3ccccc32)CC1,CO,318.15,-0.534193017213739,0.04322578539388447,2,0.0634008428818025
CN1CCN(C2=Nc3cc(Cl)ccc3Nc3ccccc32)CC1,CO,323.15,-0.49791245053672206,0.03878508886609012,2,0.0634008428818025
CN1CCN(C2=Nc3cc(Cl)ccc3Nc3ccccc32)CC1,CO,328.15,-0.48494189358821416,,1,0.0634008428818025
CN1COCN(Cc2cnc(Cl)s2)C1=N[N+](=O)[O-],C1COCCO1,288.15,-1.530193920424391,0.017948947344239876,2,0.0164892840923206
CN1COCN(Cc2cnc(Cl)s2)C1=N[N+](=O)[O-],C1COCCO1,293.15,-1.4275967012179014,0.014221193695140567,2,0.0164892840923206
CN1COCN(Cc2cnc(Cl)s2)C1=N[N+](=O)[O-],C1COCCO1,298.15,-1.3275897341327179,0.012,2,0.0164892840923206
CN1COCN(Cc2cnc(Cl)s2)C1=N[N+](=O)[O-],C1COCCO1,303.15,-1.2300588875437164,0.012,2,0.0164892840923206
CN1COCN(Cc2cnc(Cl)s2)C1=N[N+](=O)[O-],C1COCCO1,308.15,-1.1348969818322525,0.012,2,0.0164892840923206
CN1COCN(Cc2cnc(Cl)s2)C1=N[N+](=O)[O-],C1COCCO1,313.15,-1.0420032562040356,0.012,2,0.0164892840923206
CN1COCN(Cc2cnc(Cl)s2)C1=N[N+](=O)[O-],C1COCCO1,318.15,-0.9512828844112988,0.012,2,0.0164892840923206
CN1COCN(Cc2cnc(Cl)s2)C1=N[N+](=O)[O-],C1COCCO1,323.15,-0.8626465341886242,0.012901420233992536,2,0.0164892840923206
CN1COCN(Cc2cnc(Cl)s2)C1=N[N+](=O)[O-],CC#N,278.15,-0.8692100067061332,0.012,2,0.0162851282276146
CN1COCN(Cc2cnc(Cl)s2)C1=N[N+](=O)[O-],CC#N,283.15,-0.7823320635458755,0.012,2,0.0162851282276146
CN1COCN(Cc2cnc(Cl)s2)C1=N[N+](=O)[O-],CC#N,288.15,-0.6957024269641154,0.012,2,0.0162851282276146
CN1COCN(Cc2cnc(Cl)s2)C1=N[N+](=O)[O-],CC#N,293.15,-0.609355585768574,0.01626096411304016,2,0.0162851282276146
CN1COCN(Cc2cnc(Cl)s2)C1=N[N+](=O)[O-],CC#N,298.15,-0.52332213210933,0.01906207191175096,2,0.0162851282276146
CN1COCN(Cc2cnc(Cl)s2)C1=N[N+](=O)[O-],CC#N,303.15,-0.43762916117565265,0.0190765937880207,2,0.0162851282276146
CN1COCN(Cc2cnc(Cl)s2)C1=N[N+](=O)[O-],CC#N,308.15,-0.35230062689376496,0.01648389352613769,2,0.0162851282276146
CN1COCN(Cc2cnc(Cl)s2)C1=N[N+](=O)[O-],CC#N,313.15,-0.26735765894965,0.012,2,0.0162851282276146
CN1COCN(Cc2cnc(Cl)s2)C1=N[N+](=O)[O-],CC#N,318.15,-0.18281884575291496,0.012,2,0.0162851282276146
CN1COCN(Cc2cnc(Cl)s2)C1=N[N+](=O)[O-],CC#N,323.15,-0.09870048735295711,0.012,2,0.0162851282276146
CN1COCN(Cc2cnc(Cl)s2)C1=N[N+](=O)[O-],CC(=O)N(C)C,278.15,-0.10777257367960669,0.012,2,0.0104137303728076
CN1COCN(Cc2cnc(Cl)s2)C1=N[N+](=O)[O-],CC(=O)N(C)C,283.15,-0.06292397828259233,0.012,2,0.0104137303728076
CN1COCN(Cc2cnc(Cl)s2)C1=N[N+](=O)[O-],CC(=O)N(C)C,288.15,-0.018363775189761178,0.012,2,0.0104137303728076
CN1COCN(Cc2cnc(Cl)s2)C1=N[N+](=O)[O-],CC(=O)N(C)C,293.15,0.02590116213048521,0.012,2,0.0104137303728076
CN1COCN(Cc2cnc(Cl)s2)C1=N[N+](=O)[O-],CC(=O)N(C)C,298.15,0.06986514686627299,0.012,2,0.0104137303728076
CN1COCN(Cc2cnc(Cl)s2)C1=N[N+](=O)[O-],CC(=O)N(C)C,303.15,0.11352354509268547,0.012,2,0.0104137303728076
CN1COCN(Cc2cnc(Cl)s2)C1=N[N+](=O)[O-],CC(=O)N(C)C,308.15,0.1568726573565531,0.012,2,0.0104137303728076
CN1COCN(Cc2cnc(Cl)s2)C1=N[N+](=O)[O-],CC(=O)N(C)C,313.15,0.19990961371331117,0.012,2,0.0104137303728076
CN1COCN(Cc2cnc(Cl)s2)C1=N[N+](=O)[O-],CC(=O)N(C)C,318.15,0.24263228057031672,0.012,2,0.0104137303728076
CN1COCN(Cc2cnc(Cl)s2)C1=N[N+](=O)[O-],CC(=O)N(C)C,323.15,0.2850391779102397,0.01350841612757725,2,0.0104137303728076
CN1COCN(Cc2cnc(Cl)s2)C1=N[N+](=O)[O-],CS(C)=O,288.15,0.014069910644755268,0.012,2,0.0117967019225428
CN1COCN(Cc2cnc(Cl)s2)C1=N[N+](=O)[O-],CS(C)=O,293.15,0.0767967493723809,0.012,2,0.0117967019225428
CN1COCN(Cc2cnc(Cl)s2)C1=N[N+](=O)[O-],CS(C)=O,298.15,0.13899637052224545,0.012,2,0.0117967019225428
CN1COCN(Cc2cnc(Cl)s2)C1=N[N+](=O)[O-],CS(C)=O,303.15,0.2006688541329309,0.012,2,0.0117967019225428
CN1COCN(Cc2cnc(Cl)s2)C1=N[N+](=O)[O-],CS(C)=O,308.15,0.2618151191347433,0.012,2,0.0117967019225428
CN1COCN(Cc2cnc(Cl)s2)C1=N[N+](=O)[O-],CS(C)=O,313.15,0.32243681593836904,0.012,2,0.0117967019225428
CN1COCN(Cc2cnc(Cl)s2)C1=N[N+](=O)[O-],CS(C)=O,318.15,0.3825362316945249,0.012740439536029788,2,0.0117967019225428
CN1COCN(Cc2cnc(Cl)s2)C1=N[N+](=O)[O-],CS(C)=O,323.15,0.44211620665564677,0.016886895971037326,2,0.0117967019225428
CN1c2ccccc2C(=O)N2CCc3c([nH]c4ccccc34)[C@H]21,CC(C)=O,283.15,-2.5770140691063297,,1,0.0298247219506198
CN1c2ccccc2C(=O)N2CCc3c([nH]c4ccccc34)[C@H]21,CC(C)=O,283.2,-2.5481979641932813,0.039746412476680315,2,0.0298247219506198
CN1c2ccccc2C(=O)N2CCc3c([nH]c4ccccc34)[C@H]21,CC(C)=O,288.15,-2.483324544549532,0.033451934935360327,2,0.0298247219506198
CN1c2ccccc2C(=O)N2CCc3c([nH]c4ccccc34)[C@H]21,CC(C)=O,293.15,-2.4193315835332103,0.027890010295325517,2,0.0298247219506198
CN1c2ccccc2C(=O)N2CCc3c([nH]c4ccccc34)[C@H]21,CC(C)=O,293.2,-2.41869922263027,0.027838260141776944,2,0.0298247219506198
CN1c2ccccc2C(=O)N2CCc3c([nH]c4ccccc34)[C@H]21,CC(C)=O,298.15,-2.3568162571527638,0.02307834988445263,2,0.0298247219506198
CN1c2ccccc2C(=O)N2CCc3c([nH]c4ccccc34)[C@H]21,CC(C)=O,303.15,-2.2957164816067714,0.018970531760526408,2,0.0298247219506198
CN1c2ccccc2C(=O)N2CCc3c([nH]c4ccccc34)[C@H]21,CC(C)=O,303.2,-2.295112431813798,0.018932859499274233,2,0.0298247219506198
CN1c2ccccc2C(=O)N2CCc3c([nH]c4ccccc34)[C@H]21,CC(C)=O,308.15,-2.235973844547441,0.015523448720831511,2,0.0298247219506198
CN1c2ccccc2C(=O)N2CCc3c([nH]c4ccccc34)[C@H]21,CC(C)=O,313.15,-2.177533329125383,0.012697029214728005,2,0.0298247219506198
CN1c2ccccc2C(=O)N2CCc3c([nH]c4ccccc34)[C@H]21,CC(C)=O,313.2,-2.1769553216608353,0.012671770994729893,2,0.0298247219506198
CN1c2ccccc2C(=O)N2CCc3c([nH]c4ccccc34)[C@H]21,CC(C)=O,318.15,-2.1203430629771955,0.012,2,0.0298247219506198
CN1c2ccccc2C(=O)N2CCc3c([nH]c4ccccc34)[C@H]21,CC(C)=O,323.15,-2.0643540895377708,0.012,2,0.0298247219506198
CN1c2ccccc2C(=O)N2CCc3c([nH]c4ccccc34)[C@H]21,CC(C)=O,323.2,-2.057616245952648,,1,0.0298247219506198
CN1c2ccccc2C(=O)N2CCc3c([nH]c4ccccc34)[C@H]21,CC(C)O,283.15,-3.0490169654961603,,1,0.0478463551322146
CN1c2ccccc2C(=O)N2CCc3c([nH]c4ccccc34)[C@H]21,CC(C)O,283.2,-3.0413958084040176,0.012,2,0.0478463551322146
CN1c2ccccc2C(=O)N2CCc3c([nH]c4ccccc34)[C@H]21,CC(C)O,288.15,-2.9808088283632044,0.020549416897983314,2,0.0478463551322146
CN1c2ccccc2C(=O)N2CCc3c([nH]c4ccccc34)[C@H]21,CC(C)O,293.15,-2.9153185159834534,0.04106287765605087,2,0.0478463551322146
CN1c2ccccc2C(=O)N2CCc3c([nH]c4ccccc34)[C@H]21,CC(C)O,293.2,-2.9146429461314813,0.041219858444138203,2,0.0478463551322146
CN1c2ccccc2C(=O)N2CCc3c([nH]c4ccccc34)[C@H]21,CC(C)O,298.15,-2.8458385437295917,0.052247869752874807,2,0.0478463551322146
CN1c2ccccc2C(=O)N2CCc3c([nH]c4ccccc34)[C@H]21,CC(C)O,303.15,-2.772668363693243,0.054708494571496666,2,0.0478463551322146
CN1c2ccccc2C(=O)N2CCc3c([nH]c4ccccc34)[C@H]21,CC(C)O,303.2,-2.771918980593056,0.05469097319676526,2,0.0478463551322146
CN1c2ccccc2C(=O)N2CCc3c([nH]c4ccccc34)[C@H]21,CC(C)O,308.15,-2.69608468059608,0.04900501942094881,2,0.0478463551322146
CN1c2ccccc2C(=O)N2CCc3c([nH]c4ccccc34)[C@H]21,CC(C)O,313.15,-2.616343426471537,0.03565759860090804,2,0.0478463551322146
CN1c2ccccc2C(=O)N2CCc3c([nH]c4ccccc34)[C@H]21,CC(C)O,313.2,-2.6155308849458714,0.0354871872441976,2,0.0478463551322146
CN1c2ccccc2C(=O)N2CCc3c([nH]c4ccccc34)[C@H]21,CC(C)O,318.15,-2.533681539167079,0.015149629653544243,2,0.0478463551322146
CN1c2ccccc2C(=O)N2CCc3c([nH]c4ccccc34)[C@H]21,CC(C)O,323.15,-2.4483185666868317,0.012069214606972706,2,0.0478463551322146
CN1c2ccccc2C(=O)N2CCc3c([nH]c4ccccc34)[C@H]21,CC(C)O,323.2,-2.4387023636243725,,1,0.0478463551322146
CN1c2ccccc2C(=O)N2CCc3c([nH]c4ccccc34)[C@H]21,CCO,283.15,-2.9879021443183973,,1,0.0378992053892485
CN1c2ccccc2C(=O)N2CCc3c([nH]c4ccccc34)[C@H]21,CCO,283.2,-2.9826012918709077,0.012,2,0.0378992053892485
CN1c2ccccc2C(=O)N2CCc3c([nH]c4ccccc34)[C@H]21,CCO,288.15,-2.909274215794279,0.014384538646083229,2,0.0378992053892485
CN1c2ccccc2C(=O)N2CCc3c([nH]c4ccccc34)[C@H]21,CCO,293.15,-2.8341050882300665,0.028877569315174646,2,0.0378992053892485
CN1c2ccccc2C(=O)N2CCc3c([nH]c4ccccc34)[C@H]21,CCO,293.2,-2.8333482081088146,0.02899186435609073,2,0.0378992053892485
CN1c2ccccc2C(=O)N2CCc3c([nH]c4ccccc34)[C@H]21,CCO,298.15,-2.7579452909526836,0.03743559506965755,2,0.0378992053892485
CN1c2ccccc2C(=O)N2CCc3c([nH]c4ccccc34)[C@H]21,CCO,303.15,-2.6809017709493115,0.04044216260732711,2,0.0378992053892485
CN1c2ccccc2C(=O)N2CCc3c([nH]c4ccccc34)[C@H]21,CCO,303.2,-2.680127211930127,0.04044541911031098,2,0.0378992053892485
CN1c2ccccc2C(=O)N2CCc3c([nH]c4ccccc34)[C@H]21,CCO,308.15,-2.603072653847793,0.03825300795635806,2,0.0378992053892485
CN1c2ccccc2C(=O)N2CCc3c([nH]c4ccccc34)[C@H]21,CCO,313.15,-2.524548038235689,0.031198416469140042,2,0.0378992053892485
CN1c2ccccc2C(=O)N2CCc3c([nH]c4ccccc34)[C@H]21,CCO,313.2,-2.523759565705461,0.031104357237369606,2,0.0378992053892485
CN1c2ccccc2C(=O)N2CCc3c([nH]c4ccccc34)[C@H]21,CCO,318.15,-2.445410709415219,0.019585351492503726,2,0.0378992053892485
CN1c2ccccc2C(=O)N2CCc3c([nH]c4ccccc34)[C@H]21,CCO,323.15,-2.3657367817582475,0.012,2,0.0378992053892485
CN1c2ccccc2C(=O)N2CCc3c([nH]c4ccccc34)[C@H]21,CCO,323.2,-2.367426487641751,,1,0.0378992053892485
CN1c2ccccc2C(=O)N2CCc3c([nH]c4ccccc34)[C@H]21,CO,283.15,-3.066046312122671,,1,0.0365318837763211
CN1c2ccccc2C(=O)N2CCc3c([nH]c4ccccc34)[C@H]21,CO,283.2,-3.057476935229165,0.012,2,0.0365318837763211
CN1c2ccccc2C(=O)N2CCc3c([nH]c4ccccc34)[C@H]21,CO,288.15,-2.9749675958795327,0.012,2,0.0365318837763211
CN1c2ccccc2C(=O)N2CCc3c([nH]c4ccccc34)[C@H]21,CO,293.15,-2.890837399799711,0.02385322599279465,2,0.0365318837763211
CN1c2ccccc2C(=O)N2CCc3c([nH]c4ccccc34)[C@H]21,CO,293.2,-2.8899924480874786,0.02397177015060466,2,0.0365318837763211
CN1c2ccccc2C(=O)N2CCc3c([nH]c4ccccc34)[C@H]21,CO,298.15,-2.806016249932701,0.03315451432252005,2,0.0365318837763211
CN1c2ccccc2C(=O)N2CCc3c([nH]c4ccccc34)[C@H]21,CO,303.15,-2.720596277037508,0.03751919624283831,2,0.0365318837763211
CN1c2ccccc2C(=O)N2CCc3c([nH]c4ccccc34)[C@H]21,CO,303.2,-2.7197393445893367,0.03753900000141984,2,0.0365318837763211
CN1c2ccccc2C(=O)N2CCc3c([nH]c4ccccc34)[C@H]21,CO,308.15,-2.6346617516886686,0.03726270300048844,2,0.0365318837763211
CN1c2ccccc2C(=O)N2CCc3c([nH]c4ccccc34)[C@H]21,CO,313.15,-2.5482898018823397,0.03267792068212833,2,0.0365318837763211
CN1c2ccccc2C(=O)N2CCc3c([nH]c4ccccc34)[C@H]21,CO,313.2,-2.5474241175059325,0.03261115248916887,2,0.0365318837763211
CN1c2ccccc2C(=O)N2CCc3c([nH]c4ccccc34)[C@H]21,CO,318.15,-2.4615510573108286,0.024037074945658876,2,0.0365318837763211
CN1c2ccccc2C(=O)N2CCc3c([nH]c4ccccc34)[C@H]21,CO,323.15,-2.3745102286860504,0.012,2,0.0365318837763211
CN1c2ccccc2C(=O)N2CCc3c([nH]c4ccccc34)[C@H]21,CO,323.2,-2.3817353003574624,,1,0.0365318837763211
CNC(=O)c1cc(Oc2ccc(NC(=O)Nc3ccc(Cl)c(C(F)(F)F)c3)cc2)ccn1,CC(C)O,273.15,-2.177025352162098,,1,0.0666763839077482
CNC(=O)c1cc(Oc2ccc(NC(=O)Nc3ccc(Cl)c(C(F)(F)F)c3)cc2)ccn1,CC(C)O,278.15,-2.1157601417828538,,1,0.0666763839077482
CNC(=O)c1cc(Oc2ccc(NC(=O)Nc3ccc(Cl)c(C(F)(F)F)c3)cc2)ccn1,CC(C)O,283.15,-2.123352239798491,0.09364401873051918,2,0.0666763839077482
CNC(=O)c1cc(Oc2ccc(NC(=O)Nc3ccc(Cl)c(C(F)(F)F)c3)cc2)ccn1,CC(C)O,288.15,-2.0584692925508277,0.08126406431084668,2,0.0666763839077482
CNC(=O)c1cc(Oc2ccc(NC(=O)Nc3ccc(Cl)c(C(F)(F)F)c3)cc2)ccn1,CC(C)O,293.15,-1.9937417061936147,0.06576671823714067,2,0.0666763839077482
CNC(=O)c1cc(Oc2ccc(NC(=O)Nc3ccc(Cl)c(C(F)(F)F)c3)cc2)ccn1,CC(C)O,298.15,-1.929196179699466,0.04736818411074984,2,0.0666763839077482
CNC(=O)c1cc(Oc2ccc(NC(=O)Nc3ccc(Cl)c(C(F)(F)F)c3)cc2)ccn1,CC(C)O,303.15,-1.864856511889204,0.026268443116520657,2,0.0666763839077482
CNC(=O)c1cc(Oc2ccc(NC(=O)Nc3ccc(Cl)c(C(F)(F)F)c3)cc2)ccn1,CC(C)O,308.15,-1.8007438921594834,0.012,2,0.0666763839077482
CNC(=O)c1cc(Oc2ccc(NC(=O)Nc3ccc(Cl)c(C(F)(F)F)c3)cc2)ccn1,CC(C)O,313.15,-1.7368771598168,0.023307519298483962,2,0.0666763839077482
CNC(=O)c1cc(Oc2ccc(NC(=O)Nc3ccc(Cl)c(C(F)(F)F)c3)cc2)ccn1,CC(C)O,323.15,-1.5522212867920047,,1,0.0666763839077482
CNC(=O)c1cc(Oc2ccc(NC(=O)Nc3ccc(Cl)c(C(F)(F)F)c3)cc2)ccn1,CC(C)O,333.15,-1.3798263808431557,,1,0.0666763839077482
CNC(=O)c1cc(Oc2ccc(NC(=O)Nc3ccc(Cl)c(C(F)(F)F)c3)cc2)ccn1,CCCCO,273.15,-2.0923301400738303,,1,0.0860644772647507
CNC(=O)c1cc(Oc2ccc(NC(=O)Nc3ccc(Cl)c(C(F)(F)F)c3)cc2)ccn1,CCCCO,278.15,-2.0428985532672215,,1,0.0860644772647507
CNC(=O)c1cc(Oc2ccc(NC(=O)Nc3ccc(Cl)c(C(F)(F)F)c3)cc2)ccn1,CCCCO,283.15,-2.078965086483171,0.12023778534869803,2,0.0860644772647507
CNC(=O)c1cc(Oc2ccc(NC(=O)Nc3ccc(Cl)c(C(F)(F)F)c3)cc2)ccn1,CCCCO,288.15,-2.0183362447762843,0.10305683856499501,2,0.0860644772647507
CNC(=O)c1cc(Oc2ccc(NC(=O)Nc3ccc(Cl)c(C(F)(F)F)c3)cc2)ccn1,CCCCO,293.15,-1.9567029334623225,0.08378931952052812,2,0.0860644772647507
CNC(=O)c1cc(Oc2ccc(NC(=O)Nc3ccc(Cl)c(C(F)(F)F)c3)cc2)ccn1,CCCCO,298.15,-1.8941672213652172,0.06258502916954675,2,0.0860644772647507
CNC(=O)c1cc(Oc2ccc(NC(=O)Nc3ccc(Cl)c(C(F)(F)F)c3)cc2)ccn1,CCCCO,303.15,-1.8308227432422601,0.03958240665499513,2,0.0860644772647507
CNC(=O)c1cc(Oc2ccc(NC(=O)Nc3ccc(Cl)c(C(F)(F)F)c3)cc2)ccn1,CCCCO,308.15,-1.7667554668103964,0.01490952308481271,2,0.0860644772647507
CNC(=O)c1cc(Oc2ccc(NC(=O)Nc3ccc(Cl)c(C(F)(F)F)c3)cc2)ccn1,CCCCO,313.15,-1.7020443810030272,0.012,2,0.0860644772647507
CNC(=O)c1cc(Oc2ccc(NC(=O)Nc3ccc(Cl)c(C(F)(F)F)c3)cc2)ccn1,CCCCO,323.15,-1.5229011840487914,,1,0.0860644772647507
CNC(=O)c1cc(Oc2ccc(NC(=O)Nc3ccc(Cl)c(C(F)(F)F)c3)cc2)ccn1,CCCCO,333.15,-1.3464564901672702,,1,0.0860644772647507
CNC(=O)c1cc(Oc2ccc(NC(=O)Nc3ccc(Cl)c(C(F)(F)F)c3)cc2)ccn1,CCCO,273.15,-1.9862223047411973,,1,0.0992857598802492
CNC(=O)c1cc(Oc2ccc(NC(=O)Nc3ccc(Cl)c(C(F)(F)F)c3)cc2)ccn1,CCCO,278.15,-1.9321994807108567,,1,0.0992857598802492
CNC(=O)c1cc(Oc2ccc(NC(=O)Nc3ccc(Cl)c(C(F)(F)F)c3)cc2)ccn1,CCCO,283.15,-1.9641703759331506,0.12100284282563378,2,0.0992857598802492
CNC(=O)c1cc(Oc2ccc(NC(=O)Nc3ccc(Cl)c(C(F)(F)F)c3)cc2)ccn1,CCCO,288.15,-1.9014497771288745,0.10747660956806941,2,0.0992857598802492
CNC(=O)c1cc(Oc2ccc(NC(=O)Nc3ccc(Cl)c(C(F)(F)F)c3)cc2)ccn1,CCCO,293.15,-1.8374920515583693,0.09158283298987564,2,0.0992857598802492
CNC(=O)c1cc(Oc2ccc(NC(=O)Nc3ccc(Cl)c(C(F)(F)F)c3)cc2)ccn1,CCCO,298.15,-1.7724160718838213,0.07348807119950557,2,0.0992857598802492
CNC(=O)c1cc(Oc2ccc(NC(=O)Nc3ccc(Cl)c(C(F)(F)F)c3)cc2)ccn1,CCCO,303.15,-1.7063309998673564,0.05334632847314729,2,0.0992857598802492
CNC(=O)c1cc(Oc2ccc(NC(=O)Nc3ccc(Cl)c(C(F)(F)F)c3)cc2)ccn1,CCCO,308.15,-1.6393371651759363,0.03130014994963402,2,0.0992857598802492
CNC(=O)c1cc(Oc2ccc(NC(=O)Nc3ccc(Cl)c(C(F)(F)F)c3)cc2)ccn1,CCCO,313.15,-1.5715268541850929,0.012,2,0.0992857598802492
CNC(=O)c1cc(Oc2ccc(NC(=O)Nc3ccc(Cl)c(C(F)(F)F)c3)cc2)ccn1,CCCO,323.15,-1.401976176993088,,1,0.0992857598802492
CNC(=O)c1cc(Oc2ccc(NC(=O)Nc3ccc(Cl)c(C(F)(F)F)c3)cc2)ccn1,CCCO,333.15,-1.2207536609180067,,1,0.0992857598802492
COC(=O)C1=C(C)NC(C)=C(C(=O)OCC(C)C)C1c1ccccc1[N+](=O)[O-],CC#N,278.15,-0.7844345516182685,0.012,2,0.0106195002936529
COC(=O)C1=C(C)NC(C)=C(C(=O)OCC(C)C)C1c1ccccc1[N+](=O)[O-],CC#N,283.15,-0.7062559393461344,0.012,2,0.0106195002936529
COC(=O)C1=C(C)NC(C)=C(C(=O)OCC(C)C)C1c1ccccc1[N+](=O)[O-],CC#N,288.15,-0.63019835752238,0.012,2,0.0106195002936529
COC(=O)C1=C(C)NC(C)=C(C(=O)OCC(C)C)C1c1ccccc1[N+](=O)[O-],CC#N,293.15,-0.5561633763368716,0.012,2,0.0106195002936529
COC(=O)C1=C(C)NC(C)=C(C(=O)OCC(C)C)C1c1ccccc1[N+](=O)[O-],CC#N,298.15,-0.4840588298842141,0.012,2,0.0106195002936529
COC(=O)C1=C(C)NC(C)=C(C(=O)OCC(C)C)C1c1ccccc1[N+](=O)[O-],CC#N,303.15,-0.41379831636282993,0.012,2,0.0106195002936529
COC(=O)C1=C(C)NC(C)=C(C(=O)OCC(C)C)C1c1ccccc1[N+](=O)[O-],CC#N,308.15,-0.34530074584373305,0.012,2,0.0106195002936529
COC(=O)C1=C(C)NC(C)=C(C(=O)OCC(C)C)C1c1ccccc1[N+](=O)[O-],CC#N,313.15,-0.2784899303791978,0.012,2,0.0106195002936529
COC(=O)C1=C(C)NC(C)=C(C(=O)OCC(C)C)C1c1ccccc1[N+](=O)[O-],CC#N,318.15,-0.2132942118708081,0.012027366966645383,2,0.0106195002936529
COC(=O)C1=C(C)NC(C)=C(C(=O)OCC(C)C)C1c1ccccc1[N+](=O)[O-],CC(C)O,278.15,-1.196532777352128,0.012,2,0.0087732444147977
COC(=O)C1=C(C)NC(C)=C(C(=O)OCC(C)C)C1c1ccccc1[N+](=O)[O-],CC(C)O,283.15,-1.1210176822910947,0.012,2,0.0087732444147977
COC(=O)C1=C(C)NC(C)=C(C(=O)OCC(C)C)C1c1ccccc1[N+](=O)[O-],CC(C)O,288.15,-1.0475932940565622,0.012,2,0.0087732444147977
COC(=O)C1=C(C)NC(C)=C(C(=O)OCC(C)C)C1c1ccccc1[N+](=O)[O-],CC(C)O,293.15,-0.9761616749602489,0.012,2,0.0087732444147977
COC(=O)C1=C(C)NC(C)=C(C(=O)OCC(C)C)C1c1ccccc1[N+](=O)[O-],CC(C)O,298.15,-0.9066311537475695,0.012,2,0.0087732444147977
COC(=O)C1=C(C)NC(C)=C(C(=O)OCC(C)C)C1c1ccccc1[N+](=O)[O-],CC(C)O,303.15,-0.8389158238292467,0.012,2,0.0087732444147977
COC(=O)C1=C(C)NC(C)=C(C(=O)OCC(C)C)C1c1ccccc1[N+](=O)[O-],CC(C)O,308.15,-0.7729350893883592,0.012,2,0.0087732444147977
COC(=O)C1=C(C)NC(C)=C(C(=O)OCC(C)C)C1c1ccccc1[N+](=O)[O-],CC(C)O,313.15,-0.7086132540896978,0.012,2,0.0087732444147977
COC(=O)C1=C(C)NC(C)=C(C(=O)OCC(C)C)C1c1ccccc1[N+](=O)[O-],CC(C)O,318.15,-0.6458791477740022,0.012,2,0.0087732444147977
COC(=O)C1=C(C)NC(C)=C(C(=O)OCC(C)C)C1c1ccccc1[N+](=O)[O-],CCCO,278.15,-1.2953165513596878,0.012,2,0.012110440001637
COC(=O)C1=C(C)NC(C)=C(C(=O)OCC(C)C)C1c1ccccc1[N+](=O)[O-],CCCO,283.15,-1.2110264597191542,0.012,2,0.012110440001637
COC(=O)C1=C(C)NC(C)=C(C(=O)OCC(C)C)C1c1ccccc1[N+](=O)[O-],CCCO,288.15,-1.1290181153387835,0.012,2,0.012110440001637
COC(=O)C1=C(C)NC(C)=C(C(=O)OCC(C)C)C1c1ccccc1[N+](=O)[O-],CCCO,293.15,-1.049185741173844,0.012,2,0.012110440001637
COC(=O)C1=C(C)NC(C)=C(C(=O)OCC(C)C)C1c1ccccc1[N+](=O)[O-],CCCO,298.15,-0.9714302875410091,0.012,2,0.012110440001637
COC(=O)C1=C(C)NC(C)=C(C(=O)OCC(C)C)C1c1ccccc1[N+](=O)[O-],CCCO,303.15,-0.895658895552305,0.012,2,0.012110440001637
COC(=O)C1=C(C)NC(C)=C(C(=O)OCC(C)C)C1c1ccccc1[N+](=O)[O-],CCCO,308.15,-0.8217844116035307,0.012606622989663474,2,0.012110440001637
COC(=O)C1=C(C)NC(C)=C(C(=O)OCC(C)C)C1c1ccccc1[N+](=O)[O-],CCCO,313.15,-0.749724947305474,0.012683771003956807,2,0.012110440001637
COC(=O)C1=C(C)NC(C)=C(C(=O)OCC(C)C)C1c1ccccc1[N+](=O)[O-],CCCO,318.15,-0.679403479942758,0.012,2,0.012110440001637
COC(=O)C1=C(C)NC(C)=C(C(=O)OCC(C)C)C1c1ccccc1[N+](=O)[O-],CCOC(C)=O,278.15,-0.7634310817258427,0.012,2,0.0112730158743639
COC(=O)C1=C(C)NC(C)=C(C(=O)OCC(C)C)C1c1ccccc1[N+](=O)[O-],CCOC(C)=O,283.15,-0.7039286002641783,0.012,2,0.0112730158743639
COC(=O)C1=C(C)NC(C)=C(C(=O)OCC(C)C)C1c1ccccc1[N+](=O)[O-],CCOC(C)=O,288.15,-0.6455741172847471,0.012,2,0.0112730158743639
COC(=O)C1=C(C)NC(C)=C(C(=O)OCC(C)C)C1c1ccccc1[N+](=O)[O-],CCOC(C)=O,293.15,-0.5883245333812175,0.012,2,0.0112730158743639
COC(=O)C1=C(C)NC(C)=C(C(=O)OCC(C)C)C1c1ccccc1[N+](=O)[O-],CCOC(C)=O,298.15,-0.532139115564231,0.012,2,0.0112730158743639
COC(=O)C1=C(C)NC(C)=C(C(=O)OCC(C)C)C1c1ccccc1[N+](=O)[O-],CCOC(C)=O,303.15,-0.4769793280767587,0.012,2,0.0112730158743639
COC(=O)C1=C(C)NC(C)=C(C(=O)OCC(C)C)C1c1ccccc1[N+](=O)[O-],CCOC(C)=O,308.15,-0.42280867799464517,0.012,2,0.0112730158743639
COC(=O)C1=C(C)NC(C)=C(C(=O)OCC(C)C)C1c1ccccc1[N+](=O)[O-],CCOC(C)=O,313.15,-0.36959257409449986,0.013072500255827542,2,0.0112730158743639
COC(=O)C1=C(C)NC(C)=C(C(=O)OCC(C)C)C1c1ccccc1[N+](=O)[O-],CCOC(C)=O,318.15,-0.3172981976491789,0.014022649428758988,2,0.0112730158743639
COC(=O)C1=C(C)NC(C)=C(C(=O)OCC(C)C)C1c1ccccc1[N+](=O)[O-],O,278.15,-3.6721023799483126,0.012,2,0.0089897993775234
COC(=O)C1=C(C)NC(C)=C(C(=O)OCC(C)C)C1c1ccccc1[N+](=O)[O-],O,283.15,-3.544595302944125,0.012,2,0.0089897993775234
COC(=O)C1=C(C)NC(C)=C(C(=O)OCC(C)C)C1c1ccccc1[N+](=O)[O-],O,288.15,-3.421928270924517,0.012,2,0.0089897993775234
COC(=O)C1=C(C)NC(C)=C(C(=O)OCC(C)C)C1c1ccccc1[N+](=O)[O-],O,293.15,-3.3038465474473044,0.012,2,0.0089897993775234
COC(=O)C1=C(C)NC(C)=C(C(=O)OCC(C)C)C1c1ccccc1[N+](=O)[O-],O,298.15,-3.1901127213525005,0.012,2,0.0089897993775234
COC(=O)C1=C(C)NC(C)=C(C(=O)OCC(C)C)C1c1ccccc1[N+](=O)[O-],O,303.15,-3.0805052662381107,0.012,2,0.0089897993775234
COC(=O)C1=C(C)NC(C)=C(C(=O)OCC(C)C)C1c1ccccc1[N+](=O)[O-],O,308.15,-2.9748172409414257,0.012,2,0.0089897993775234
COC(=O)C1=C(C)NC(C)=C(C(=O)OCC(C)C)C1c1ccccc1[N+](=O)[O-],O,313.15,-2.872855115205007,0.012,2,0.0089897993775234
COC(=O)C1=C(C)NC(C)=C(C(=O)OCC(C)C)C1c1ccccc1[N+](=O)[O-],O,318.15,-2.774437706701473,0.012,2,0.0089897993775234
COC(=O)C1CC(=O)C(C(=O)OC)CC1=O,CC#N,278.15,-1.7969837467082677,0.04934842449783,2,0.0563975337923068
COC(=O)C1CC(=O)C(C(=O)OC)CC1=O,CC#N,283.15,-1.6866859596283188,0.04629713810961373,2,0.0563975337923068
COC(=O)C1CC(=O)C(C(=O)OC)CC1=O,CC#N,288.15,-1.5805546319770123,0.04124558375316918,2,0.0563975337923068
COC(=O)C1CC(=O)C(C(=O)OC)CC1=O,CC#N,293.15,-1.4783707959668728,0.034332038376438084,2,0.0563975337923068
COC(=O)C1CC(=O)C(C(=O)OC)CC1=O,CC#N,298.15,-1.3799303660304378,0.025684298103449254,2,0.0563975337923068
COC(=O)C1CC(=O)C(C(=O)OC)CC1=O,CC#N,303.15,-1.2959469143199271,,1,0.0563975337923068
COC(=O)C1CC(=O)C(C(=O)OC)CC1=O,CC#N,308.15,-1.196111760226593,,1,0.0563975337923068
COC(=O)C1CC(=O)C(C(=O)OC)CC1=O,CC#N,313.15,-1.0984918501001033,,1,0.0563975337923068
COC(=O)C1CC(=O)C(C(=O)OC)CC1=O,CC#N,318.15,-1.002998031043795,,1,0.0563975337923068
COC(=O)C1CC(=O)C(C(=O)OC)CC1=O,CC#N,323.15,-0.9095461946727355,,1,0.0563975337923068
COC(=O)C1CC(=O)C(C(=O)OC)CC1=O,CC#N,328.15,-0.8180569144344823,,1,0.0563975337923068
COC(=O)C1CC(=O)C(C(=O)OC)CC1=O,CC#N,333.15,-0.7284551142898081,,1,0.0563975337923068
COC(=O)C1CC(=O)C(C(=O)OC)CC1=O,CC(C)=O,278.15,-1.597291342309194,0.026998143192879895,2,0.0307777906920934
COC(=O)C1CC(=O)C(C(=O)OC)CC1=O,CC(C)=O,283.15,-1.4986797523426814,0.025823001628889435,2,0.0307777906920934
COC(=O)C1CC(=O)C(C(=O)OC)CC1=O,CC(C)=O,288.15,-1.4024235139768018,0.022934381992241078,2,0.0307777906920934
COC(=O)C1CC(=O)C(C(=O)OC)CC1=O,CC(C)=O,293.15,-1.3084203064332693,0.018449884013976573,2,0.0307777906920934
COC(=O)C1CC(=O)C(C(=O)OC)CC1=O,CC(C)=O,298.15,-1.216574062168748,0.01247821499554876,2,0.0307777906920934
COC(=O)C1CC(=O)C(C(=O)OC)CC1=O,CC(C)=O,303.15,-1.130414848901566,,1,0.0307777906920934
COC(=O)C1CC(=O)C(C(=O)OC)CC1=O,CC(C)=O,308.15,-1.036499337925612,,1,0.0307777906920934
COC(=O)C1CC(=O)C(C(=O)OC)CC1=O,CC(C)=O,313.15,-0.94363202304298,,1,0.0307777906920934
COC(=O)C1CC(=O)C(C(=O)OC)CC1=O,CC(C)=O,318.15,-0.8517941464521925,,1,0.0307777906920934
COC(=O)C1CC(=O)C(C(=O)OC)CC1=O,CC(C)=O,323.15,-0.760967162316966,,1,0.0307777906920934
COC(=O)C1CC(=O)C(C(=O)OC)CC1=O,CCCO,278.15,-2.480057903544947,0.0437374754681648,2,0.0634730714679008
COC(=O)C1CC(=O)C(C(=O)OC)CC1=O,CCCO,283.15,-2.3646446777912393,0.043168275381096535,2,0.0634730714679008
COC(=O)C1CC(=O)C(C(=O)OC)CC1=O,CCCO,288.15,-2.252088268141399,0.04395487822795697,2,0.0634730714679008
COC(=O)C1CC(=O)C(C(=O)OC)CC1=O,CCCO,293.15,-2.142262087003128,0.04600511969976521,2,0.0634730714679008
COC(=O)C1CC(=O)C(C(=O)OC)CC1=O,CCCO,298.15,-2.0350473811402265,0.04923378239719457,2,0.0634730714679008
COC(=O)C1CC(=O)C(C(=O)OC)CC1=O,CCCO,303.15,-1.968206660996632,,1,0.0634730714679008
COC(=O)C1CC(=O)C(C(=O)OC)CC1=O,CCCO,308.15,-1.8696732817646091,,1,0.0634730714679008
COC(=O)C1CC(=O)C(C(=O)OC)CC1=O,CCCO,313.15,-1.7741141353591026,,1,0.0634730714679008
COC(=O)C1CC(=O)C(C(=O)OC)CC1=O,CCCO,318.15,-1.6813917018496265,,1,0.0634730714679008
COC(=O)C1CC(=O)C(C(=O)OC)CC1=O,CCCO,323.15,-1.5913768887107844,,1,0.0634730714679008
COC(=O)C1CC(=O)C(C(=O)OC)CC1=O,CCCO,328.15,-1.5039483926147565,,1,0.0634730714679008
COC(=O)C1CC(=O)C(C(=O)OC)CC1=O,CCCO,333.15,-1.418992118463993,,1,0.0634730714679008
COC(=O)C1CC(=O)C(C(=O)OC)CC1=O,CCOC(C)=O,278.15,-1.4865446977496928,0.016834382507788036,2,0.0126030562311235
COC(=O)C1CC(=O)C(C(=O)OC)CC1=O,CCOC(C)=O,283.15,-1.3897905601318763,0.012159499285168442,2,0.0126030562311235
COC(=O)C1CC(=O)C(C(=O)OC)CC1=O,CCOC(C)=O,288.15,-1.2958908172488437,0.012,2,0.0126030562311235
COC(=O)C1CC(=O)C(C(=O)OC)CC1=O,CCOC(C)=O,293.15,-1.2047080009420883,0.012,2,0.0126030562311235
COC(=O)C1CC(=O)C(C(=O)OC)CC1=O,CCOC(C)=O,298.15,-1.1161135764273418,0.012,2,0.0126030562311235
COC(=O)C1CC(=O)C(C(=O)OC)CC1=O,CCOC(C)=O,303.15,-1.0290017195319123,,1,0.0126030562311235
COC(=O)C1CC(=O)C(C(=O)OC)CC1=O,CCOC(C)=O,308.15,-0.9459051463788803,,1,0.0126030562311235
COC(=O)C1CC(=O)C(C(=O)OC)CC1=O,CCOC(C)=O,313.15,-0.8646275339697311,,1,0.0126030562311235
COC(=O)C1CC(=O)C(C(=O)OC)CC1=O,CCOC(C)=O,318.15,-0.7850962404602022,,1,0.0126030562311235
COC(=O)C1CC(=O)C(C(=O)OC)CC1=O,CCOC(C)=O,323.15,-0.7072427138808273,,1,0.0126030562311235
COC(=O)C1CC(=O)C(C(=O)OC)CC1=O,CCOC(C)=O,328.15,-0.6310021991120678,,1,0.0126030562311235
COC(=O)C1CC(=O)C(C(=O)OC)CC1=O,CCOC(C)=O,333.15,-0.5563134701316983,,1,0.0126030562311235
COC(=O)C1CC(=O)C(C(=O)OC)CC1=O,CO,278.15,-2.5494818465024487,0.07094950400777604,2,0.0995580955780404
COC(=O)C1CC(=O)C(C(=O)OC)CC1=O,CO,283.15,-2.4156015862969547,0.07290987623547765,2,0.0995580955780404
COC(=O)C1CC(=O)C(C(=O)OC)CC1=O,CO,284.25,-2.4264540284520355,0.08559233191114096,3,0.0995580955780404
COC(=O)C1CC(=O)C(C(=O)OC)CC1=O,CO,288.15,-2.32685716457077,0.08422915042739286,3,0.0995580955780404
COC(=O)C1CC(=O)C(C(=O)OC)CC1=O,CO,288.85,-2.309303930914394,0.08381339202889779,3,0.0995580955780404
COC(=O)C1CC(=O)C(C(=O)OC)CC1=O,CO,293.15,-2.203566357618501,0.08016699426577144,3,0.0995580955780404
COC(=O)C1CC(=O)C(C(=O)OC)CC1=O,CO,294.05,-2.18188056231148,0.07917307269798099,3,0.0995580955780404
COC(=O)C1CC(=O)C(C(=O)OC)CC1=O,CO,297.95,-2.089633486523343,0.07398658098097849,3,0.0995580955780404
COC(=O)C1CC(=O)C(C(=O)OC)CC1=O,CO,298.15,-2.084977096378115,0.07368313124715145,3,0.0995580955780404
COC(=O)C1CC(=O)C(C(=O)OC)CC1=O,CO,301.85,-2.0369235351608816,0.03102403857989997,2,0.0995580955780404
COC(=O)C1CC(=O)C(C(=O)OC)CC1=O,CO,303.15,-2.0064319825377526,0.029067145787003326,2,0.0995580955780404
COC(=O)C1CC(=O)C(C(=O)OC)CC1=O,CO,305.65,-1.9483886337361405,0.025033844788799806,2,0.0995580955780404
COC(=O)C1CC(=O)C(C(=O)OC)CC1=O,CO,307.15,-1.9139319555384793,0.022447404163896657,2,0.0995580955780404
COC(=O)C1CC(=O)C(C(=O)OC)CC1=O,CO,308.15,-1.8911124177530203,0.020655324235073973,2,0.0995580955780404
COC(=O)C1CC(=O)C(C(=O)OC)CC1=O,CO,311.35,-1.8188910150488926,0.014565595505554222,2,0.0995580955780404
COC(=O)C1CC(=O)C(C(=O)OC)CC1=O,CO,313.15,-1.7787934478915135,0.012,2,0.0995580955780404
COC(=O)C1CC(=O)C(C(=O)OC)CC1=O,CO,315.05,-1.7368715408510598,0.012,2,0.0995580955780404
COC(=O)C1CC(=O)C(C(=O)OC)CC1=O,CO,318.15,-1.6693443208720824,0.012,2,0.0995580955780404
COC(=O)C1CC(=O)C(C(=O)OC)CC1=O,CO,319.25,-1.645638288896488,0.012,2,0.0995580955780404
COC(=O)C1CC(=O)C(C(=O)OC)CC1=O,CO,322.65,-1.5731920188204187,0.012,2,0.0995580955780404
COC(=O)C1CC(=O)C(C(=O)OC)CC1=O,CO,323.15,-1.5626420452242087,0.012242320172547554,2,0.0995580955780404
COC(=O)C1CC(=O)C(C(=O)OC)CC1=O,CO,326.95,-1.4833139039989645,0.02221421967554613,2,0.0995580955780404
COC(=O)C1CC(=O)C(C(=O)OC)CC1=O,CO,328.15,-1.4765940921427383,,1,0.0995580955780404
COC(=O)C1CC(=O)C(C(=O)OC)CC1=O,CO,333.15,-1.385130984989777,,1,0.0995580955780404
COC(=O)Nc1nc2ccc(Sc3ccccc3)cc2[nH]1,O,283.15,-3.7080548066798764,0.01751136317266716,2,0.012151418041759
COC(=O)Nc1nc2ccc(Sc3ccccc3)cc2[nH]1,O,288.15,-3.601925673484388,0.012,2,0.012151418041759
COC(=O)Nc1nc2ccc(Sc3ccccc3)cc2[nH]1,O,293.15,-3.4987958391449148,0.012,2,0.012151418041759
COC(=O)Nc1nc2ccc(Sc3ccccc3)cc2[nH]1,O,298.15,-3.398524823477791,0.012,2,0.012151418041759
COC(=O)Nc1nc2ccc(Sc3ccccc3)cc2[nH]1,O,303.15,-3.3009810707128877,0.012,2,0.012151418041759
COC(=O)Nc1nc2ccc(Sc3ccccc3)cc2[nH]1,O,308.15,-3.2060412421915903,0.012,2,0.012151418041759
COC(=O)Nc1nc2ccc(Sc3ccccc3)cc2[nH]1,O,313.15,-3.1135895757561256,0.012,2,0.012151418041759
COC(=O)Nc1nc2ccc(Sc3ccccc3)cc2[nH]1,O,318.15,-3.0235173045774673,0.012,2,0.012151418041759
COC(=O)Nc1nc2ccc(Sc3ccccc3)cc2[nH]1,O,323.15,-2.9357221290589424,0.012769616675238066,2,0.012151418041759
COC(=O)Nc1nc2ccc(Sc3ccccc3)cc2[nH]1,O,328.15,-2.8501077362215503,0.013586232361122651,2,0.012151418041759
COC1=CC(=O)C[C@@H](C)[C@]12Oc1c(Cl)c(OC)cc(OC)c1C2=O,CN1CCCC1=O,278.15,-0.454339700910789,,1,0.0131915160411347
COC1=CC(=O)C[C@@H](C)[C@]12Oc1c(Cl)c(OC)cc(OC)c1C2=O,CN1CCCC1=O,283.15,-0.4247158525090695,,1,0.0131915160411347
COC1=CC(=O)C[C@@H](C)[C@]12Oc1c(Cl)c(OC)cc(OC)c1C2=O,CN1CCCC1=O,288.15,-0.39572895054026347,,1,0.0131915160411347
COC1=CC(=O)C[C@@H](C)[C@]12Oc1c(Cl)c(OC)cc(OC)c1C2=O,CN1CCCC1=O,293.15,-0.3673530752409677,,1,0.0131915160411347
COC1=CC(=O)C[C@@H](C)[C@]12Oc1c(Cl)c(OC)cc(OC)c1C2=O,CN1CCCC1=O,295.55,-0.3454187164836475,0.012054409228689033,2,0.0131915160411347
COC1=CC(=O)C[C@@H](C)[C@]12Oc1c(Cl)c(OC)cc(OC)c1C2=O,CN1CCCC1=O,298.15,-0.3314898379767359,0.012,2,0.0131915160411347
COC1=CC(=O)C[C@@H](C)[C@]12Oc1c(Cl)c(OC)cc(OC)c1C2=O,CN1CCCC1=O,300.65,-0.3182143663616941,0.012,2,0.0131915160411347
COC1=CC(=O)C[C@@H](C)[C@]12Oc1c(Cl)c(OC)cc(OC)c1C2=O,CN1CCCC1=O,303.15,-0.30505227292860226,0.012,2,0.0131915160411347
COC1=CC(=O)C[C@@H](C)[C@]12Oc1c(Cl)c(OC)cc(OC)c1C2=O,CN1CCCC1=O,305.75,-0.2914819056131086,0.012,2,0.0131915160411347
COC1=CC(=O)C[C@@H](C)[C@]12Oc1c(Cl)c(OC)cc(OC)c1C2=O,CN1CCCC1=O,308.15,-0.2790605949927243,0.012,2,0.0131915160411347
COC1=CC(=O)C[C@@H](C)[C@]12Oc1c(Cl)c(OC)cc(OC)c1C2=O,CN1CCCC1=O,310.0,-0.269553701977836,0.012,2,0.0131915160411347
COC1=CC(=O)C[C@@H](C)[C@]12Oc1c(Cl)c(OC)cc(OC)c1C2=O,CN1CCCC1=O,313.15,-0.2535000258310607,0.012,2,0.0131915160411347
COC1=CC(=O)C[C@@H](C)[C@]12Oc1c(Cl)c(OC)cc(OC)c1C2=O,CN1CCCC1=O,315.1,-0.24364519792682993,0.012,2,0.0131915160411347
COC1=CC(=O)C[C@@H](C)[C@]12Oc1c(Cl)c(OC)cc(OC)c1C2=O,CN1CCCC1=O,318.15,-0.2283565092808093,0.012,2,0.0131915160411347
COC1=CC(=O)C[C@@H](C)[C@]12Oc1c(Cl)c(OC)cc(OC)c1C2=O,CN1CCCC1=O,320.6,-0.21618435218475884,0.012,2,0.0131915160411347
COC1=CC(=O)C[C@@H](C)[C@]12Oc1c(Cl)c(OC)cc(OC)c1C2=O,CN1CCCC1=O,323.15,-0.20361666508724108,0.012,2,0.0131915160411347
COC1=CC(=O)C[C@@H](C)[C@]12Oc1c(Cl)c(OC)cc(OC)c1C2=O,CN1CCCC1=O,325.45,-0.18750511787818525,,1,0.0131915160411347
COC1=CC(=O)C[C@@H](C)[C@]12Oc1c(Cl)c(OC)cc(OC)c1C2=O,CN1CCCC1=O,330.45,-0.16366010707522882,,1,0.0131915160411347
COC1=CC(=O)C[C@@H](C)[C@]12Oc1c(Cl)c(OC)cc(OC)c1C2=O,CN1CCCC1=O,335.55,-0.13965154958387593,,1,0.0131915160411347
COC1=CC(=O)C[C@@H](C)[C@]12Oc1c(Cl)c(OC)cc(OC)c1C2=O,CN1CCCC1=O,340.35,-0.11733732542634812,,1,0.0131915160411347
COC1=CC(=O)C[C@@H](C)[C@]12Oc1c(Cl)c(OC)cc(OC)c1C2=O,CN1CCCC1=O,345.55,-0.09346473040235814,,1,0.0131915160411347
COC1=CC(=O)C[C@@H](C)[C@]12Oc1c(Cl)c(OC)cc(OC)c1C2=O,CN1CCCC1=O,350.35,-0.07169990957295802,,1,0.0131915160411347
COC1=CC(=O)C[C@@H](C)[C@]12Oc1c(Cl)c(OC)cc(OC)c1C2=O,CN1CCCC1=O,355.65,-0.047963304343188184,,1,0.0131915160411347
CO[C@@]1(NC(=O)CSCC#N)C(=O)N2C(C(=O)O)=C(CSc3nnnn3C)CS[C@@H]21,CCO,278.15,-2.3855031933779856,0.05711800116884731,2,0.0486360481655727
CO[C@@]1(NC(=O)CSCC#N)C(=O)N2C(C(=O)O)=C(CSc3nnnn3C)CS[C@@H]21,CCO,283.15,-2.3036794035489243,0.012,2,0.0486360481655727
CO[C@@]1(NC(=O)CSCC#N)C(=O)N2C(C(=O)O)=C(CSc3nnnn3C)CS[C@@H]21,CCO,288.15,-2.2161480422299595,0.022399462585578938,2,0.0486360481655727
CO[C@@]1(NC(=O)CSCC#N)C(=O)N2C(C(=O)O)=C(CSc3nnnn3C)CS[C@@H]21,CCO,293.15,-2.1233469531253957,0.04166265572499298,2,0.0486360481655727
CO[C@@]1(NC(=O)CSCC#N)C(=O)N2C(C(=O)O)=C(CSc3nnnn3C)CS[C@@H]21,CCO,298.15,-2.025679718469764,0.04845474930609353,2,0.0486360481655727
CO[C@@]1(NC(=O)CSCC#N)C(=O)N2C(C(=O)O)=C(CSc3nnnn3C)CS[C@@H]21,CCO,303.15,-1.9235187265274414,0.04358787306282584,2,0.0486360481655727
CO[C@@]1(NC(=O)CSCC#N)C(=O)N2C(C(=O)O)=C(CSc3nnnn3C)CS[C@@H]21,CO,278.15,-1.3997275984111632,0.015343957538653263,2,0.0639197854890348
CO[C@@]1(NC(=O)CSCC#N)C(=O)N2C(C(=O)O)=C(CSc3nnnn3C)CS[C@@H]21,CO,283.15,-1.3115264303046903,0.02293634500355875,2,0.0639197854890348
CO[C@@]1(NC(=O)CSCC#N)C(=O)N2C(C(=O)O)=C(CSc3nnnn3C)CS[C@@H]21,CO,288.15,-1.2185024635290254,0.04837922908889716,2,0.0639197854890348
CO[C@@]1(NC(=O)CSCC#N)C(=O)N2C(C(=O)O)=C(CSc3nnnn3C)CS[C@@H]21,CO,293.15,-1.1210369523804045,0.06183788172225891,2,0.0639197854890348
CO[C@@]1(NC(=O)CSCC#N)C(=O)N2C(C(=O)O)=C(CSc3nnnn3C)CS[C@@H]21,CO,298.15,-1.0194810653532689,0.06410167234550976,2,0.0639197854890348
CO[C@@]1(NC(=O)CSCC#N)C(=O)N2C(C(=O)O)=C(CSc3nnnn3C)CS[C@@H]21,CO,303.15,-0.9141585894951549,0.055901741623977895,2,0.0639197854890348
COc1c(C)c2c(c(O)c1C/C=C(\C)CCC(=O)OCCN1CCOCC1)C(=O)OC2,CC(C)O,278.15,-1.146135405785154,,1,0.0088784457296942
COc1c(C)c2c(c(O)c1C/C=C(\C)CCC(=O)OCCN1CCOCC1)C(=O)OC2,CC(C)O,283.15,-1.1009137396603244,,1,0.0088784457296942
COc1c(C)c2c(c(O)c1C/C=C(\C)CCC(=O)OCCN1CCOCC1)C(=O)OC2,CC(C)O,288.15,-1.0565402753434938,,1,0.0088784457296942
COc1c(C)c2c(c(O)c1C/C=C(\C)CCC(=O)OCCN1CCOCC1)C(=O)OC2,CC(C)O,293.15,-1.0129839134854848,,1,0.0088784457296942
COc1c(C)c2c(c(O)c1C/C=C(\C)CCC(=O)OCCN1CCOCC1)C(=O)OC2,CC(C)O,298.15,-0.9702152282284544,,1,0.0088784457296942
COc1c(C)c2c(c(O)c1C/C=C(\C)CCC(=O)OCCN1CCOCC1)C(=O)OC2,CC(C)O,298.2,-0.9607696380433874,0.012758731487531856,2,0.0088784457296942
COc1c(C)c2c(c(O)c1C/C=C(\C)CCC(=O)OCCN1CCOCC1)C(=O)OC2,CC(C)O,303.15,-0.9215110052763991,0.012,2,0.0088784457296942
COc1c(C)c2c(c(O)c1C/C=C(\C)CCC(=O)OCCN1CCOCC1)C(=O)OC2,CC(C)O,303.2,-0.9211187320464091,0.012,2,0.0088784457296942
COc1c(C)c2c(c(O)c1C/C=C(\C)CCC(=O)OCCN1CCOCC1)C(=O)OC2,CC(C)O,308.15,-0.882695984212786,0.012,2,0.0088784457296942
COc1c(C)c2c(c(O)c1C/C=C(\C)CCC(=O)OCCN1CCOCC1)C(=O)OC2,CC(C)O,308.2,-0.882311984156773,0.012,2,0.0088784457296942
COc1c(C)c2c(c(O)c1C/C=C(\C)CCC(=O)OCCN1CCOCC1)C(=O)OC2,CC(C)O,313.15,-0.8446920791561419,0.012,2,0.0088784457296942
COc1c(C)c2c(c(O)c1C/C=C(\C)CCC(=O)OCCN1CCOCC1)C(=O)OC2,CC(C)O,313.2,-0.8443160281288633,0.012,2,0.0088784457296942
COc1c(C)c2c(c(O)c1C/C=C(\C)CCC(=O)OCCN1CCOCC1)C(=O)OC2,CC(C)O,318.15,-0.8074677809941972,0.012,2,0.0088784457296942
COc1c(C)c2c(c(O)c1C/C=C(\C)CCC(=O)OCCN1CCOCC1)C(=O)OC2,CC(C)O,318.2,-0.8081131946302333,,1,0.0088784457296942
COc1c(C)c2c(c(O)c1C/C=C(\C)CCC(=O)OCCN1CCOCC1)C(=O)OC2,CC(O)CO,278.15,-2.3117649730938297,,1,0.0079647174392995
COc1c(C)c2c(c(O)c1C/C=C(\C)CCC(=O)OCCN1CCOCC1)C(=O)OC2,CC(O)CO,283.15,-2.1824896264247684,,1,0.0079647174392995
COc1c(C)c2c(c(O)c1C/C=C(\C)CCC(=O)OCCN1CCOCC1)C(=O)OC2,CC(O)CO,288.15,-2.065260902723594,,1,0.0079647174392995
COc1c(C)c2c(c(O)c1C/C=C(\C)CCC(=O)OCCN1CCOCC1)C(=O)OC2,CC(O)CO,293.15,-1.9593334349964664,,1,0.0079647174392995
COc1c(C)c2c(c(O)c1C/C=C(\C)CCC(=O)OCCN1CCOCC1)C(=O)OC2,CC(O)CO,298.15,-1.8640161817343994,,1,0.0079647174392995
COc1c(C)c2c(c(O)c1C/C=C(\C)CCC(=O)OCCN1CCOCC1)C(=O)OC2,CC(O)CO,298.2,-1.8537936449113275,0.013181511690126154,2,0.0079647174392995
COc1c(C)c2c(c(O)c1C/C=C(\C)CCC(=O)OCCN1CCOCC1)C(=O)OC2,CC(O)CO,303.15,-1.77479355168812,0.012,2,0.0079647174392995
COc1c(C)c2c(c(O)c1C/C=C(\C)CCC(=O)OCCN1CCOCC1)C(=O)OC2,CC(O)CO,303.2,-1.7740377113323973,0.012,2,0.0079647174392995
COc1c(C)c2c(c(O)c1C/C=C(\C)CCC(=O)OCCN1CCOCC1)C(=O)OC2,CC(O)CO,308.15,-1.7032159892676546,0.012,2,0.0079647174392995
COc1c(C)c2c(c(O)c1C/C=C(\C)CCC(=O)OCCN1CCOCC1)C(=O)OC2,CC(O)CO,308.2,-1.70254026977738,0.012,2,0.0079647174392995
COc1c(C)c2c(c(O)c1C/C=C(\C)CCC(=O)OCCN1CCOCC1)C(=O)OC2,CC(O)CO,313.15,-1.6394155514064082,0.012,2,0.0079647174392995
COc1c(C)c2c(c(O)c1C/C=C(\C)CCC(=O)OCCN1CCOCC1)C(=O)OC2,CC(O)CO,313.2,-1.6388152622672862,0.012,2,0.0079647174392995
COc1c(C)c2c(c(O)c1C/C=C(\C)CCC(=O)OCCN1CCOCC1)C(=O)OC2,CC(O)CO,318.15,-1.5829392561607776,0.012,2,0.0079647174392995
COc1c(C)c2c(c(O)c1C/C=C(\C)CCC(=O)OCCN1CCOCC1)C(=O)OC2,CC(O)CO,318.2,-1.5886885712891967,,1,0.0079647174392995
COc1c(C)c2c(c(O)c1C/C=C(\C)CCC(=O)OCCN1CCOCC1)C(=O)OC2,CCO,278.15,-1.2139427362580513,,1,0.0113579527670342
COc1c(C)c2c(c(O)c1C/C=C(\C)CCC(=O)OCCN1CCOCC1)C(=O)OC2,CCO,283.15,-1.160773831902148,,1,0.0113579527670342
COc1c(C)c2c(c(O)c1C/C=C(\C)CCC(=O)OCCN1CCOCC1)C(=O)OC2,CCO,288.15,-1.1077577046519878,,1,0.0113579527670342
COc1c(C)c2c(c(O)c1C/C=C(\C)CCC(=O)OCCN1CCOCC1)C(=O)OC2,CCO,293.15,-1.0549154059223476,,1,0.0113579527670342
COc1c(C)c2c(c(O)c1C/C=C(\C)CCC(=O)OCCN1CCOCC1)C(=O)OC2,CCO,298.15,-1.0022656065856417,,1,0.0113579527670342
COc1c(C)c2c(c(O)c1C/C=C(\C)CCC(=O)OCCN1CCOCC1)C(=O)OC2,CCO,298.2,-0.9905407306266343,0.01583835427054369,2,0.0113579527670342
COc1c(C)c2c(c(O)c1C/C=C(\C)CCC(=O)OCCN1CCOCC1)C(=O)OC2,CCO,303.15,-0.9432564767040417,0.012,2,0.0113579527670342
COc1c(C)c2c(c(O)c1C/C=C(\C)CCC(=O)OCCN1CCOCC1)C(=O)OC2,CCO,303.2,-0.9427832323877958,0.012,2,0.0113579527670342
COc1c(C)c2c(c(O)c1C/C=C(\C)CCC(=O)OCCN1CCOCC1)C(=O)OC2,CCO,308.15,-0.8963548397867049,0.012,2,0.0113579527670342
COc1c(C)c2c(c(O)c1C/C=C(\C)CCC(=O)OCCN1CCOCC1)C(=O)OC2,CCO,308.2,-0.8958900855152392,0.012,2,0.0113579527670342
COc1c(C)c2c(c(O)c1C/C=C(\C)CCC(=O)OCCN1CCOCC1)C(=O)OC2,CCO,313.15,-0.8502873945367151,0.012,2,0.0113579527670342
COc1c(C)c2c(c(O)c1C/C=C(\C)CCC(=O)OCCN1CCOCC1)C(=O)OC2,CCO,313.2,-0.8498308337042091,0.012,2,0.0113579527670342
COc1c(C)c2c(c(O)c1C/C=C(\C)CCC(=O)OCCN1CCOCC1)C(=O)OC2,CCO,318.15,-0.80502523992112,0.015741311288284935,2,0.0113579527670342
COc1c(C)c2c(c(O)c1C/C=C(\C)CCC(=O)OCCN1CCOCC1)C(=O)OC2,CCO,318.2,-0.8157747706743321,,1,0.0113579527670342
COc1c(C)c2c(c(O)c1C/C=C(\C)CCC(=O)OCCN1CCOCC1)C(=O)OC2,CS(C)=O,293.15,-0.6214045914868791,,1,0.0138602455971735
COc1c(C)c2c(c(O)c1C/C=C(\C)CCC(=O)OCCN1CCOCC1)C(=O)OC2,CS(C)=O,298.15,-0.5179205468546542,,1,0.0138602455971735
COc1c(C)c2c(c(O)c1C/C=C(\C)CCC(=O)OCCN1CCOCC1)C(=O)OC2,CS(C)=O,298.2,-0.5006349341326057,0.023039323817668433,2,0.0138602455971735
COc1c(C)c2c(c(O)c1C/C=C(\C)CCC(=O)OCCN1CCOCC1)C(=O)OC2,CS(C)=O,303.15,-0.4127945854955968,0.013440923013681138,2,0.0138602455971735
COc1c(C)c2c(c(O)c1C/C=C(\C)CCC(=O)OCCN1CCOCC1)C(=O)OC2,CS(C)=O,303.2,-0.41194355605672683,0.013346099342524377,2,0.0138602455971735
COc1c(C)c2c(c(O)c1C/C=C(\C)CCC(=O)OCCN1CCOCC1)C(=O)OC2,CS(C)=O,308.15,-0.3311412978928985,0.012,2,0.0138602455971735
COc1c(C)c2c(c(O)c1C/C=C(\C)CCC(=O)OCCN1CCOCC1)C(=O)OC2,CS(C)=O,308.2,-0.3303592720173043,0.012,2,0.0138602455971735
COc1c(C)c2c(c(O)c1C/C=C(\C)CCC(=O)OCCN1CCOCC1)C(=O)OC2,CS(C)=O,313.15,-0.2561911392496157,0.012,2,0.0138602455971735
COc1c(C)c2c(c(O)c1C/C=C(\C)CCC(=O)OCCN1CCOCC1)C(=O)OC2,CS(C)=O,313.2,-0.2554741792562254,0.012,2,0.0138602455971735
COc1c(C)c2c(c(O)c1C/C=C(\C)CCC(=O)OCCN1CCOCC1)C(=O)OC2,CS(C)=O,318.15,-0.18756370118727972,0.01322522771313678,2,0.0138602455971735
COc1c(C)c2c(c(O)c1C/C=C(\C)CCC(=O)OCCN1CCOCC1)C(=O)OC2,CS(C)=O,318.2,-0.1963186266430199,,1,0.0138602455971735
COc1c(C)c2c(c(O)c1C/C=C(\C)CCC(=O)OCCN1CCOCC1)C(=O)OC2,O,278.15,-4.849974010637425,,1,0.0267793976405485
COc1c(C)c2c(c(O)c1C/C=C(\C)CCC(=O)OCCN1CCOCC1)C(=O)OC2,O,283.15,-4.6244728806020134,,1,0.0267793976405485
COc1c(C)c2c(c(O)c1C/C=C(\C)CCC(=O)OCCN1CCOCC1)C(=O)OC2,O,288.15,-4.421325078122209,,1,0.0267793976405485
COc1c(C)c2c(c(O)c1C/C=C(\C)CCC(=O)OCCN1CCOCC1)C(=O)OC2,O,293.15,-4.2391390125954445,,1,0.0267793976405485
COc1c(C)c2c(c(O)c1C/C=C(\C)CCC(=O)OCCN1CCOCC1)C(=O)OC2,O,298.15,-4.076624754520708,,1,0.0267793976405485
COc1c(C)c2c(c(O)c1C/C=C(\C)CCC(=O)OCCN1CCOCC1)C(=O)OC2,O,298.2,-4.04430288610277,0.04354638560735742,2,0.0267793976405485
COc1c(C)c2c(c(O)c1C/C=C(\C)CCC(=O)OCCN1CCOCC1)C(=O)OC2,O,303.15,-3.916933517408694,0.022134878888599805,2,0.0267793976405485
COc1c(C)c2c(c(O)c1C/C=C(\C)CCC(=O)OCCN1CCOCC1)C(=O)OC2,O,303.2,-3.915727796711451,0.02192952484611057,2,0.0267793976405485
COc1c(C)c2c(c(O)c1C/C=C(\C)CCC(=O)OCCN1CCOCC1)C(=O)OC2,O,308.15,-3.804042861619479,0.012,2,0.0267793976405485
COc1c(C)c2c(c(O)c1C/C=C(\C)CCC(=O)OCCN1CCOCC1)C(=O)OC2,O,308.2,-3.8029907310297943,0.012,2,0.0267793976405485
COc1c(C)c2c(c(O)c1C/C=C(\C)CCC(=O)OCCN1CCOCC1)C(=O)OC2,O,313.15,-3.7060545603477664,0.014841791762654833,2,0.0267793976405485
COc1c(C)c2c(c(O)c1C/C=C(\C)CCC(=O)OCCN1CCOCC1)C(=O)OC2,O,313.2,-3.7051469042555425,0.015006810379346822,2,0.0267793976405485
COc1c(C)c2c(c(O)c1C/C=C(\C)CCC(=O)OCCN1CCOCC1)C(=O)OC2,O,318.15,-3.6220884409788,0.030422128901283135,2,0.0267793976405485
COc1c(C)c2c(c(O)c1C/C=C(\C)CCC(=O)OCCN1CCOCC1)C(=O)OC2,O,318.2,-3.6429321141075945,,1,0.0267793976405485
COc1cc(C(=O)O)ccc1O,CC(C)O,283.15,-0.5408767324838664,,1,0.0106720537770753
COc1cc(C(=O)O)ccc1O,CC(C)O,288.15,-0.4900268422359737,,1,0.0106720537770753
COc1cc(C(=O)O)ccc1O,CC(C)O,293.15,-0.45219358624645434,0.018081175578073316,2,0.0106720537770753
COc1cc(C(=O)O)ccc1O,CC(C)O,298.15,-0.3975530509949703,0.01204694524788306,2,0.0106720537770753
COc1cc(C(=O)O)ccc1O,CC(C)O,303.15,-0.344400844960564,0.012,2,0.0106720537770753
COc1cc(C(=O)O)ccc1O,CC(C)O,308.15,-0.2926696168137264,0.012,2,0.0106720537770753
COc1cc(C(=O)O)ccc1O,CC(C)O,313.15,-0.24229615397710713,0.012,2,0.0106720537770753
COc1cc(C(=O)O)ccc1O,CC(C)O,318.15,-0.19322106508159909,0.012,2,0.0106720537770753
COc1cc(C(=O)O)ccc1O,CC(C)O,323.15,-0.14538849142681443,0.012,2,0.0106720537770753
COc1cc(C=O)ccc1O,CCO,283.15,0.09346960801925075,,1,0.0568594212552377
COc1cc(C=O)ccc1O,CCO,288.15,0.11533231962490031,,1,0.0568594212552377
COc1cc(C=O)ccc1O,CCO,293.15,0.1303855385659598,0.012,2,0.0568594212552377
COc1cc(C=O)ccc1O,CCO,298.15,0.1549146715104852,0.012,2,0.0568594212552377
COc1cc(C=O)ccc1O,CCO,303.15,0.18422262305360126,0.012,2,0.0568594212552377
COc1cc(C=O)ccc1O,CCO,308.15,0.21798609403555647,0.027078884744444993,2,0.0568594212552377
COc1cc(C=O)ccc1O,CCO,313.15,0.255905329548094,0.05247814587934912,2,0.0568594212552377
COc1cc(C=O)ccc1O,CCO,318.15,0.297702132278284,0.08384451557429426,2,0.0568594212552377
COc1cc(C=O)ccc1O,CCO,323.15,0.34311806873978856,0.12079632373644976,2,0.0568594212552377
COc1cc(C=O)ccc1O,O,293.15,-1.2303962873626233,0.05435180729035343,2,0.0612517343165651
COc1cc(C=O)ccc1O,O,298.15,-1.13502609305516,0.04990973007394229,2,0.0612517343165651
COc1cc(C=O)ccc1O,O,303.15,-1.0504022648236742,0.045488638406047985,2,0.0612517343165651
COc1cc(C=O)ccc1O,O,308.15,-0.9758783612330717,0.04108954802509259,2,0.0612517343165651
COc1cc(C=O)ccc1O,O,313.15,-0.910853166254384,0.03671334473123884,2,0.0612517343165651
COc1cc(C=O)ccc1O,O,318.15,-0.8547669497365149,0.03236079766526246,2,0.0612517343165651
COc1cc(C=O)ccc1O,O,323.15,-0.787276065375579,,1,0.0612517343165651
COc1cc(Cc2cnc(N)nc2N)cc(OC)c1OC,CC(C)O,277.17,-2.8310282646630327,,1,0.0346321382760526
COc1cc(Cc2cnc(N)nc2N)cc(OC)c1OC,CC(C)O,282.82,-2.7036888748939276,,1,0.0346321382760526
COc1cc(Cc2cnc(N)nc2N)cc(OC)c1OC,CC(C)O,288.28,-2.5787474329340085,,1,0.0346321382760526
COc1cc(Cc2cnc(N)nc2N)cc(OC)c1OC,CC(C)O,293.13,-2.4663952582072284,,1,0.0346321382760526
COc1cc(Cc2cnc(N)nc2N)cc(OC)c1OC,CC(C)O,293.15,-2.5000916539672247,0.048312583485839646,2,0.0346321382760526
COc1cc(Cc2cnc(N)nc2N)cc(OC)c1OC,CC(C)O,297.57,-2.392475537281868,0.04233632626396891,2,0.0346321382760526
COc1cc(Cc2cnc(N)nc2N)cc(OC)c1OC,CC(C)O,298.45,-2.3708631442506913,0.04102963973566515,2,0.0346321382760526
COc1cc(Cc2cnc(N)nc2N)cc(OC)c1OC,CC(C)O,303.45,-2.2469696203587617,0.0329035425156909,2,0.0346321382760526
COc1cc(Cc2cnc(N)nc2N)cc(OC)c1OC,CC(C)O,304.04,-2.23223264872275,0.031868292922706334,2,0.0346321382760526
COc1cc(Cc2cnc(N)nc2N)cc(OC)c1OC,CC(C)O,308.15,-2.128930330197605,0.024229176365698196,2,0.0346321382760526
COc1cc(Cc2cnc(N)nc2N)cc(OC)c1OC,CC(C)O,309.36,-2.0983122214905308,0.021841608067740652,2,0.0346321382760526
COc1cc(Cc2cnc(N)nc2N)cc(OC)c1OC,CC(C)O,312.95,-2.006954070890309,0.01440190879928221,2,0.0346321382760526
COc1cc(Cc2cnc(N)nc2N)cc(OC)c1OC,CC(C)O,315.13,-1.951119524540566,0.012,2,0.0346321382760526
COc1cc(Cc2cnc(N)nc2N)cc(OC)c1OC,CC(C)O,318.65,-1.8604315190409864,0.012,2,0.0346321382760526
COc1cc(Cc2cnc(N)nc2N)cc(OC)c1OC,CC(C)O,319.53,-1.8376616018085272,0.012,2,0.0346321382760526
COc1cc(Cc2cnc(N)nc2N)cc(OC)c1OC,CC(C)O,322.65,-1.7566339021781303,0.012,2,0.0346321382760526
COc1cc(Cc2cnc(N)nc2N)cc(OC)c1OC,CC(C)O,324.04,-1.7286697229501726,,1,0.0346321382760526
COc1cc(Cc2cnc(N)nc2N)cc(OC)c1OC,CC(C)O,328.37,-1.6232805698597161,,1,0.0346321382760526
COc1cc(Cc2cnc(N)nc2N)cc(OC)c1OC,CC(C)O,333.64,-1.4945951605208023,,1,0.0346321382760526
COc1cc(Cc2cnc(N)nc2N)cc(OC)c1OC,CCO,281.15,-2.2070201901765643,,1,0.1112628754820126
COc1cc(Cc2cnc(N)nc2N)cc(OC)c1OC,CCO,287.25,-2.110472171087025,,1,0.1112628754820126
COc1cc(Cc2cnc(N)nc2N)cc(OC)c1OC,CCO,292.64,-2.020558264412145,,1,0.1112628754820126
COc1cc(Cc2cnc(N)nc2N)cc(OC)c1OC,CCO,293.15,-1.957957414353082,0.0762035361363302,2,0.1112628754820126
COc1cc(Cc2cnc(N)nc2N)cc(OC)c1OC,CCO,297.95,-1.877939989638655,0.07098072316722638,2,0.1112628754820126
COc1cc(Cc2cnc(N)nc2N)cc(OC)c1OC,CCO,298.45,-1.8692656510896057,0.0706786112743761,2,0.1112628754820126
COc1cc(Cc2cnc(N)nc2N)cc(OC)c1OC,CCO,302.05,-1.8050034346408808,0.0697985401108647,2,0.1112628754820126
COc1cc(Cc2cnc(N)nc2N)cc(OC)c1OC,CCO,303.45,-1.7791787582372791,0.07005574774718182,2,0.1112628754820126
COc1cc(Cc2cnc(N)nc2N)cc(OC)c1OC,CCO,307.85,-1.6951145092531874,0.07296088092258253,2,0.1112628754820126
COc1cc(Cc2cnc(N)nc2N)cc(OC)c1OC,CCO,308.15,-1.6892273706499523,0.07327173900228011,2,0.1112628754820126
COc1cc(Cc2cnc(N)nc2N)cc(OC)c1OC,CCO,311.35,-1.6252437818440129,0.07745291474834896,2,0.1112628754820126
COc1cc(Cc2cnc(N)nc2N)cc(OC)c1OC,CCO,312.95,-1.5924580696165833,0.08012385390255271,2,0.1112628754820126
COc1cc(Cc2cnc(N)nc2N)cc(OC)c1OC,CCO,315.24,-1.544644525858466,0.08459932617961276,2,0.1112628754820126
COc1cc(Cc2cnc(N)nc2N)cc(OC)c1OC,CCO,318.65,-1.471575302997465,0.09264354959176575,2,0.1112628754820126
COc1cc(Cc2cnc(N)nc2N)cc(OC)c1OC,CCO,318.85,-1.467222232307094,0.09316531441315777,2,0.1112628754820126
COc1cc(Cc2cnc(N)nc2N)cc(OC)c1OC,CCO,322.65,-1.3831443879470413,0.10409766077648558,2,0.1112628754820126
COc1cc(Cc2cnc(N)nc2N)cc(OC)c1OC,CCO,323.95,-1.43035895852762,,1,0.1112628754820126
COc1cc(Cc2cnc(N)nc2N)cc(OC)c1OC,CCO,326.65,-1.3751135845120217,,1,0.1112628754820126
COc1cc(Cc2cnc(N)nc2N)cc(OC)c1OC,CCO,330.66,-1.2920457452112117,,1,0.1112628754820126
COc1cc(Cc2cnc(N)nc2N)cc(OC)c1OC,CCO,335.25,-1.1955638282563399,,1,0.1112628754820126
COc1ccc(Cl)cc1C(=O)NCCc1ccc(S(=O)(=O)NC(=O)NC2CCCCC2)cc1,CC#N,283.15,-2.9863829101208808,,1,0.0228771473320834
COc1ccc(Cl)cc1C(=O)NCCc1ccc(S(=O)(=O)NC(=O)NC2CCCCC2)cc1,CC#N,288.15,-2.8343664281001963,0.04173445732590897,2,0.0228771473320834
COc1ccc(Cl)cc1C(=O)NCCc1ccc(S(=O)(=O)NC(=O)NC2CCCCC2)cc1,CC#N,293.15,-2.7183861412379144,0.03141722337449199,2,0.0228771473320834
COc1ccc(Cl)cc1C(=O)NCCc1ccc(S(=O)(=O)NC(=O)NC2CCCCC2)cc1,CC#N,298.15,-2.600530819608231,0.022835033095582328,2,0.0228771473320834
COc1ccc(Cl)cc1C(=O)NCCc1ccc(S(=O)(=O)NC(=O)NC2CCCCC2)cc1,CC#N,303.15,-2.4809883352564484,0.01587912408911403,2,0.0228771473320834
COc1ccc(Cl)cc1C(=O)NCCc1ccc(S(=O)(=O)NC(=O)NC2CCCCC2)cc1,CC#N,308.15,-2.3599312802758803,0.012,2,0.0228771473320834
COc1ccc(Cl)cc1C(=O)NCCc1ccc(S(=O)(=O)NC(=O)NC2CCCCC2)cc1,CC#N,313.15,-2.237518334533341,0.012,2,0.0228771473320834
COc1ccc(Cl)cc1C(=O)NCCc1ccc(S(=O)(=O)NC(=O)NC2CCCCC2)cc1,CC#N,318.15,-2.1138954951274656,0.012,2,0.0228771473320834
COc1ccc(Cl)cc1C(=O)NCCc1ccc(S(=O)(=O)NC(=O)NC2CCCCC2)cc1,CC#N,323.15,-1.9891971832744204,0.012,2,0.0228771473320834
COc1ccc(Cl)cc1C(=O)NCCc1ccc(S(=O)(=O)NC(=O)NC2CCCCC2)cc1,CC(C)=O,283.15,-2.2032918945982765,0.016212048436752603,2,0.0109170708337842
COc1ccc(Cl)cc1C(=O)NCCc1ccc(S(=O)(=O)NC(=O)NC2CCCCC2)cc1,CC(C)=O,288.15,-2.1102006546132515,0.012,2,0.0109170708337842
COc1ccc(Cl)cc1C(=O)NCCc1ccc(S(=O)(=O)NC(=O)NC2CCCCC2)cc1,CC(C)=O,293.15,-2.0169348183315208,0.012,2,0.0109170708337842
COc1ccc(Cl)cc1C(=O)NCCc1ccc(S(=O)(=O)NC(=O)NC2CCCCC2)cc1,CC(C)=O,298.15,-1.9235593574560497,0.012,2,0.0109170708337842
COc1ccc(Cl)cc1C(=O)NCCc1ccc(S(=O)(=O)NC(=O)NC2CCCCC2)cc1,CC(C)=O,303.15,-1.8301331035227477,0.012,2,0.0109170708337842
COc1ccc(Cl)cc1C(=O)NCCc1ccc(S(=O)(=O)NC(=O)NC2CCCCC2)cc1,CC(C)=O,308.15,-1.7367093362998034,0.012,2,0.0109170708337842
COc1ccc(Cl)cc1C(=O)NCCc1ccc(S(=O)(=O)NC(=O)NC2CCCCC2)cc1,CC(C)=O,313.15,-1.6433363100525327,0.012,2,0.0109170708337842
COc1ccc(Cl)cc1C(=O)NCCc1ccc(S(=O)(=O)NC(=O)NC2CCCCC2)cc1,CC(C)=O,318.15,-1.5500577249623504,0.012,2,0.0109170708337842
COc1ccc(Cl)cc1C(=O)NCCc1ccc(S(=O)(=O)NC(=O)NC2CCCCC2)cc1,CC(C)=O,323.15,-1.45691315004429,0.012,2,0.0109170708337842
COc1ccc(Cl)cc1C(=O)NCCc1ccc(S(=O)(=O)NC(=O)NC2CCCCC2)cc1,CC(C)O,283.15,-2.982607490945071,0.0191553317660684,2,0.0184675118254979
COc1ccc(Cl)cc1C(=O)NCCc1ccc(S(=O)(=O)NC(=O)NC2CCCCC2)cc1,CC(C)O,288.15,-2.887067965150455,0.02318309606323791,3,0.0184675118254979
COc1ccc(Cl)cc1C(=O)NCCc1ccc(S(=O)(=O)NC(=O)NC2CCCCC2)cc1,CC(C)O,293.15,-2.787908720221386,0.02246498223568966,3,0.0184675118254979
COc1ccc(Cl)cc1C(=O)NCCc1ccc(S(=O)(=O)NC(=O)NC2CCCCC2)cc1,CC(C)O,298.15,-2.675962617155051,0.020052987033203986,3,0.0184675118254979
COc1ccc(Cl)cc1C(=O)NCCc1ccc(S(=O)(=O)NC(=O)NC2CCCCC2)cc1,CC(C)O,303.15,-2.5521281348162006,0.01604691316816759,3,0.0184675118254979
COc1ccc(Cl)cc1C(=O)NCCc1ccc(S(=O)(=O)NC(=O)NC2CCCCC2)cc1,CC(C)O,308.15,-2.417236811494888,0.012,3,0.0184675118254979
COc1ccc(Cl)cc1C(=O)NCCc1ccc(S(=O)(=O)NC(=O)NC2CCCCC2)cc1,CC(C)O,313.15,-2.272059002308898,0.012,3,0.0184675118254979
COc1ccc(Cl)cc1C(=O)NCCc1ccc(S(=O)(=O)NC(=O)NC2CCCCC2)cc1,CC(C)O,318.15,-2.117309067725538,0.012,3,0.0184675118254979
COc1ccc(Cl)cc1C(=O)NCCc1ccc(S(=O)(=O)NC(=O)NC2CCCCC2)cc1,CC(C)O,323.15,-1.9536500568285646,0.016304051811555736,3,0.0184675118254979
COc1ccc(Cl)cc1C(=O)NCCc1ccc(S(=O)(=O)NC(=O)NC2CCCCC2)cc1,CCCO,283.15,-2.8734205535465094,,1,0.035757062790888
COc1ccc(Cl)cc1C(=O)NCCc1ccc(S(=O)(=O)NC(=O)NC2CCCCC2)cc1,CCCO,288.15,-2.7273433631792443,0.05605744141391581,2,0.035757062790888
COc1ccc(Cl)cc1C(=O)NCCc1ccc(S(=O)(=O)NC(=O)NC2CCCCC2)cc1,CCCO,293.15,-2.6229636736688775,0.045323374265039906,2,0.035757062790888
COc1ccc(Cl)cc1C(=O)NCCc1ccc(S(=O)(=O)NC(=O)NC2CCCCC2)cc1,CCCO,298.15,-2.5126964561182348,0.03570404915835071,2,0.035757062790888
COc1ccc(Cl)cc1C(=O)NCCc1ccc(S(=O)(=O)NC(=O)NC2CCCCC2)cc1,CCCO,303.15,-2.39698789083225,0.02713185901549062,2,0.035757062790888
COc1ccc(Cl)cc1C(=O)NCCc1ccc(S(=O)(=O)NC(=O)NC2CCCCC2)cc1,CCCO,308.15,-2.2762501732133558,0.019543988742948968,2,0.035757062790888
COc1ccc(Cl)cc1C(=O)NCCc1ccc(S(=O)(=O)NC(=O)NC2CCCCC2)cc1,CCCO,313.15,-2.1508644677130633,0.012882013311363662,2,0.035757062790888
COc1ccc(Cl)cc1C(=O)NCCc1ccc(S(=O)(=O)NC(=O)NC2CCCCC2)cc1,CCCO,318.15,-2.0211835680997154,0.012,2,0.035757062790888
COc1ccc(Cl)cc1C(=O)NCCc1ccc(S(=O)(=O)NC(=O)NC2CCCCC2)cc1,CCCO,323.15,-1.8875342970217872,0.012,2,0.035757062790888
COc1ccc(Cl)cc1C(=O)NCCc1ccc(S(=O)(=O)NC(=O)NC2CCCCC2)cc1,CCO,283.15,-2.719063623801702,0.01541177530357975,2,0.0172094191326238
COc1ccc(Cl)cc1C(=O)NCCc1ccc(S(=O)(=O)NC(=O)NC2CCCCC2)cc1,CCO,288.15,-2.610520683708259,0.012,2,0.0172094191326238
COc1ccc(Cl)cc1C(=O)NCCc1ccc(S(=O)(=O)NC(=O)NC2CCCCC2)cc1,CCO,293.15,-2.4959830469439623,0.012,2,0.0172094191326238
COc1ccc(Cl)cc1C(=O)NCCc1ccc(S(=O)(=O)NC(=O)NC2CCCCC2)cc1,CCO,298.15,-2.3759149492463365,0.012,2,0.0172094191326238
COc1ccc(Cl)cc1C(=O)NCCc1ccc(S(=O)(=O)NC(=O)NC2CCCCC2)cc1,CCO,303.15,-2.2507446330883027,0.015776559620989856,2,0.0172094191326238
COc1ccc(Cl)cc1C(=O)NCCc1ccc(S(=O)(=O)NC(=O)NC2CCCCC2)cc1,CCO,308.15,-2.120867529030363,0.017465662690548358,2,0.0172094191326238
COc1ccc(Cl)cc1C(=O)NCCc1ccc(S(=O)(=O)NC(=O)NC2CCCCC2)cc1,CCO,313.15,-1.986649115608003,0.017016171795579894,2,0.0172094191326238
COc1ccc(Cl)cc1C(=O)NCCc1ccc(S(=O)(=O)NC(=O)NC2CCCCC2)cc1,CCO,318.15,-1.848427494431391,0.014561681394302223,2,0.0172094191326238
COc1ccc(Cl)cc1C(=O)NCCc1ccc(S(=O)(=O)NC(=O)NC2CCCCC2)cc1,CCO,323.15,-1.706515712511134,0.012,2,0.0172094191326238
COc1ccc(Cl)cc1C(=O)NCCc1ccc(S(=O)(=O)NC(=O)NC2CCCCC2)cc1,CCOC(C)=O,283.15,-3.028725306353067,0.02024300693484039,2,0.0155151246847118
COc1ccc(Cl)cc1C(=O)NCCc1ccc(S(=O)(=O)NC(=O)NC2CCCCC2)cc1,CCOC(C)=O,288.15,-2.9295914313451163,0.012,2,0.0155151246847118
COc1ccc(Cl)cc1C(=O)NCCc1ccc(S(=O)(=O)NC(=O)NC2CCCCC2)cc1,CCOC(C)=O,293.15,-2.8291190986771397,0.012,2,0.0155151246847118
COc1ccc(Cl)cc1C(=O)NCCc1ccc(S(=O)(=O)NC(=O)NC2CCCCC2)cc1,CCOC(C)=O,298.15,-2.727454811281831,0.012,2,0.0155151246847118
COc1ccc(Cl)cc1C(=O)NCCc1ccc(S(=O)(=O)NC(=O)NC2CCCCC2)cc1,CCOC(C)=O,303.15,-2.624732794935788,0.012,2,0.0155151246847118
COc1ccc(Cl)cc1C(=O)NCCc1ccc(S(=O)(=O)NC(=O)NC2CCCCC2)cc1,CCOC(C)=O,308.15,-2.521076121455522,0.013817741759198435,2,0.0155151246847118
COc1ccc(Cl)cc1C(=O)NCCc1ccc(S(=O)(=O)NC(=O)NC2CCCCC2)cc1,CCOC(C)=O,313.15,-2.4165977161675727,0.014980437057824468,2,0.0155151246847118
COc1ccc(Cl)cc1C(=O)NCCc1ccc(S(=O)(=O)NC(=O)NC2CCCCC2)cc1,CCOC(C)=O,318.15,-2.3114012630220344,0.014528916273066326,2,0.0155151246847118
COc1ccc(Cl)cc1C(=O)NCCc1ccc(S(=O)(=O)NC(=O)NC2CCCCC2)cc1,CCOC(C)=O,323.15,-2.205582019005,0.012562521038403498,2,0.0155151246847118
COc1ccc(Cl)cc1C(=O)NCCc1ccc(S(=O)(=O)NC(=O)NC2CCCCC2)cc1,CO,283.15,-2.4866339727156372,0.015351485099054573,2,0.0235836755809375
COc1ccc(Cl)cc1C(=O)NCCc1ccc(S(=O)(=O)NC(=O)NC2CCCCC2)cc1,CO,288.15,-2.370603929576324,0.033241924354910204,3,0.0235836755809375
COc1ccc(Cl)cc1C(=O)NCCc1ccc(S(=O)(=O)NC(=O)NC2CCCCC2)cc1,CO,293.15,-2.2736013263725,0.016837331350697458,3,0.0235836755809375
COc1ccc(Cl)cc1C(=O)NCCc1ccc(S(=O)(=O)NC(=O)NC2CCCCC2)cc1,CO,298.15,-2.1656333591342523,0.012,3,0.0235836755809375
COc1ccc(Cl)cc1C(=O)NCCc1ccc(S(=O)(=O)NC(=O)NC2CCCCC2)cc1,CO,303.15,-2.047477139587727,0.012,3,0.0235836755809375
COc1ccc(Cl)cc1C(=O)NCCc1ccc(S(=O)(=O)NC(=O)NC2CCCCC2)cc1,CO,308.15,-1.9198517299238915,0.017465780191277994,3,0.0235836755809375
COc1ccc(Cl)cc1C(=O)NCCc1ccc(S(=O)(=O)NC(=O)NC2CCCCC2)cc1,CO,313.15,-1.7834231418194502,0.021096801175024573,3,0.0235836755809375
COc1ccc(Cl)cc1C(=O)NCCc1ccc(S(=O)(=O)NC(=O)NC2CCCCC2)cc1,CO,318.15,-1.6388088411433444,0.022753802491876352,3,0.0235836755809375
COc1ccc(Cl)cc1C(=O)NCCc1ccc(S(=O)(=O)NC(=O)NC2CCCCC2)cc1,CO,323.15,-1.4865818136616913,0.023222774852664704,3,0.0235836755809375
COc1ccc(Cl)cc1C(=O)NCCc1ccc(S(=O)(=O)NC(=O)NC2CCCCC2)cc1,O,283.15,-5.33465429576097,,1,0.0157680898690936
COc1ccc(Cl)cc1C(=O)NCCc1ccc(S(=O)(=O)NC(=O)NC2CCCCC2)cc1,O,288.15,-5.299124538585943,0.012,2,0.0157680898690936
COc1ccc(Cl)cc1C(=O)NCCc1ccc(S(=O)(=O)NC(=O)NC2CCCCC2)cc1,O,293.15,-5.243557188532861,0.012,2,0.0157680898690936
COc1ccc(Cl)cc1C(=O)NCCc1ccc(S(=O)(=O)NC(=O)NC2CCCCC2)cc1,O,298.15,-5.160250895392494,0.012,2,0.0157680898690936
COc1ccc(Cl)cc1C(=O)NCCc1ccc(S(=O)(=O)NC(=O)NC2CCCCC2)cc1,O,303.15,-5.051066492245695,0.014379748091545947,2,0.0157680898690936
COc1ccc(Cl)cc1C(=O)NCCc1ccc(S(=O)(=O)NC(=O)NC2CCCCC2)cc1,O,308.15,-4.917728189383524,0.015769847284604767,2,0.0157680898690936
COc1ccc(Cl)cc1C(=O)NCCc1ccc(S(=O)(=O)NC(=O)NC2CCCCC2)cc1,O,313.15,-4.761835240718597,0.015185921026474545,2,0.0157680898690936
COc1ccc(Cl)cc1C(=O)NCCc1ccc(S(=O)(=O)NC(=O)NC2CCCCC2)cc1,O,318.15,-4.584872462370811,0.012751368284762078,2,0.0157680898690936
COc1ccc(Cl)cc1C(=O)NCCc1ccc(S(=O)(=O)NC(=O)NC2CCCCC2)cc1,O,323.15,-4.388219731438994,0.012,2,0.0157680898690936
COc1ccc2cc([C@H](C)C(=O)O)ccc2c1,CCO,278.15,-1.073636111823312,,1,0.1221522539043829
COc1ccc2cc([C@H](C)C(=O)O)ccc2c1,CCO,283.7,-0.9671989064195046,,1,0.1221522539043829
COc1ccc2cc([C@H](C)C(=O)O)ccc2c1,CCO,288.15,-0.8840264172586956,,1,0.1221522539043829
COc1ccc2cc([C@H](C)C(=O)O)ccc2c1,CCO,293.1,-0.7936751132710285,,1,0.1221522539043829
COc1ccc2cc([C@H](C)C(=O)O)ccc2c1,CCO,293.2,-0.731997989343391,0.059844032449310886,3,0.1221522539043829
COc1ccc2cc([C@H](C)C(=O)O)ccc2c1,CCO,298.2,-0.6569925027755689,0.07225905162485612,3,0.1221522539043829
COc1ccc2cc([C@H](C)C(=O)O)ccc2c1,CCO,298.5,-0.6525806172268288,0.07332889516602763,3,0.1221522539043829
COc1ccc2cc([C@H](C)C(=O)O)ccc2c1,CCO,303.2,-0.5847237690561524,0.09247117855007289,3,0.1221522539043829
COc1ccc2cc([C@H](C)C(=O)O)ccc2c1,CCO,303.25,-0.5840144295014879,0.0926906971523494,3,0.1221522539043829
COc1ccc2cc([C@H](C)C(=O)O)ccc2c1,CCO,308.2,-0.5150543248544531,0.11504631231660445,3,0.1221522539043829
COc1ccc2cc([C@H](C)C(=O)O)ccc2c1,CCO,308.65,-0.5089071115135132,0.11710614142608752,3,0.1221522539043829
COc1ccc2cc([C@H](C)C(=O)O)ccc2c1,CCO,313.2,-0.44785562106829485,0.1378307742839785,3,0.1221522539043829
COc1ccc2cc([C@H](C)C(=O)O)ccc2c1,CCO,313.4,-0.4450186099668443,,1,0.1221522539043829
COc1ccc2cc([C@H](C)C(=O)O)ccc2c1,CCO,318.8,-0.3576961790269415,,1,0.1221522539043829
COc1ccc2cc([C@H](C)C(=O)O)ccc2c1,CCO,320.15,-0.33619545805756346,,1,0.1221522539043829
COc1ccccc1N1CCN(CC(O)COc2cccc3ccccc23)CC1,CCO,273.15,-1.8441142544157625,,1,0.0313917756925997
COc1ccccc1N1CCN(CC(O)COc2cccc3ccccc23)CC1,CCO,278.15,-1.7770120809420202,,1,0.0313917756925997
COc1ccccc1N1CCN(CC(O)COc2cccc3ccccc23)CC1,CCO,283.15,-1.7117353968315676,,1,0.0313917756925997
COc1ccccc1N1CCN(CC(O)COc2cccc3ccccc23)CC1,CCO,288.15,-1.6293174813904359,0.0267019632911411,2,0.0313917756925997
COc1ccccc1N1CCN(CC(O)COc2cccc3ccccc23)CC1,CCO,293.15,-1.5684850374295665,0.025224832616935387,2,0.0313917756925997
COc1ccccc1N1CCN(CC(O)COc2cccc3ccccc23)CC1,CCO,298.15,-1.5094377554226206,0.023464415548673862,2,0.0313917756925997
COc1ccccc1N1CCN(CC(O)COc2cccc3ccccc23)CC1,CCO,303.15,-1.4520915137545845,0.02144021926523009,2,0.0313917756925997
COc1ccccc1N1CCN(CC(O)COc2cccc3ccccc23)CC1,CCO,308.15,-1.3963675139854057,0.019170306676233664,2,0.0313917756925997
COc1ccccc1N1CCN(CC(O)COc2cccc3ccccc23)CC1,CCO,313.15,-1.3421918624247198,0.016671420260502893,2,0.0313917756925997
COc1ccccc1N1CCN(CC(O)COc2cccc3ccccc23)CC1,CCO,318.15,-1.2796246209428703,,1,0.0313917756925997
COc1ccccc1N1CCN(CC(O)COc2cccc3ccccc23)CC1,CCO,323.15,-1.2304003706901976,,1,0.0313917756925997
COc1ccccc1N1CCN(CC(O)COc2cccc3ccccc23)CC1,CCO,328.15,-1.1826598359166551,,1,0.0313917756925997
COc1ccccc1OCCNCC(O)COc1cccc2[nH]c3ccccc3c12,CCOC(C)=O,278.15,-2.192878722460989,,1,0.0144276575042329
COc1ccccc1OCCNCC(O)COc1cccc2[nH]c3ccccc3c12,CCOC(C)=O,283.15,-2.0129782687132547,,1,0.0144276575042329
COc1ccccc1OCCNCC(O)COc1cccc2[nH]c3ccccc3c12,CCOC(C)=O,288.15,-1.8337096034771978,0.03207750169316926,2,0.0144276575042329
COc1ccccc1OCCNCC(O)COc1cccc2[nH]c3ccccc3c12,CCOC(C)=O,293.15,-1.716788267391994,0.012,2,0.0144276575042329
COc1ccccc1OCCNCC(O)COc1cccc2[nH]c3ccccc3c12,CCOC(C)=O,298.15,-1.6122933103145822,0.012,2,0.0144276575042329
COc1ccccc1OCCNCC(O)COc1cccc2[nH]c3ccccc3c12,CCOC(C)=O,303.15,-1.5194695819985728,0.012,2,0.0144276575042329
COc1ccccc1OCCNCC(O)COc1cccc2[nH]c3ccccc3c12,CCOC(C)=O,308.15,-1.4376154972555462,0.012,2,0.0144276575042329
COc1ccccc1OCCNCC(O)COc1cccc2[nH]c3ccccc3c12,CCOC(C)=O,313.15,-1.3748586356118722,,1,0.0144276575042329
CS(=O)(=O)Nc1ccc([N+](=O)[O-])cc1Oc1ccccc1,CCO,273.15,-2.2270174521642616,,1,0.0483791956109721
CS(=O)(=O)Nc1ccc([N+](=O)[O-])cc1Oc1ccccc1,CCO,278.15,-2.226744368017931,0.10615184375994056,2,0.0483791956109721
CS(=O)(=O)Nc1ccc([N+](=O)[O-])cc1Oc1ccccc1,CCO,283.15,-2.129055315447511,0.07946608248710765,2,0.0483791956109721
CS(=O)(=O)Nc1ccc([N+](=O)[O-])cc1Oc1ccccc1,CCO,288.15,-2.031212320006153,0.057084547307354065,2,0.0483791956109721
CS(=O)(=O)Nc1ccc([N+](=O)[O-])cc1Oc1ccccc1,CCO,293.15,-1.933283714384613,0.0387293746714318,2,0.0483791956109721
CS(=O)(=O)Nc1ccc([N+](=O)[O-])cc1Oc1ccccc1,CCO,298.15,-1.8353312195002935,0.02414327319376192,2,0.0483791956109721
CS(=O)(=O)Nc1ccc([N+](=O)[O-])cc1Oc1ccccc1,CCO,303.15,-1.7374105901186603,0.013087731455555826,2,0.0483791956109721
CS(=O)(=O)Nc1ccc([N+](=O)[O-])cc1Oc1ccccc1,CCO,308.15,-1.639572191104298,0.012,2,0.0483791956109721
CS(=O)(=O)Nc1ccc([N+](=O)[O-])cc1Oc1ccccc1,CCO,313.15,-1.5418615125754886,0.012,2,0.0483791956109721
CS(=O)(=O)Nc1ccc([N+](=O)[O-])cc1Oc1ccccc1,CCO,318.15,-1.444319631146696,0.012,2,0.0483791956109721
CS(=O)(=O)Nc1ccc([N+](=O)[O-])cc1Oc1ccccc1,CCO,323.15,-1.3469640549511475,,1,0.0483791956109721
CS(=O)(=O)Nc1ccc([N+](=O)[O-])cc1Oc1ccccc1,CCOC(C)=O,273.15,-0.823356364004173,,1,0.0148874215966493
CS(=O)(=O)Nc1ccc([N+](=O)[O-])cc1Oc1ccccc1,CCOC(C)=O,278.15,-0.7969075587880337,0.02741782022573744,2,0.0148874215966493
CS(=O)(=O)Nc1ccc([N+](=O)[O-])cc1Oc1ccccc1,CCOC(C)=O,283.15,-0.7460777939561893,0.020403019169851797,2,0.0148874215966493
CS(=O)(=O)Nc1ccc([N+](=O)[O-])cc1Oc1ccccc1,CCOC(C)=O,288.15,-0.6956875992310003,0.014014117491637735,2,0.0148874215966493
CS(=O)(=O)Nc1ccc([N+](=O)[O-])cc1Oc1ccccc1,CCOC(C)=O,293.15,-0.6457370745158979,0.012,2,0.0148874215966493
CS(=O)(=O)Nc1ccc([N+](=O)[O-])cc1Oc1ccccc1,CCOC(C)=O,298.15,-0.5962255551619045,0.012,2,0.0148874215966493
CS(=O)(=O)Nc1ccc([N+](=O)[O-])cc1Oc1ccccc1,CCOC(C)=O,303.15,-0.5471517125243786,0.012,2,0.0148874215966493
CS(=O)(=O)Nc1ccc([N+](=O)[O-])cc1Oc1ccccc1,CCOC(C)=O,308.15,-0.49851364229509443,0.012,2,0.0148874215966493
CS(=O)(=O)Nc1ccc([N+](=O)[O-])cc1Oc1ccccc1,CCOC(C)=O,313.15,-0.45030894217058304,0.012,2,0.0148874215966493
CS(=O)(=O)Nc1ccc([N+](=O)[O-])cc1Oc1ccccc1,CCOC(C)=O,318.15,-0.4025347802028225,0.013150778069376241,2,0.0148874215966493
CS(=O)(=O)Nc1ccc([N+](=O)[O-])cc1Oc1ccccc1,CCOC(C)=O,323.15,-0.34380609309073407,,1,0.0148874215966493
CS(=O)(=O)c1ccc([C@@H](O)[C@@H](CF)NC(=O)C(Cl)Cl)cc1,CCCO,278.35,-1.9632060879530044,,1,0.0090759802811697
CS(=O)(=O)c1ccc([C@@H](O)[C@@H](CF)NC(=O)C(Cl)Cl)cc1,CCCO,283.15,-1.8735806478502628,0.0138664782253689,2,0.0090759802811697
CS(=O)(=O)c1ccc([C@@H](O)[C@@H](CF)NC(=O)C(Cl)Cl)cc1,CCCO,284.05,-1.8539317648768066,0.01222867669481996,2,0.0090759802811697
CS(=O)(=O)c1ccc([C@@H](O)[C@@H](CF)NC(=O)C(Cl)Cl)cc1,CCCO,288.15,-1.765255160043731,0.012,2,0.0090759802811697
CS(=O)(=O)c1ccc([C@@H](O)[C@@H](CF)NC(=O)C(Cl)Cl)cc1,CCCO,289.0,-1.7470398885136902,0.012,2,0.0090759802811697
CS(=O)(=O)c1ccc([C@@H](O)[C@@H](CF)NC(=O)C(Cl)Cl)cc1,CCCO,293.15,-1.6589210400193934,0.012,2,0.0090759802811697
CS(=O)(=O)c1ccc([C@@H](O)[C@@H](CF)NC(=O)C(Cl)Cl)cc1,CCCO,293.5,-1.6515503545622874,0.012,2,0.0090759802811697
CS(=O)(=O)c1ccc([C@@H](O)[C@@H](CF)NC(=O)C(Cl)Cl)cc1,CCCO,298.15,-1.5545066781751995,0.012,2,0.0090759802811697
CS(=O)(=O)c1ccc([C@@H](O)[C@@H](CF)NC(=O)C(Cl)Cl)cc1,CCCO,298.65,-1.544168185994197,0.012,2,0.0090759802811697
CS(=O)(=O)c1ccc([C@@H](O)[C@@H](CF)NC(=O)C(Cl)Cl)cc1,CCCO,303.15,-1.4401592841263948,,1,0.0090759802811697
CS(=O)(=O)c1ccc([C@@H](O)[C@@H](CF)NC(=O)C(Cl)Cl)cc1,CCCO,308.15,-1.3352155637508822,,1,0.0090759802811697
CS(=O)(=O)c1ccc([C@@H](O)[C@@H](CF)NC(=O)C(Cl)Cl)cc1,CCCO,313.15,-1.2324326136408814,,1,0.0090759802811697
CS(=O)(=O)c1ccc([C@@H](O)[C@@H](CF)NC(=O)C(Cl)Cl)cc1,CCCO,318.15,-1.1317272693996756,,1,0.0090759802811697
CS(=O)(=O)c1ccc([C@@H](O)[C@@H](CF)NC(=O)C(Cl)Cl)cc1,CCCO,323.15,-1.0330209346568502,,1,0.0090759802811697
CS(=O)(=O)c1ccc([C@@H](O)[C@@H](CF)NC(=O)C(Cl)Cl)cc1,CCO,278.55,-1.6650116460928075,,1,0.014214005415877
CS(=O)(=O)c1ccc([C@@H](O)[C@@H](CF)NC(=O)C(Cl)Cl)cc1,CCO,283.15,-1.57062646052922,0.012,2,0.014214005415877
CS(=O)(=O)c1ccc([C@@H](O)[C@@H](CF)NC(=O)C(Cl)Cl)cc1,CCO,283.45,-1.5644095778194158,0.012,2,0.014214005415877
CS(=O)(=O)c1ccc([C@@H](O)[C@@H](CF)NC(=O)C(Cl)Cl)cc1,CCO,288.15,-1.4690401779279672,0.012,2,0.014214005415877
CS(=O)(=O)c1ccc([C@@H](O)[C@@H](CF)NC(=O)C(Cl)Cl)cc1,CCO,288.8,-1.456144756864358,0.012,2,0.014214005415877
CS(=O)(=O)c1ccc([C@@H](O)[C@@H](CF)NC(=O)C(Cl)Cl)cc1,CCO,293.15,-1.371618980164432,0.012,2,0.014214005415877
CS(=O)(=O)c1ccc([C@@H](O)[C@@H](CF)NC(=O)C(Cl)Cl)cc1,CCO,293.7,-1.361147277448139,0.012,2,0.014214005415877
CS(=O)(=O)c1ccc([C@@H](O)[C@@H](CF)NC(=O)C(Cl)Cl)cc1,CCO,298.15,-1.2781415847759545,0.012,2,0.014214005415877
CS(=O)(=O)c1ccc([C@@H](O)[C@@H](CF)NC(=O)C(Cl)Cl)cc1,CCO,298.45,-1.2726537763844155,0.012,2,0.014214005415877
CS(=O)(=O)c1ccc([C@@H](O)[C@@H](CF)NC(=O)C(Cl)Cl)cc1,CCO,303.15,-1.1936611819625575,,1,0.014214005415877
CS(=O)(=O)c1ccc([C@@H](O)[C@@H](CF)NC(=O)C(Cl)Cl)cc1,CCO,308.15,-1.1047563285080546,,1,0.014214005415877
CS(=O)(=O)c1ccc([C@@H](O)[C@@H](CF)NC(=O)C(Cl)Cl)cc1,CCO,313.15,-1.0183009408733792,,1,0.014214005415877
CS(=O)(=O)c1ccc([C@@H](O)[C@@H](CF)NC(=O)C(Cl)Cl)cc1,CCO,318.15,-0.9341856558680188,,1,0.014214005415877
CS(=O)(=O)c1ccc([C@@H](O)[C@@H](CF)NC(=O)C(Cl)Cl)cc1,CCO,323.15,-0.8523076893649666,,1,0.014214005415877
CS(=O)(=O)c1ccc([C@@H](O)[C@@H](CF)NC(=O)C(Cl)Cl)cc1,O,278.8,-2.865603177340205,,1,0.0810122471198576
CS(=O)(=O)c1ccc([C@@H](O)[C@@H](CF)NC(=O)C(Cl)Cl)cc1,O,283.85,-2.786646037535178,,1,0.0810122471198576
CS(=O)(=O)c1ccc([C@@H](O)[C@@H](CF)NC(=O)C(Cl)Cl)cc1,O,289.1,-2.6960293720831316,,1,0.0810122471198576
CS(=O)(=O)c1ccc([C@@H](O)[C@@H](CF)NC(=O)C(Cl)Cl)cc1,O,293.15,-2.581501932145798,0.0552977142669572,2,0.0810122471198576
CS(=O)(=O)c1ccc([C@@H](O)[C@@H](CF)NC(=O)C(Cl)Cl)cc1,O,293.95,-2.5653509682700424,0.05630450423653411,2,0.0810122471198576
CS(=O)(=O)c1ccc([C@@H](O)[C@@H](CF)NC(=O)C(Cl)Cl)cc1,O,296.85,-2.506598474009893,0.05821399325776936,2,0.0810122471198576
CS(=O)(=O)c1ccc([C@@H](O)[C@@H](CF)NC(=O)C(Cl)Cl)cc1,O,298.7,-2.4689582103896406,0.05804209347925464,2,0.0810122471198576
CS(=O)(=O)c1ccc([C@@H](O)[C@@H](CF)NC(=O)C(Cl)Cl)cc1,O,300.75,-2.387071557018679,,1,0.0810122471198576
CS(=O)(=O)c1ccc([C@@H](O)[C@@H](CF)NC(=O)C(Cl)Cl)cc1,O,304.55,-2.31333366803133,,1,0.0810122471198576
CS(=O)(=O)c1ccc([C@@H](O)[C@@H](CF)NC(=O)C(Cl)Cl)cc1,O,308.25,-2.2439176568769597,,1,0.0810122471198576
CS(=O)(=O)c1ccc([C@@H](O)[C@@H](CF)NC(=O)C(Cl)Cl)cc1,O,312.15,-2.1731918859423054,,1,0.0810122471198576
CS(=O)(=O)c1ccc([C@@H](O)[C@@H](CF)NC(=O)C(Cl)Cl)cc1,O,316.25,-2.1014329941504215,,1,0.0810122471198576
C[C@@H]1CC[C@@]2(OC1)O[C@H]1C[C@H]3[C@@H]4CC=C5C[C@@H](O)CC[C@]5(C)[C@H]4CC[C@]3(C)[C@H]1[C@@H]2C,CCO,289.15,-1.7347479460268858,,1,0.074012356483453
C[C@@H]1CC[C@@]2(OC1)O[C@H]1C[C@H]3[C@@H]4CC=C5C[C@@H](O)CC[C@]5(C)[C@H]4CC[C@]3(C)[C@H]1[C@@H]2C,CCO,299.15,-1.634668297706682,0.012,2,0.074012356483453
C[C@@H]1CC[C@@]2(OC1)O[C@H]1C[C@H]3[C@@H]4CC=C5C[C@@H](O)CC[C@]5(C)[C@H]4CC[C@]3(C)[C@H]1[C@@H]2C,CCO,301.05,-1.6178636417734467,0.013332998076715537,2,0.074012356483453
C[C@@H]1CC[C@@]2(OC1)O[C@H]1C[C@H]3[C@@H]4CC=C5C[C@@H](O)CC[C@]5(C)[C@H]4CC[C@]3(C)[C@H]1[C@@H]2C,CCO,303.15,-1.598696113236521,0.019971620787103496,2,0.074012356483453
C[C@@H]1CC[C@@]2(OC1)O[C@H]1C[C@H]3[C@@H]4CC=C5C[C@@H](O)CC[C@]5(C)[C@H]4CC[C@]3(C)[C@H]1[C@@H]2C,CCO,305.75,-1.5741282416945594,0.02785339356659367,2,0.074012356483453
C[C@@H]1CC[C@@]2(OC1)O[C@H]1C[C@H]3[C@@H]4CC=C5C[C@@H](O)CC[C@]5(C)[C@H]4CC[C@]3(C)[C@H]1[C@@H]2C,CCO,306.15,-1.5702684367714568,0.02903350169125759,2,0.074012356483453
C[C@@H]1CC[C@@]2(OC1)O[C@H]1C[C@H]3[C@@H]4CC=C5C[C@@H](O)CC[C@]5(C)[C@H]4CC[C@]3(C)[C@H]1[C@@H]2C,CCO,308.65,-1.5456733454159135,0.036217223868355825,2,0.074012356483453
C[C@@H]1CC[C@@]2(OC1)O[C@H]1C[C@H]3[C@@H]4CC=C5C[C@@H](O)CC[C@]5(C)[C@H]4CC[C@]3(C)[C@H]1[C@@H]2C,CCO,311.65,-1.5151169093938606,0.044410859107992175,2,0.074012356483453
C[C@@H]1CC[C@@]2(OC1)O[C@H]1C[C@H]3[C@@H]4CC=C5C[C@@H](O)CC[C@]5(C)[C@H]4CC[C@]3(C)[C@H]1[C@@H]2C,CCO,312.35,-1.5078283374383048,0.0462573239325792,2,0.074012356483453
C[C@@H]1CC[C@@]2(OC1)O[C@H]1C[C@H]3[C@@H]4CC=C5C[C@@H](O)CC[C@]5(C)[C@H]4CC[C@]3(C)[C@H]1[C@@H]2C,CCO,312.65,-1.5046866328226898,0.047041210676404606,2,0.074012356483453
C[C@@H]1CC[C@@]2(OC1)O[C@H]1C[C@H]3[C@@H]4CC=C5C[C@@H](O)CC[C@]5(C)[C@H]4CC[C@]3(C)[C@H]1[C@@H]2C,CCO,313.65,-1.4941369062033658,0.04962211140270838,2,0.074012356483453
C[C@@H]1CC[C@@]2(OC1)O[C@H]1C[C@H]3[C@@H]4CC=C5C[C@@H](O)CC[C@]5(C)[C@H]4CC[C@]3(C)[C@H]1[C@@H]2C,CCO,315.65,-1.47268599671321,0.05463785374284665,2,0.074012356483453
C[C@@H]1CC[C@@]2(OC1)O[C@H]1C[C@H]3[C@@H]4CC=C5C[C@@H](O)CC[C@]5(C)[C@H]4CC[C@]3(C)[C@H]1[C@@H]2C,CCO,316.65,-1.4617881970638607,0.05707382232306564,2,0.074012356483453
C[C@@H]1CC[C@@]2(OC1)O[C@H]1C[C@H]3[C@@H]4CC=C5C[C@@H](O)CC[C@]5(C)[C@H]4CC[C@]3(C)[C@H]1[C@@H]2C,CCO,317.15,-1.456296938783609,0.05827407367394853,2,0.074012356483453
C[C@@H]1CC[C@@]2(OC1)O[C@H]1C[C@H]3[C@@H]4CC=C5C[C@@H](O)CC[C@]5(C)[C@H]4CC[C@]3(C)[C@H]1[C@@H]2C,CCO,319.15,-1.4340542696868397,0.0629584471116023,2,0.074012356483453
C[C@@H]1CC[C@@]2(OC1)O[C@H]1C[C@H]3[C@@H]4CC=C5C[C@@H](O)CC[C@]5(C)[C@H]4CC[C@]3(C)[C@H]1[C@@H]2C,CCO,320.25,-1.421634732371082,0.06545640573618144,2,0.074012356483453
C[C@@H]1CC[C@@]2(OC1)O[C@H]1C[C@H]3[C@@H]4CC=C5C[C@@H](O)CC[C@]5(C)[C@H]4CC[C@]3(C)[C@H]1[C@@H]2C,CCO,320.65,-1.417086350114971,0.06635113634949488,2,0.074012356483453
C[C@@H]1CC[C@@]2(OC1)O[C@H]1C[C@H]3[C@@H]4CC=C5C[C@@H](O)CC[C@]5(C)[C@H]4CC[C@]3(C)[C@H]1[C@@H]2C,CCO,322.35,-1.397567162754207,0.07007370300556688,2,0.074012356483453
C[C@@H]1CC[C@@]2(OC1)O[C@H]1C[C@H]3[C@@H]4CC=C5C[C@@H](O)CC[C@]5(C)[C@H]4CC[C@]3(C)[C@H]1[C@@H]2C,CCO,322.65,-1.3940912760412587,0.07071729781770167,2,0.074012356483453
C[C@@H]1CC[C@@]2(OC1)O[C@H]1C[C@H]3[C@@H]4CC=C5C[C@@H](O)CC[C@]5(C)[C@H]4CC[C@]3(C)[C@H]1[C@@H]2C,CCO,324.05,-1.377748252319435,0.07366855272493181,2,0.074012356483453
C[C@@H]1CC[C@@]2(OC1)O[C@H]1C[C@H]3[C@@H]4CC=C5C[C@@H](O)CC[C@]5(C)[C@H]4CC[C@]3(C)[C@H]1[C@@H]2C,CCO,324.15,-1.3765732575942948,0.0738760900362923,2,0.074012356483453
C[C@@H]1CC[C@@]2(OC1)O[C@H]1C[C@H]3[C@@H]4CC=C5C[C@@H](O)CC[C@]5(C)[C@H]4CC[C@]3(C)[C@H]1[C@@H]2C,CCO,325.65,-1.3588279276510917,0.0769374778282484,2,0.074012356483453
C[C@@H]1CC[C@@]2(OC1)O[C@H]1C[C@H]3[C@@H]4CC=C5C[C@@H](O)CC[C@]5(C)[C@H]4CC[C@]3(C)[C@H]1[C@@H]2C,CCO,326.15,-1.352863155531601,0.07793658165970538,2,0.074012356483453
C[C@@H]1CC[C@@]2(OC1)O[C@H]1C[C@H]3[C@@H]4CC=C5C[C@@H](O)CC[C@]5(C)[C@H]4CC[C@]3(C)[C@H]1[C@@H]2C,CCO,327.65,-1.3348223612797412,0.08087066247608368,2,0.074012356483453
C[C@@H]1CC[C@@]2(OC1)O[C@H]1C[C@H]3[C@@H]4CC=C5C[C@@H](O)CC[C@]5(C)[C@H]4CC[C@]3(C)[C@H]1[C@@H]2C,CCO,328.65,-1.3226748629821614,0.0827746190773852,2,0.074012356483453
C[C@@H]1CC[C@@]2(OC1)O[C@H]1C[C@H]3[C@@H]4CC=C5C[C@@H](O)CC[C@]5(C)[C@H]4CC[C@]3(C)[C@H]1[C@@H]2C,CCO,329.05,-1.3177892930165882,0.0835246592968695,2,0.074012356483453
C[C@@H]1CC[C@@]2(OC1)O[C@H]1C[C@H]3[C@@H]4CC=C5C[C@@H](O)CC[C@]5(C)[C@H]4CC[C@]3(C)[C@H]1[C@@H]2C,CCO,329.65,-1.3104327446068567,0.08463744576589768,2,0.074012356483453
C[C@@H]1CC[C@@]2(OC1)O[C@H]1C[C@H]3[C@@H]4CC=C5C[C@@H](O)CC[C@]5(C)[C@H]4CC[C@]3(C)[C@H]1[C@@H]2C,CCO,330.65,-1.2980973737031434,0.08645960517086632,2,0.074012356483453
C[C@@H]1CC[C@@]2(OC1)O[C@H]1C[C@H]3[C@@H]4CC=C5C[C@@H](O)CC[C@]5(C)[C@H]4CC[C@]3(C)[C@H]1[C@@H]2C,CCO,331.25,-1.290651951513496,0.08753357067757218,2,0.074012356483453
C[C@@H]1CC[C@@]2(OC1)O[C@H]1C[C@H]3[C@@H]4CC=C5C[C@@H](O)CC[C@]5(C)[C@H]4CC[C@]3(C)[C@H]1[C@@H]2C,CCO,331.65,-1.2856700982566736,0.08824155380235593,2,0.074012356483453
C[C@@H]1CC[C@@]2(OC1)O[C@H]1C[C@H]3[C@@H]4CC=C5C[C@@H](O)CC[C@]5(C)[C@H]4CC[C@]3(C)[C@H]1[C@@H]2C,CCO,332.35,-1.2769170345467913,0.08946523390935641,2,0.074012356483453
C[C@@H]1CC[C@@]2(OC1)O[C@H]1C[C@H]3[C@@H]4CC=C5C[C@@H](O)CC[C@]5(C)[C@H]4CC[C@]3(C)[C@H]1[C@@H]2C,CCO,332.65,-1.2731522470110477,0.0899837421480491,2,0.074012356483453
C[C@@H]1CC[C@@]2(OC1)O[C@H]1C[C@H]3[C@@H]4CC=C5C[C@@H](O)CC[C@]5(C)[C@H]4CC[C@]3(C)[C@H]1[C@@H]2C,CCO,334.15,-1.1887845452609724,,1,0.074012356483453
C[C@@H]1CC[C@H]2[C@@H](C)C(=O)O[C@@H]3O[C@@]4(C)CC[C@@H]1[C@]32OO4,CC(C)=O,283.15,-1.2726318106665886,,1,0.0092766944703495
C[C@@H]1CC[C@H]2[C@@H](C)C(=O)O[C@@H]3O[C@@]4(C)CC[C@@H]1[C@]32OO4,CC(C)=O,284.15,-1.249377711815292,0.012,2,0.0092766944703495
C[C@@H]1CC[C@H]2[C@@H](C)C(=O)O[C@@H]3O[C@@]4(C)CC[C@@H]1[C@]32OO4,CC(C)=O,288.15,-1.155055049499266,0.012,2,0.0092766944703495
C[C@@H]1CC[C@H]2[C@@H](C)C(=O)O[C@@H]3O[C@@]4(C)CC[C@@H]1[C@]32OO4,CC(C)=O,289.15,-1.1318612284775789,0.012,2,0.0092766944703495
C[C@@H]1CC[C@H]2[C@@H](C)C(=O)O[C@@H]3O[C@@]4(C)CC[C@@H]1[C@]32OO4,CC(C)=O,293.15,-1.0405866697280732,0.012,2,0.0092766944703495
C[C@@H]1CC[C@H]2[C@@H](C)C(=O)O[C@@H]3O[C@@]4(C)CC[C@@H]1[C@]32OO4,CC(C)=O,295.15,-0.9958288581716204,0.012,2,0.0092766944703495
C[C@@H]1CC[C@H]2[C@@H](C)C(=O)O[C@@H]3O[C@@]4(C)CC[C@@H]1[C@]32OO4,CC(C)=O,298.15,-0.9297588978031648,0.012,2,0.0092766944703495
C[C@@H]1CC[C@H]2[C@@H](C)C(=O)O[C@@H]3O[C@@]4(C)CC[C@@H]1[C@]32OO4,CC(C)=O,303.15,-0.8223948720335024,0.012,2,0.0092766944703495
C[C@@H]1CC[C@H]2[C@@H](C)C(=O)O[C@@H]3O[C@@]4(C)CC[C@@H]1[C@]32OO4,CC(C)=O,304.15,-0.8013229636873103,0.012,2,0.0092766944703495
C[C@@H]1CC[C@H]2[C@@H](C)C(=O)O[C@@H]3O[C@@]4(C)CC[C@@H]1[C@]32OO4,CC(C)=O,308.15,-0.7183291032961634,0.012,2,0.0092766944703495
C[C@@H]1CC[C@H]2[C@@H](C)C(=O)O[C@@H]3O[C@@]4(C)CC[C@@H]1[C@]32OO4,CC(C)=O,309.15,-0.6978979239011913,0.012,2,0.0092766944703495
C[C@@H]1CC[C@H]2[C@@H](C)C(=O)O[C@@H]3O[C@@]4(C)CC[C@@H]1[C@]32OO4,CC(C)=O,313.15,-0.6174065722152644,0.012,2,0.0092766944703495
C[C@@H]1CC[C@H]2[C@@H](C)C(=O)O[C@@H]3O[C@@]4(C)CC[C@@H]1[C@]32OO4,CC(C)=O,314.15,-0.5975863008956139,0.012,2,0.0092766944703495
C[C@@H]1CC[C@H]2[C@@H](C)C(=O)O[C@@H]3O[C@@]4(C)CC[C@@H]1[C@]32OO4,CC(C)=O,318.15,-0.5194819111521536,0.012,2,0.0092766944703495
C[C@@H]1CC[C@H]2[C@@H](C)C(=O)O[C@@H]3O[C@@]4(C)CC[C@@H]1[C@]32OO4,CC(C)=O,319.15,-0.5002445660235644,0.012,2,0.0092766944703495
C[C@@H]1CC[C@H]2[C@@H](C)C(=O)O[C@@H]3O[C@@]4(C)CC[C@@H]1[C@]32OO4,CC(C)=O,323.15,-0.4244186618458041,0.012,2,0.0092766944703495
C[C@@H]1CC[C@H]2[C@@H](C)C(=O)O[C@@H]3O[C@@]4(C)CC[C@@H]1[C@]32OO4,CCOC(C)=O,283.15,-1.2492454524489425,,1,0.0251454093766299
C[C@@H]1CC[C@H]2[C@@H](C)C(=O)O[C@@H]3O[C@@]4(C)CC[C@@H]1[C@]32OO4,CCOC(C)=O,284.15,-1.226714675340741,0.01307301909119612,2,0.0251454093766299
C[C@@H]1CC[C@H]2[C@@H](C)C(=O)O[C@@H]3O[C@@]4(C)CC[C@@H]1[C@]32OO4,CCOC(C)=O,288.15,-1.1061189797265918,0.0183670631259465,2,0.0251454093766299
C[C@@H]1CC[C@H]2[C@@H](C)C(=O)O[C@@H]3O[C@@]4(C)CC[C@@H]1[C@]32OO4,CCOC(C)=O,289.15,-1.0764538048440393,0.019420486779804107,2,0.0251454093766299
C[C@@H]1CC[C@H]2[C@@H](C)C(=O)O[C@@H]3O[C@@]4(C)CC[C@@H]1[C@]32OO4,CCOC(C)=O,293.15,-0.9596702284732448,0.0225970843414905,2,0.0251454093766299
C[C@@H]1CC[C@H]2[C@@H](C)C(=O)O[C@@H]3O[C@@]4(C)CC[C@@H]1[C@]32OO4,CCOC(C)=O,295.15,-0.902378699998577,0.0235824691893806,2,0.0251454093766299
C[C@@H]1CC[C@H]2[C@@H](C)C(=O)O[C@@H]3O[C@@]4(C)CC[C@@H]1[C@]32OO4,CCOC(C)=O,298.15,-0.8177763069005568,0.024336826875098458,2,0.0251454093766299
C[C@@H]1CC[C@H]2[C@@H](C)C(=O)O[C@@H]3O[C@@]4(C)CC[C@@H]1[C@]32OO4,CCOC(C)=O,303.15,-0.6802177301038537,0.023748247863343418,2,0.0251454093766299
C[C@@H]1CC[C@H]2[C@@H](C)C(=O)O[C@@H]3O[C@@]4(C)CC[C@@H]1[C@]32OO4,CCOC(C)=O,304.15,-0.6532079437625331,0.02336454556893781,2,0.0251454093766299
C[C@@H]1CC[C@H]2[C@@H](C)C(=O)O[C@@H]3O[C@@]4(C)CC[C@@H]1[C@]32OO4,CCOC(C)=O,308.15,-0.5467890673356237,0.020981535607934143,2,0.0251454093766299
C[C@@H]1CC[C@H]2[C@@H](C)C(=O)O[C@@H]3O[C@@]4(C)CC[C@@H]1[C@]32OO4,CCOC(C)=O,309.15,-0.5205817693166583,0.020179265131900517,2,0.0251454093766299
C[C@@H]1CC[C@H]2[C@@H](C)C(=O)O[C@@H]3O[C@@]4(C)CC[C@@H]1[C@]32OO4,CCOC(C)=O,313.15,-0.4172978291655429,0.0161761093621184,2,0.0251454093766299
C[C@@H]1CC[C@H]2[C@@H](C)C(=O)O[C@@H]3O[C@@]4(C)CC[C@@H]1[C@]32OO4,CCOC(C)=O,314.15,-0.39185598408963784,0.014981943219142861,2,0.0251454093766299
C[C@@H]1CC[C@H]2[C@@H](C)C(=O)O[C@@H]3O[C@@]4(C)CC[C@@H]1[C@]32OO4,CCOC(C)=O,318.15,-0.2915634590000362,0.012,2,0.0251454093766299
C[C@@H]1CC[C@H]2[C@@H](C)C(=O)O[C@@H]3O[C@@]4(C)CC[C@@H]1[C@]32OO4,CCOC(C)=O,319.15,-0.26685230541255045,0.012,2,0.0251454093766299
C[C@@H]1CC[C@H]2[C@@H](C)C(=O)O[C@@H]3O[C@@]4(C)CC[C@@H]1[C@]32OO4,CCOC(C)=O,323.15,-0.16941641770284832,0.012,2,0.0251454093766299
C[C@@H]1CC[C@H]2[C@@H](C)C(=O)O[C@@H]3O[C@@]4(C)CC[C@@H]1[C@]32OO4,CO,283.15,-1.8547868435390384,,1,0.0129869229234502
C[C@@H]1CC[C@H]2[C@@H](C)C(=O)O[C@@H]3O[C@@]4(C)CC[C@@H]1[C@]32OO4,CO,284.15,-1.840951489912122,0.020980095618797996,2,0.0129869229234502
C[C@@H]1CC[C@H]2[C@@H](C)C(=O)O[C@@H]3O[C@@]4(C)CC[C@@H]1[C@]32OO4,CO,288.15,-1.7260724478706848,0.018410258167519605,2,0.0129869229234502
C[C@@H]1CC[C@H]2[C@@H](C)C(=O)O[C@@H]3O[C@@]4(C)CC[C@@H]1[C@]32OO4,CO,289.15,-1.6977482741049759,0.01776539698451287,2,0.0129869229234502
C[C@@H]1CC[C@H]2[C@@H](C)C(=O)O[C@@H]3O[C@@]4(C)CC[C@@H]1[C@]32OO4,CO,293.15,-1.5859894681796618,0.0151771911161,2,0.0129869229234502
C[C@@H]1CC[C@H]2[C@@H](C)C(=O)O[C@@H]3O[C@@]4(C)CC[C@@H]1[C@]32OO4,CO,295.15,-1.5310127890116156,0.01387820684775616,2,0.0129869229234502
C[C@@H]1CC[C@H]2[C@@H](C)C(=O)O[C@@H]3O[C@@]4(C)CC[C@@H]1[C@]32OO4,CO,298.15,-1.4496450447011924,0.012,2,0.0129869229234502
C[C@@H]1CC[C@H]2[C@@H](C)C(=O)O[C@@H]3O[C@@]4(C)CC[C@@H]1[C@]32OO4,CO,303.15,-1.316870024739849,0.012,2,0.0129869229234502
C[C@@H]1CC[C@H]2[C@@H](C)C(=O)O[C@@H]3O[C@@]4(C)CC[C@@H]1[C@]32OO4,CO,304.15,-1.2907292098466119,0.012,2,0.0129869229234502
C[C@@H]1CC[C@H]2[C@@H](C)C(=O)O[C@@H]3O[C@@]4(C)CC[C@@H]1[C@]32OO4,CO,308.15,-1.1875057203229815,0.012,2,0.0129869229234502
C[C@@H]1CC[C@H]2[C@@H](C)C(=O)O[C@@H]3O[C@@]4(C)CC[C@@H]1[C@]32OO4,CO,309.15,-1.1620288689235494,0.012,2,0.0129869229234502
C[C@@H]1CC[C@H]2[C@@H](C)C(=O)O[C@@H]3O[C@@]4(C)CC[C@@H]1[C@]32OO4,CO,313.15,-1.061403097379678,0.012,2,0.0129869229234502
C[C@@H]1CC[C@H]2[C@@H](C)C(=O)O[C@@H]3O[C@@]4(C)CC[C@@H]1[C@]32OO4,CO,314.15,-1.0365614951428732,0.012,2,0.0129869229234502
C[C@@H]1CC[C@H]2[C@@H](C)C(=O)O[C@@H]3O[C@@]4(C)CC[C@@H]1[C@]32OO4,CO,318.15,-0.9384220398282661,0.012,2,0.0129869229234502
C[C@@H]1CC[C@H]2[C@@H](C)C(=O)O[C@@H]3O[C@@]4(C)CC[C@@H]1[C@]32OO4,CO,319.15,-0.9141886737291429,0.012,2,0.0129869229234502
C[C@@H]1CC[C@H]2[C@@H](C)C(=O)O[C@@H]3O[C@@]4(C)CC[C@@H]1[C@]32OO4,CO,323.15,-0.8184306805788157,0.012,2,0.0129869229234502
C[C@@H]1CC[C@H]2[C@@H](C)C(=O)O[C@@H]3O[C@@]4(C)CC[C@@H]1[C@]32OO4,Cc1ccccc1,283.15,-0.4346195937508899,,1,0.1717119016293675
C[C@@H]1CC[C@H]2[C@@H](C)C(=O)O[C@@H]3O[C@@]4(C)CC[C@@H]1[C@]32OO4,Cc1ccccc1,284.15,-0.6007367165834312,0.2560118033869197,2,0.1717119016293675
C[C@@H]1CC[C@H]2[C@@H](C)C(=O)O[C@@H]3O[C@@]4(C)CC[C@@H]1[C@]32OO4,Cc1ccccc1,288.15,-0.5228216425493359,0.22898522439542204,2,0.1717119016293675
C[C@@H]1CC[C@H]2[C@@H](C)C(=O)O[C@@H]3O[C@@]4(C)CC[C@@H]1[C@]32OO4,Cc1ccccc1,289.15,-0.5034992886808949,0.22215922497942686,2,0.1717119016293675
C[C@@H]1CC[C@H]2[C@@H](C)C(=O)O[C@@H]3O[C@@]4(C)CC[C@@H]1[C@]32OO4,Cc1ccccc1,293.15,-0.4268236833733239,0.1945939213230864,2,0.1717119016293675
C[C@@H]1CC[C@H]2[C@@H](C)C(=O)O[C@@H]3O[C@@]4(C)CC[C@@H]1[C@]32OO4,Cc1ccccc1,295.15,-0.3888487795020277,0.18066165872266784,2,0.1717119016293675
C[C@@H]1CC[C@H]2[C@@H](C)C(=O)O[C@@H]3O[C@@]4(C)CC[C@@H]1[C@]32OO4,Cc1ccccc1,298.15,-0.33233158925549144,0.1595872994529923,2,0.1717119016293675
C[C@@H]1CC[C@H]2[C@@H](C)C(=O)O[C@@H]3O[C@@]4(C)CC[C@@H]1[C@]32OO4,Cc1ccccc1,303.15,-0.2392991205317534,0.12402498161888348,2,0.1717119016293675
C[C@@H]1CC[C@H]2[C@@H](C)C(=O)O[C@@H]3O[C@@]4(C)CC[C@@H]1[C@]32OO4,Cc1ccccc1,304.15,-0.220863860834009,0.11685073725467666,2,0.1717119016293675
C[C@@H]1CC[C@H]2[C@@H](C)C(=O)O[C@@H]3O[C@@]4(C)CC[C@@H]1[C@]32OO4,Cc1ccccc1,308.15,-0.14768212107501455,0.08796177396511475,2,0.1717119016293675
C[C@@H]1CC[C@H]2[C@@H](C)C(=O)O[C@@H]3O[C@@]4(C)CC[C@@H]1[C@]32OO4,Cc1ccccc1,309.15,-0.12952483112990976,0.08069353527709384,2,0.1717119016293675
C[C@@H]1CC[C@H]2[C@@H](C)C(=O)O[C@@H]3O[C@@]4(C)CC[C@@H]1[C@]32OO4,Cc1ccccc1,313.15,-0.05743839591835975,0.05144809584990379,2,0.1717119016293675
C[C@@H]1CC[C@H]2[C@@H](C)C(=O)O[C@@H]3O[C@@]4(C)CC[C@@H]1[C@]32OO4,Cc1ccccc1,314.15,-0.039550861928919545,0.04409545501454927,2,0.1717119016293675
C[C@@H]1CC[C@H]2[C@@H](C)C(=O)O[C@@H]3O[C@@]4(C)CC[C@@H]1[C@]32OO4,Cc1ccccc1,318.15,0.03147240234626558,0.01453036635825622,2,0.1717119016293675
C[C@@H]1CC[C@H]2[C@@H](C)C(=O)O[C@@H]3O[C@@]4(C)CC[C@@H]1[C@]32OO4,Cc1ccccc1,319.15,0.04909803757785269,0.012,2,0.1717119016293675
C[C@@H]1CC[C@H]2[C@@H](C)C(=O)O[C@@H]3O[C@@]4(C)CC[C@@H]1[C@]32OO4,Cc1ccccc1,323.15,0.11908887913054933,0.022748647655289958,2,0.1717119016293675
C[C@H]1[C@H](C)CC[C@]2(C(=O)O)CC[C@]3(C)C(=CC[C@@H]4[C@@]5(C)CC[C@H](O)C(C)(C)[C@@H]5CC[C@]43C)[C@H]12,CO,278.15,-1.9511695774682245,,1,0.0214671201022926
C[C@H]1[C@H](C)CC[C@]2(C(=O)O)CC[C@]3(C)C(=CC[C@@H]4[C@@]5(C)CC[C@H](O)C(C)(C)[C@@H]5CC[C@]43C)[C@H]12,CO,283.15,-1.8957793485167382,,1,0.0214671201022926
C[C@H]1[C@H](C)CC[C@]2(C(=O)O)CC[C@]3(C)C(=CC[C@@H]4[C@@]5(C)CC[C@H](O)C(C)(C)[C@@H]5CC[C@]43C)[C@H]12,CO,288.15,-1.8415840461848028,,1,0.0214671201022926
C[C@H]1[C@H](C)CC[C@]2(C(=O)O)CC[C@]3(C)C(=CC[C@@H]4[C@@]5(C)CC[C@H](O)C(C)(C)[C@@H]5CC[C@]43C)[C@H]12,CO,293.15,-1.7885349349758553,,1,0.0214671201022926
C[C@H]1[C@H](C)CC[C@]2(C(=O)O)CC[C@]3(C)C(=CC[C@@H]4[C@@]5(C)CC[C@H](O)C(C)(C)[C@@H]5CC[C@]43C)[C@H]12,CO,293.6,-1.767209208601316,0.023484342806357528,2,0.0214671201022926
C[C@H]1[C@H](C)CC[C@]2(C(=O)O)CC[C@]3(C)C(=CC[C@@H]4[C@@]5(C)CC[C@H](O)C(C)(C)[C@@H]5CC[C@]43C)[C@H]12,CO,298.15,-1.7201370367025852,0.023262534216589914,2,0.0214671201022926
C[C@H]1[C@H](C)CC[C@]2(C(=O)O)CC[C@]3(C)C(=CC[C@@H]4[C@@]5(C)CC[C@H](O)C(C)(C)[C@@H]5CC[C@]43C)[C@H]12,CO,300.1,-1.7005763877023679,0.022681906544707097,2,0.0214671201022926
C[C@H]1[C@H](C)CC[C@]2(C(=O)O)CC[C@]3(C)C(=CC[C@@H]4[C@@]5(C)CC[C@H](O)C(C)(C)[C@@H]5CC[C@]43C)[C@H]12,CO,303.15,-1.6706937634836914,0.021214095495471152,2,0.0214671201022926
C[C@H]1[C@H](C)CC[C@]2(C(=O)O)CC[C@]3(C)C(=CC[C@@H]4[C@@]5(C)CC[C@H](O)C(C)(C)[C@@H]5CC[C@]43C)[C@H]12,CO,305.2,-1.6510846355108146,0.019855752222589975,2,0.0214671201022926
C[C@H]1[C@H](C)CC[C@]2(C(=O)O)CC[C@]3(C)C(=CC[C@@H]4[C@@]5(C)CC[C@H](O)C(C)(C)[C@@H]5CC[C@]43C)[C@H]12,CO,308.15,-1.6235187843004457,0.01739501817573418,2,0.0214671201022926
C[C@H]1[C@H](C)CC[C@]2(C(=O)O)CC[C@]3(C)C(=CC[C@@H]4[C@@]5(C)CC[C@H](O)C(C)(C)[C@@H]5CC[C@]43C)[C@H]12,CO,310.0,-1.6066148103775255,0.015556309445550517,2,0.0214671201022926
C[C@H]1[C@H](C)CC[C@]2(C(=O)O)CC[C@]3(C)C(=CC[C@@H]4[C@@]5(C)CC[C@H](O)C(C)(C)[C@@H]5CC[C@]43C)[C@H]12,CO,313.15,-1.578492847752102,0.012,2,0.0214671201022926
C[C@H]1[C@H](C)CC[C@]2(C(=O)O)CC[C@]3(C)C(=CC[C@@H]4[C@@]5(C)CC[C@H](O)C(C)(C)[C@@H]5CC[C@]43C)[C@H]12,CO,318.15,-1.5355045321867271,0.012,2,0.0214671201022926
C[C@H]1[C@H](C)CC[C@]2(C(=O)O)CC[C@]3(C)C(=CC[C@@H]4[C@@]5(C)CC[C@H](O)C(C)(C)[C@@H]5CC[C@]43C)[C@H]12,CO,320.1,-1.519268658392508,0.012,2,0.0214671201022926
C[C@H]1[C@H](C)CC[C@]2(C(=O)O)CC[C@]3(C)C(=CC[C@@H]4[C@@]5(C)CC[C@H](O)C(C)(C)[C@@H]5CC[C@]43C)[C@H]12,CO,323.15,-1.494449624495834,0.012,2,0.0214671201022926
C[C@H]1[C@H](C)CC[C@]2(C(=O)O)CC[C@]3(C)C(=CC[C@@H]4[C@@]5(C)CC[C@H](O)C(C)(C)[C@@H]5CC[C@]43C)[C@H]12,CO,323.2,-1.4966479438603812,,1,0.0214671201022926
C[C@H]1[C@H](C)CC[C@]2(C(=O)O)CC[C@]3(C)C(=CC[C@@H]4[C@@]5(C)CC[C@H](O)C(C)(C)[C@@H]5CC[C@]43C)[C@H]12,CO,329.7,-1.455264073913959,,1,0.0214671201022926
Cc1[nH]nc2cc([N+](=O)[O-])ccc12,CCCO,278.15,-1.1539039085873157,0.012,2,0.0186137647809274
Cc1[nH]nc2cc([N+](=O)[O-])ccc12,CCCO,283.15,-1.089205525246217,0.012309406439870387,2,0.0186137647809274
Cc1[nH]nc2cc([N+](=O)[O-])ccc12,CCCO,288.15,-1.0266216346619021,0.013662194959792562,2,0.0186137647809274
Cc1[nH]nc2cc([N+](=O)[O-])ccc12,CCCO,293.15,-0.9660462730689869,0.01452516841405319,2,0.0186137647809274
Cc1[nH]nc2cc([N+](=O)[O-])ccc12,CCCO,298.15,-0.907380509936142,0.014930410603329456,2,0.0186137647809274
Cc1[nH]nc2cc([N+](=O)[O-])ccc12,CCCO,303.15,-0.8505318716577244,0.014907643139620922,2,0.0186137647809274
Cc1[nH]nc2cc([N+](=O)[O-])ccc12,CCCO,308.15,-0.795413821111528,0.014484429041276035,2,0.0186137647809274
Cc1[nH]nc2cc([N+](=O)[O-])ccc12,CCCO,313.15,-0.7419452868578535,0.013686356059952231,2,0.0186137647809274
Cc1[nH]nc2cc([N+](=O)[O-])ccc12,CCCO,318.15,-0.690050236535886,0.012537202029205689,2,0.0186137647809274
Cc1[nH]nc2cc([N+](=O)[O-])ccc12,CCCO,323.15,-0.6396572896856725,0.012,2,0.0186137647809274
Cc1[nH]nc2cc([N+](=O)[O-])ccc12,CCCO,328.15,-0.5906993658042197,0.012,2,0.0186137647809274
Cc1[nH]nc2cc([N+](=O)[O-])ccc12,CCO,278.15,-1.1111606708871484,0.03120807641894849,2,0.0149111926526006
Cc1[nH]nc2cc([N+](=O)[O-])ccc12,CCO,283.15,-1.042373002259005,0.02397047136239924,2,0.0149111926526006
Cc1[nH]nc2cc([N+](=O)[O-])ccc12,CCO,288.15,-0.9734522325262596,0.017539424625142568,2,0.0149111926526006
Cc1[nH]nc2cc([N+](=O)[O-])ccc12,CCO,293.15,-0.9044481634461405,0.012,2,0.0149111926526006
Cc1[nH]nc2cc([N+](=O)[O-])ccc12,CCO,298.15,-0.8354058139124199,0.012,2,0.0149111926526006
Cc1[nH]nc2cc([N+](=O)[O-])ccc12,CCO,303.15,-0.7663658857576436,0.012,2,0.0149111926526006
Cc1[nH]nc2cc([N+](=O)[O-])ccc12,CCO,308.15,-0.6973651795736302,0.012,2,0.0149111926526006
Cc1[nH]nc2cc([N+](=O)[O-])ccc12,CCO,313.15,-0.6284369665067295,0.012,2,0.0149111926526006
Cc1[nH]nc2cc([N+](=O)[O-])ccc12,CCO,318.15,-0.5596113212003679,0.012,2,0.0149111926526006
Cc1[nH]nc2cc([N+](=O)[O-])ccc12,CCO,323.15,-0.49091542038650715,0.012,2,0.0149111926526006
Cc1[nH]nc2cc([N+](=O)[O-])ccc12,CCO,328.15,-0.42237381105226746,0.012,2,0.0149111926526006
Cc1[nH]nc2cc([N+](=O)[O-])ccc12,O,278.15,-2.947926744820524,0.012,2,0.0051350713929102
Cc1[nH]nc2cc([N+](=O)[O-])ccc12,O,283.15,-2.817805339318074,0.012,2,0.0051350713929102
Cc1[nH]nc2cc([N+](=O)[O-])ccc12,O,288.15,-2.694719016437741,0.012,2,0.0051350713929102
Cc1[nH]nc2cc([N+](=O)[O-])ccc12,O,293.15,-2.5782648283163248,0.012,2,0.0051350713929102
Cc1[nH]nc2cc([N+](=O)[O-])ccc12,O,298.15,-2.4680682985454574,0.012,2,0.0051350713929102
Cc1[nH]nc2cc([N+](=O)[O-])ccc12,O,303.15,-2.3637810028602324,0.012,2,0.0051350713929102
Cc1[nH]nc2cc([N+](=O)[O-])ccc12,O,308.15,-2.2650783899919453,0.012,2,0.0051350713929102
Cc1[nH]nc2cc([N+](=O)[O-])ccc12,O,313.15,-2.1716578154725,0.012,2,0.0051350713929102
Cc1[nH]nc2cc([N+](=O)[O-])ccc12,O,318.15,-2.083236764634158,0.012,2,0.0051350713929102
Cc1[nH]nc2cc([N+](=O)[O-])ccc12,O,323.15,-1.999551244019873,0.012,2,0.0051350713929102
Cc1[nH]nc2cc([N+](=O)[O-])ccc12,O,328.15,-1.9203543229793176,0.012,2,0.0051350713929102
Cc1c(C(=O)O)cccc1[N+](=O)[O-],C1COCCO1,285.65,-0.04767374710768024,,1,0.1815544184329642
Cc1c(C(=O)O)cccc1[N+](=O)[O-],C1COCCO1,288.15,0.02290217145412754,0.0879141858173025,2,0.1815544184329642
Cc1c(C(=O)O)cccc1[N+](=O)[O-],C1COCCO1,290.65,0.03723024190082658,0.09623954307951293,2,0.1815544184329642
Cc1c(C(=O)O)cccc1[N+](=O)[O-],C1COCCO1,293.15,0.05152719208206591,0.10448172086248547,2,0.1815544184329642
Cc1c(C(=O)O)cccc1[N+](=O)[O-],C1COCCO1,295.65,0.06579200808492569,0.11264233186905627,2,0.1815544184329642
Cc1c(C(=O)O)cccc1[N+](=O)[O-],C1COCCO1,298.15,0.08002374024698611,0.1207229430531496,2,0.1815544184329642
Cc1c(C(=O)O)cccc1[N+](=O)[O-],C1COCCO1,300.65,0.09422149973051486,0.12872507731377186,2,0.1815544184329642
Cc1c(C(=O)O)cccc1[N+](=O)[O-],C1COCCO1,303.15,0.10838445529106888,0.13665021511204486,2,0.1815544184329642
Cc1c(C(=O)O)cccc1[N+](=O)[O-],C1COCCO1,305.65,0.12251183022833256,0.1444997960154169,2,0.1815544184329642
Cc1c(C(=O)O)cccc1[N+](=O)[O-],C1COCCO1,308.15,0.13660289950790006,0.15227522017289766,2,0.1815544184329642
Cc1c(C(=O)O)cccc1[N+](=O)[O-],C1COCCO1,310.65,0.1506569870434653,0.1599778497249837,2,0.1815544184329642
Cc1c(C(=O)O)cccc1[N+](=O)[O-],C1COCCO1,313.15,0.1646734631296045,0.16760901015169466,2,0.1815544184329642
Cc1c(C(=O)O)cccc1[N+](=O)[O-],C1COCCO1,315.65,0.05478785312219436,,1,0.1815544184329642
Cc1c(C(=O)O)cccc1[N+](=O)[O-],C1COCCO1,318.15,0.06342970544576332,,1,0.1815544184329642
Cc1c(C(=O)O)cccc1[N+](=O)[O-],CC#N,278.15,-1.0713314805216463,,1,0.1952823292688818
Cc1c(C(=O)O)cccc1[N+](=O)[O-],CC#N,283.15,-0.8899371275509438,0.1479785971703608,2,0.1952823292688818
Cc1c(C(=O)O)cccc1[N+](=O)[O-],CC#N,285.65,-0.8528185447727701,0.14718640566090063,2,0.1952823292688818
Cc1c(C(=O)O)cccc1[N+](=O)[O-],CC#N,288.15,-0.816337340321545,0.14613333387611163,2,0.1952823292688818
Cc1c(C(=O)O)cccc1[N+](=O)[O-],CC#N,290.65,-0.7804771248220765,0.1448284758654395,2,0.1952823292688818
Cc1c(C(=O)O)cccc1[N+](=O)[O-],CC#N,293.15,-0.7452220669934171,0.14328057516798037,2,0.1952823292688818
Cc1c(C(=O)O)cccc1[N+](=O)[O-],CC#N,295.65,-0.7105568700777489,0.1414980406541384,2,0.1952823292688818
Cc1c(C(=O)O)cccc1[N+](=O)[O-],CC#N,298.15,-0.6764667494542991,0.13948896153600251,2,0.1952823292688818
Cc1c(C(=O)O)cccc1[N+](=O)[O-],CC#N,300.65,-0.6429374113693669,0.13726112159623502,2,0.1952823292688818
Cc1c(C(=O)O)cccc1[N+](=O)[O-],CC#N,303.15,-0.6099550327180072,0.13482201268195995,2,0.1952823292688818
Cc1c(C(=O)O)cccc1[N+](=O)[O-],CC#N,305.65,-0.5775062418172583,0.13217884750697434,2,0.1952823292688818
Cc1c(C(=O)O)cccc1[N+](=O)[O-],CC#N,308.15,-0.5455781001145743,0.12933857180277644,2,0.1952823292688818
Cc1c(C(=O)O)cccc1[N+](=O)[O-],CC#N,310.65,-0.5141580847788427,0.1263078758562031,2,0.1952823292688818
Cc1c(C(=O)O)cccc1[N+](=O)[O-],CC#N,313.15,-0.4832340721246684,0.12309320546904569,2,0.1952823292688818
Cc1c(C(=O)O)cccc1[N+](=O)[O-],CC#N,315.65,-0.36815309396580354,,1,0.1952823292688818
Cc1c(C(=O)O)cccc1[N+](=O)[O-],CC#N,318.15,-0.34070650982125095,,1,0.1952823292688818
Cc1c(C(=O)O)cccc1[N+](=O)[O-],CC(C)O,278.15,-0.7438044858091679,,1,0.0405355108244761
Cc1c(C(=O)O)cccc1[N+](=O)[O-],CC(C)O,283.15,-0.7158417180373444,0.06739228578389449,2,0.0405355108244761
Cc1c(C(=O)O)cccc1[N+](=O)[O-],CC(C)O,285.65,-0.6709779238138902,0.05656308699351477,2,0.0405355108244761
Cc1c(C(=O)O)cccc1[N+](=O)[O-],CC(C)O,288.15,-0.6267460011166692,0.046075563246678386,2,0.0405355108244761
Cc1c(C(=O)O)cccc1[N+](=O)[O-],CC(C)O,290.65,-0.5831309060565375,0.03591957524358274,2,0.0405355108244761
Cc1c(C(=O)O)cccc1[N+](=O)[O-],CC(C)O,293.15,-0.5401180864151824,0.02608535211844691,2,0.0405355108244761
Cc1c(C(=O)O)cccc1[N+](=O)[O-],CC(C)O,295.65,-0.4976934614031012,0.016563475289899546,2,0.0405355108244761
Cc1c(C(=O)O)cccc1[N+](=O)[O-],CC(C)O,298.15,-0.4558434024176601,0.012,2,0.0405355108244761
Cc1c(C(=O)O)cccc1[N+](=O)[O-],CC(C)O,300.65,-0.4145547147437696,0.012,2,0.0405355108244761
Cc1c(C(=O)O)cccc1[N+](=O)[O-],CC(C)O,303.15,-0.3738146201434924,0.012,2,0.0405355108244761
Cc1c(C(=O)O)cccc1[N+](=O)[O-],CC(C)O,305.65,-0.33361074028436755,0.01857744699020468,2,0.0405355108244761
Cc1c(C(=O)O)cccc1[N+](=O)[O-],CC(C)O,308.15,-0.2939310809594524,0.026667570799631113,2,0.0405355108244761
Cc1c(C(=O)O)cccc1[N+](=O)[O-],CC(C)O,310.65,-0.2547640170550598,0.03449526734655566,2,0.0405355108244761
Cc1c(C(=O)O)cccc1[N+](=O)[O-],CC(C)O,313.15,-0.2160982782250247,0.04206787735486845,2,0.0405355108244761
Cc1c(C(=O)O)cccc1[N+](=O)[O-],CC(C)O,315.65,-0.14299716900984416,,1,0.0405355108244761
Cc1c(C(=O)O)cccc1[N+](=O)[O-],CC(C)O,318.15,-0.10029284949487138,,1,0.0405355108244761
Cc1c(C(=O)O)cccc1[N+](=O)[O-],CCCO,278.15,-0.6563636331947009,,1,0.1466725702290381
Cc1c(C(=O)O)cccc1[N+](=O)[O-],CCCO,283.15,-0.6981359742382871,0.1674225622013471,2,0.1466725702290381
Cc1c(C(=O)O)cccc1[N+](=O)[O-],CCCO,285.65,-0.6523437442876219,0.1561735648146395,2,0.1466725702290381
Cc1c(C(=O)O)cccc1[N+](=O)[O-],CCCO,288.15,-0.6069900670858797,0.14511238844680924,2,0.1466725702290381
Cc1c(C(=O)O)cccc1[N+](=O)[O-],CCCO,290.65,-0.5620666886172465,0.13423424993546187,2,0.1466725702290381
Cc1c(C(=O)O)cccc1[N+](=O)[O-],CCCO,293.15,-0.5175655841924538,0.1235345282008924,2,0.1466725702290381
Cc1c(C(=O)O)cccc1[N+](=O)[O-],CCCO,295.65,-0.47347895007812646,0.11300875742070492,2,0.1466725702290381
Cc1c(C(=O)O)cccc1[N+](=O)[O-],CCCO,298.15,-0.4297991955027811,0.10265262054691084,2,0.1466725702290381
Cc1c(C(=O)O)cccc1[N+](=O)[O-],CCCO,300.65,-0.38651893501944024,0.09246194314559959,2,0.1466725702290381
Cc1c(C(=O)O)cccc1[N+](=O)[O-],CCCO,303.15,-0.34363098120598146,0.08243268754057412,2,0.1466725702290381
Cc1c(C(=O)O)cccc1[N+](=O)[O-],CCCO,305.65,-0.3011283376855953,0.07256094724363,2,0.1466725702290381
Cc1c(C(=O)O)cccc1[N+](=O)[O-],CCCO,308.15,-0.25900419245063055,0.06284294165518192,2,0.1466725702290381
Cc1c(C(=O)O)cccc1[N+](=O)[O-],CCCO,310.65,-0.21725191147425882,0.05327501102007411,2,0.1466725702290381
Cc1c(C(=O)O)cccc1[N+](=O)[O-],CCCO,313.15,-0.17586503259526687,0.04385361162430321,2,0.1466725702290381
Cc1c(C(=O)O)cccc1[N+](=O)[O-],CCCO,315.65,-0.1592856966869327,,1,0.1466725702290381
Cc1c(C(=O)O)cccc1[N+](=O)[O-],CCCO,318.15,-0.11214897984890726,,1,0.1466725702290381
Cc1c(C(=O)O)cccc1[N+](=O)[O-],CCO,278.15,-0.5692033378324588,,1,0.0367572060736901
Cc1c(C(=O)O)cccc1[N+](=O)[O-],CCO,283.15,-0.5392713976414001,0.06218029310468111,2,0.0367572060736901
Cc1c(C(=O)O)cccc1[N+](=O)[O-],CCO,285.65,-0.49685871444407326,0.05382816706665316,2,0.0367572060736901
Cc1c(C(=O)O)cccc1[N+](=O)[O-],CCO,288.15,-0.4548196090099541,0.04559526535321274,2,0.0367572060736901
Cc1c(C(=O)O)cccc1[N+](=O)[O-],CCO,290.65,-0.4131475584255693,0.037478732554542656,2,0.0367572060736901
Cc1c(C(=O)O)cccc1[N+](=O)[O-],CCO,293.15,-0.37183620912311355,0.02947580689427172,2,0.0367572060736901
Cc1c(C(=O)O)cccc1[N+](=O)[O-],CCO,295.65,-0.3308793710693205,0.0215838163663565,2,0.0367572060736901
Cc1c(C(=O)O)cccc1[N+](=O)[O-],CCO,298.15,-0.29027101220147067,0.013800175063082178,2,0.0367572060736901
Cc1c(C(=O)O)cccc1[N+](=O)[O-],CCO,300.65,-0.2500052530979726,0.012,2,0.0367572060736901
Cc1c(C(=O)O)cccc1[N+](=O)[O-],CCO,303.15,-0.21007636187183465,0.012,2,0.0367572060736901
Cc1c(C(=O)O)cccc1[N+](=O)[O-],CCO,305.65,-0.1704787492758495,0.012,2,0.0367572060736901
Cc1c(C(=O)O)cccc1[N+](=O)[O-],CCO,308.15,-0.13120696400913623,0.016299793478472192,2,0.0367572060736901
Cc1c(C(=O)O)cccc1[N+](=O)[O-],CCO,310.65,-0.09225568821507402,0.023577699011686003,2,0.0367572060736901
Cc1c(C(=O)O)cccc1[N+](=O)[O-],CCO,313.15,-0.05361973316145452,0.030761146873637523,2,0.0367572060736901
Cc1c(C(=O)O)cccc1[N+](=O)[O-],CCO,315.65,0.011471518700709282,,1,0.0367572060736901
Cc1c(C(=O)O)cccc1[N+](=O)[O-],CCO,318.15,0.05444213539870901,,1,0.0367572060736901
Cc1c(C(=O)O)cccc1[N+](=O)[O-],CCOC(C)=O,278.15,-0.6149402660147647,,1,0.0352023512955924
Cc1c(C(=O)O)cccc1[N+](=O)[O-],CCOC(C)=O,283.15,-0.5180874521510912,0.05763514110569537,2,0.0352023512955924
Cc1c(C(=O)O)cccc1[N+](=O)[O-],CCOC(C)=O,285.65,-0.49478737827746366,0.05164062182184111,2,0.0352023512955924
Cc1c(C(=O)O)cccc1[N+](=O)[O-],CCOC(C)=O,288.15,-0.471784973079147,0.04569217583344051,2,0.0352023512955924
Cc1c(C(=O)O)cccc1[N+](=O)[O-],CCOC(C)=O,290.65,-0.4490734726870782,0.03978911266757265,2,0.0352023512955924
Cc1c(C(=O)O)cccc1[N+](=O)[O-],CCOC(C)=O,293.15,-0.42664632831766536,0.03393075690357692,2,0.0352023512955924
Cc1c(C(=O)O)cccc1[N+](=O)[O-],CCOC(C)=O,295.65,-0.4044971975759406,0.028116447752322953,2,0.0352023512955924
Cc1c(C(=O)O)cccc1[N+](=O)[O-],CCOC(C)=O,298.15,-0.38261993618294365,0.02234553864940591,2,0.0352023512955924
Cc1c(C(=O)O)cccc1[N+](=O)[O-],CCOC(C)=O,300.65,-0.361008590103177,0.016617396861766116,2,0.0352023512955924
Cc1c(C(=O)O)cccc1[N+](=O)[O-],CCOC(C)=O,303.15,-0.3396573880495928,0.012,2,0.0352023512955924
Cc1c(C(=O)O)cccc1[N+](=O)[O-],CCOC(C)=O,305.65,-0.3185607343449597,0.012,2,0.0352023512955924
Cc1c(C(=O)O)cccc1[N+](=O)[O-],CCOC(C)=O,308.15,-0.2977132021198461,0.012,2,0.0352023512955924
Cc1c(C(=O)O)cccc1[N+](=O)[O-],CCOC(C)=O,310.65,-0.2771095268286947,0.012,2,0.0352023512955924
Cc1c(C(=O)O)cccc1[N+](=O)[O-],CCOC(C)=O,313.15,-0.25674460006663313,0.012,2,0.0352023512955924
Cc1c(C(=O)O)cccc1[N+](=O)[O-],CCOC(C)=O,315.65,-0.24855446346344667,,1,0.0352023512955924
Cc1c(C(=O)O)cccc1[N+](=O)[O-],CCOC(C)=O,318.15,-0.23250278464928087,,1,0.0352023512955924
Cc1c(C(=O)O)cccc1[N+](=O)[O-],CO,278.15,-0.4603623889396786,,1,0.0767791179096799
Cc1c(C(=O)O)cccc1[N+](=O)[O-],CO,283.15,-0.39032257402482706,0.012,2,0.0767791179096799
Cc1c(C(=O)O)cccc1[N+](=O)[O-],CO,285.65,-0.3458654138682533,0.012,2,0.0767791179096799
Cc1c(C(=O)O)cccc1[N+](=O)[O-],CO,288.15,-0.30211371213249905,0.01918003805230294,2,0.0767791179096799
Cc1c(C(=O)O)cccc1[N+](=O)[O-],CO,290.65,-0.2590498324154744,0.029740153487768945,2,0.0767791179096799
Cc1c(C(=O)O)cccc1[N+](=O)[O-],CO,293.15,-0.21665673025389864,0.03966968826952591,2,0.0767791179096799
Cc1c(C(=O)O)cccc1[N+](=O)[O-],CO,295.65,-0.1749179283418183,0.048988448071883565,2,0.0767791179096799
Cc1c(C(=O)O)cccc1[N+](=O)[O-],CO,298.15,-0.13381749298765477,0.05771551040052149,2,0.0767791179096799
Cc1c(C(=O)O)cccc1[N+](=O)[O-],CO,300.65,-0.09334001173802697,0.06586925646095461,2,0.0767791179096799
Cc1c(C(=O)O)cccc1[N+](=O)[O-],CO,303.15,-0.05347057210131112,0.07346740139756694,2,0.0767791179096799
Cc1c(C(=O)O)cccc1[N+](=O)[O-],CO,305.65,-0.014194741308301673,0.08052702299861716,2,0.0767791179096799
Cc1c(C(=O)O)cccc1[N+](=O)[O-],CO,308.15,0.024501452948650027,0.08706458895643261,2,0.0767791179096799
Cc1c(C(=O)O)cccc1[N+](=O)[O-],CO,310.65,0.06263154085291056,0.09309598276602155,2,0.0767791179096799
Cc1c(C(=O)O)cccc1[N+](=O)[O-],CO,313.15,0.10020862792852014,0.09863652834006834,2,0.0767791179096799
Cc1c(C(=O)O)cccc1[N+](=O)[O-],CO,315.65,0.21057310148138697,,1,0.0767791179096799
Cc1c(C(=O)O)cccc1[N+](=O)[O-],CO,318.15,0.25033648650315854,,1,0.0767791179096799
Cc1c(Cl)cccc1Nc1ccccc1C(=O)O,C1CCCCC1,278.15,-3.2327742668418633,,1,0.1731406197294677
Cc1c(Cl)cccc1Nc1ccccc1C(=O)O,C1CCCCC1,283.15,-3.3677115483841815,0.26406318877820195,2,0.1731406197294677
Cc1c(Cl)cccc1Nc1ccccc1C(=O)O,C1CCCCC1,288.15,-3.2674298386083995,0.19203758988843825,2,0.1731406197294677
Cc1c(Cl)cccc1Nc1ccccc1C(=O)O,C1CCCCC1,293.15,-3.170531999320043,0.1215498772016049,2,0.1731406197294677
Cc1c(Cl)cccc1Nc1ccccc1C(=O)O,C1CCCCC1,298.15,-3.076848407080207,0.052538093629670414,2,0.1731406197294677
Cc1c(Cl)cccc1Nc1ccccc1C(=O)O,C1CCCCC1,303.15,-2.986220608724426,0.015056138907493527,2,0.1731406197294677
Cc1c(Cl)cccc1Nc1ccccc1C(=O)O,C1CCCCC1,308.15,-2.898500416121652,0.08128788508521007,2,0.1731406197294677
Cc1c(Cl)cccc1Nc1ccccc1C(=O)O,C1CCCCC1,313.15,-2.813549087592377,0.14620913791383278,2,0.1731406197294677
Cc1c(Cl)cccc1Nc1ccccc1C(=O)O,C1CCCCC1,318.15,-2.73123658645743,0.20986903911612176,2,0.1731406197294677
Cc1c(Cl)cccc1Nc1ccccc1C(=O)O,C1CCCCC1,323.15,-2.4588857755433757,,1,0.1731406197294677
Cc1c(Cl)cccc1Nc1ccccc1C(=O)O,C1CCCCC1,328.15,-2.338164930090308,,1,0.1731406197294677
Cc1c(Cl)cccc1Nc1ccccc1C(=O)O,CCCCCCCO,278.15,-1.4710871496422375,,1,0.0707059841155693
Cc1c(Cl)cccc1Nc1ccccc1C(=O)O,CCCCCCCO,283.15,-1.373742315334536,0.02826547864653292,2,0.0707059841155693
Cc1c(Cl)cccc1Nc1ccccc1C(=O)O,CCCCCCCO,288.15,-1.2637392605839584,0.03315926099092571,2,0.0707059841155693
Cc1c(Cl)cccc1Nc1ccccc1C(=O)O,CCCCCCCO,293.15,-1.1579500127349163,0.03881698454742182,2,0.0707059841155693
Cc1c(Cl)cccc1Nc1ccccc1C(=O)O,CCCCCCCO,298.15,-1.0561548363636122,0.045184602800142144,2,0.0707059841155693
Cc1c(Cl)cccc1Nc1ccccc1C(=O)O,CCCCCCCO,303.15,-0.9581487481397641,0.05221214997578344,2,0.0707059841155693
Cc1c(Cl)cccc1Nc1ccccc1C(=O)O,CCCCCCCO,308.15,-0.8637403075704464,0.05985338489815077,2,0.0707059841155693
Cc1c(Cl)cccc1Nc1ccccc1C(=O)O,CCCCCCCO,313.15,-0.7727505243855857,0.06806547056374879,2,0.0707059841155693
Cc1c(Cl)cccc1Nc1ccccc1C(=O)O,CCCCCCCO,318.15,-0.6850118696707328,0.07680868538266651,2,0.0707059841155693
Cc1c(Cl)cccc1Nc1ccccc1C(=O)O,CCCCCCCO,323.15,-0.661211204484065,,1,0.0707059841155693
Cc1c(Cl)cccc1Nc1ccccc1C(=O)O,CCCCCCCO,328.15,-0.5863708281229876,,1,0.0707059841155693
Cc1c(Cl)cccc1Nc1ccccc1C(=O)O,CS(C)=O,278.15,-1.1657066300891188,,1,0.1161412699541912
Cc1c(Cl)cccc1Nc1ccccc1C(=O)O,CS(C)=O,283.15,-1.0436342086223185,,1,0.1161412699541912
Cc1c(Cl)cccc1Nc1ccccc1C(=O)O,CS(C)=O,288.15,-0.9264335202966141,,1,0.1161412699541912
Cc1c(Cl)cccc1Nc1ccccc1C(=O)O,CS(C)=O,293.15,-0.750514706412976,0.08956178159230216,2,0.1161412699541912
Cc1c(Cl)cccc1Nc1ccccc1C(=O)O,CS(C)=O,298.15,-0.6421876714323798,0.08971349603114966,2,0.1161412699541912
Cc1c(Cl)cccc1Nc1ccccc1C(=O)O,CS(C)=O,303.15,-0.5399276301418707,0.0871447475905706,2,0.1161412699541912
Cc1c(Cl)cccc1Nc1ccccc1C(=O)O,CS(C)=O,308.15,-0.44339879117126113,0.082032026539275,2,0.1161412699541912
Cc1c(Cl)cccc1Nc1ccccc1C(=O)O,CS(C)=O,313.15,-0.35228810154680446,0.07453914388286617,2,0.1161412699541912
Cc1c(Cl)cccc1Nc1ccccc1C(=O)O,CS(C)=O,318.15,-0.2663033989820658,0.06481829405521085,2,0.1161412699541912
Cc1c(Cl)cccc1Nc1ccccc1C(=O)O,CS(C)=O,323.15,-0.14768729140097037,,1,0.1161412699541912
Cc1c(Cl)cccc1Nc1ccccc1C(=O)O,CS(C)=O,328.15,-0.08088460769508288,,1,0.1161412699541912
Cc1cc(C(=O)O)ccc1[N+](=O)[O-],CCCCO,283.15,-1.128913345469038,,1,0.0172299953316104
Cc1cc(C(=O)O)ccc1[N+](=O)[O-],CCCCO,285.65,-1.093821348723174,,1,0.0172299953316104
Cc1cc(C(=O)O)ccc1[N+](=O)[O-],CCCCO,288.15,-1.0593944147226253,,1,0.0172299953316104
Cc1cc(C(=O)O)ccc1[N+](=O)[O-],CCCCO,290.65,-1.0256148991057294,,1,0.0172299953316104
Cc1cc(C(=O)O)ccc1[N+](=O)[O-],CCCCO,293.15,-0.9924657676365225,,1,0.0172299953316104
Cc1cc(C(=O)O)ccc1[N+](=O)[O-],CCCCO,295.65,-0.9599305701998242,,1,0.0172299953316104
Cc1cc(C(=O)O)ccc1[N+](=O)[O-],CCCCO,298.15,-0.9279934161116454,,1,0.0172299953316104
Cc1cc(C(=O)O)ccc1[N+](=O)[O-],CCCCO,300.65,-0.8966389506680663,,1,0.0172299953316104
Cc1cc(C(=O)O)ccc1[N+](=O)[O-],CCCCO,303.15,-0.8658523328608148,,1,0.0172299953316104
Cc1cc(C(=O)O)ccc1[N+](=O)[O-],CCCCO,305.15,-0.8467970758563399,0.012,2,0.0172299953316104
Cc1cc(C(=O)O)ccc1[N+](=O)[O-],CCCCO,305.65,-0.8399685980673883,0.012,2,0.0172299953316104
Cc1cc(C(=O)O)ccc1[N+](=O)[O-],CCCCO,308.15,-0.8059287321221476,0.012,2,0.0172299953316104
Cc1cc(C(=O)O)ccc1[N+](=O)[O-],CCCCO,309.55,-0.7869407764967491,0.012,2,0.0172299953316104
Cc1cc(C(=O)O)ccc1[N+](=O)[O-],CCCCO,310.65,-0.7720589711905723,0.012,2,0.0172299953316104
Cc1cc(C(=O)O)ccc1[N+](=O)[O-],CCCCO,313.15,-0.7383582572289695,0.013783041585077167,2,0.0172299953316104
Cc1cc(C(=O)O)ccc1[N+](=O)[O-],CCCCO,314.95,-0.7141978155727426,0.019213917763133803,2,0.0172299953316104
Cc1cc(C(=O)O)ccc1[N+](=O)[O-],CCCCO,315.65,-0.7048255179371523,0.021390516941853673,2,0.0172299953316104
Cc1cc(C(=O)O)ccc1[N+](=O)[O-],CCCCO,318.15,-0.6714596684448972,0.02945277856615049,2,0.0172299953316104
Cc1cc(C(=O)O)ccc1[N+](=O)[O-],CCCCO,318.35,-0.6475016779644989,,1,0.0172299953316104
Cc1cc(C(=O)O)ccc1[N+](=O)[O-],CCCCO,321.35,-0.6004175277974753,,1,0.0172299953316104
Cc1cc(C(=O)O)ccc1[N+](=O)[O-],CCCCO,324.35,-0.5531412800083473,,1,0.0172299953316104
Cc1cc(C(=O)O)ccc1[N+](=O)[O-],CCCCO,327.95,-0.49617731680048394,,1,0.0172299953316104
Cc1cc(C(=O)O)ccc1[N+](=O)[O-],CCCCO,332.05,-0.43102235949022827,,1,0.0172299953316104
Cc1cc(C(=O)O)ccc1[N+](=O)[O-],CCCCO,336.75,-0.3560087029189418,,1,0.0172299953316104
Cc1cc(C(=O)O)ccc1[N+](=O)[O-],CCCCO,341.25,-0.28390520348769144,,1,0.0172299953316104
Cc1cc(C(=O)O)ccc1[N+](=O)[O-],CCCCO,345.35,-0.21800431809393217,,1,0.0172299953316104
Cc1cc(NS(=O)(=O)c2ccc(N)cc2)no1,O,298.15,-2.827430117945729,0.012,2,0.0341967320560156
Cc1cc(NS(=O)(=O)c2ccc(N)cc2)no1,O,303.15,-2.726451921235737,0.026379806549244496,2,0.0341967320560156
Cc1cc(NS(=O)(=O)c2ccc(N)cc2)no1,O,308.15,-2.644832956710752,0.034515076752997795,2,0.0341967320560156
Cc1cc(NS(=O)(=O)c2ccc(N)cc2)no1,O,313.15,-2.5813891043801824,0.020082684578768963,2,0.0341967320560156
Cc1cc(NS(=O)(=O)c2ccc(N)cc2)no1,O,318.15,-2.5240566609304143,,1,0.0341967320560156
Cc1cc(NS(=O)(=O)c2ccc(N)cc2)no1,O,323.15,-2.454544518216875,,1,0.0341967320560156
Cc1cc(NS(=O)(=O)c2ccc(N)cc2)no1,O,328.15,-2.3869638381920826,,1,0.0341967320560156
Cc1cc(NS(=O)(=O)c2ccc(N)cc2)no1,O,333.15,-2.3212304615843182,,1,0.0341967320560156
Cc1ccc(S(N)(=O)=O)cc1,CC#N,273.15,-0.0832425957677998,,1,0.1256399790346147
Cc1ccc(S(N)(=O)=O)cc1,CC#N,279.15,-0.013586974963494924,,1,0.1256399790346147
Cc1ccc(S(N)(=O)=O)cc1,CC#N,283.15,0.12170843618913807,0.12444585326041892,2,0.1256399790346147
Cc1ccc(S(N)(=O)=O)cc1,CC#N,284.15,0.1323211711078116,0.12259113085364852,2,0.1256399790346147
Cc1ccc(S(N)(=O)=O)cc1,CC#N,288.15,0.17501904415584235,0.11499425620794919,2,0.1256399790346147
Cc1ccc(S(N)(=O)=O)cc1,CC#N,289.15,0.18575225805351891,0.11305199684751314,2,0.1256399790346147
Cc1ccc(S(N)(=O)=O)cc1,CC#N,293.15,0.22890295538932293,0.10511917778580258,2,0.1256399790346147
Cc1ccc(S(N)(=O)=O)cc1,CC#N,294.15,0.23974235871938987,0.10309636818362726,2,0.1256399790346147
Cc1ccc(S(N)(=O)=O)cc1,CC#N,298.15,0.2832912114669739,0.09485443341398474,2,0.1256399790346147
Cc1ccc(S(N)(=O)=O)cc1,CC#N,299.15,0.2942237354682078,0.09275751154244469,2,0.1256399790346147
Cc1ccc(S(N)(=O)=O)cc1,CC#N,303.15,0.338120726899664,0.08423119485101542,2,0.1256399790346147
Cc1ccc(S(N)(=O)=O)cc1,CC#N,303.65,0.34362568070359245,0.08315028087591654,2,0.1256399790346147
Cc1ccc(S(N)(=O)=O)cc1,CC#N,308.15,0.39333374822909306,0.07327822476661111,2,0.1256399790346147
Cc1ccc(S(N)(=O)=O)cc1,CC#N,309.15,0.40441763719224255,0.07105043712003152,2,0.1256399790346147
Cc1ccc(S(N)(=O)=O)cc1,CC#N,313.15,0.4488773690603125,0.06202208755839632,2,0.1256399790346147
Cc1ccc(S(N)(=O)=O)cc1,CC#N,318.15,0.5047030945522444,0.05048733912717032,2,0.1256399790346147
Cc1ccc(S(N)(=O)=O)cc1,CC#N,319.15,0.4818516373434676,,1,0.1256399790346147
Cc1ccc(S(N)(=O)=O)cc1,CC#N,324.75,0.5540911245697089,,1,0.1256399790346147
Cc1ccc(S(N)(=O)=O)cc1,CC(C)O,273.15,-0.9826660805972978,,1,0.1714504915392929
Cc1ccc(S(N)(=O)=O)cc1,CC(C)O,279.15,-0.8947474051969948,,1,0.1714504915392929
Cc1ccc(S(N)(=O)=O)cc1,CC(C)O,283.15,-0.6982481409925807,0.19081153088958586,2,0.1714504915392929
Cc1ccc(S(N)(=O)=O)cc1,CC(C)O,283.65,-0.6913613803088268,0.18944385295093014,2,0.1714504915392929
Cc1ccc(S(N)(=O)=O)cc1,CC(C)O,288.15,-0.6288307270847309,0.17580272426867127,2,0.1714504915392929
Cc1ccc(S(N)(=O)=O)cc1,CC(C)O,289.15,-0.6148061763550317,0.17245513539229954,2,0.1714504915392929
Cc1ccc(S(N)(=O)=O)cc1,CC(C)O,293.15,-0.5582700074355706,0.157966769303729,2,0.1714504915392929
Cc1ccc(S(N)(=O)=O)cc1,CC(C)O,293.65,-0.5511556218463838,0.15603544659484822,2,0.1714504915392929
Cc1ccc(S(N)(=O)=O)cc1,CC(C)O,298.15,-0.4866823923957604,0.13750190352443184,2,0.1714504915392929
Cc1ccc(S(N)(=O)=O)cc1,CC(C)O,298.85,-0.47658436962402106,0.13443764240108058,2,0.1714504915392929
Cc1ccc(S(N)(=O)=O)cc1,CC(C)O,303.15,-0.41417466937407177,0.11459143831595138,2,0.1714504915392929
Cc1ccc(S(N)(=O)=O)cc1,CC(C)O,303.25,-0.41271581704236127,0.11410947099832233,2,0.1714504915392929
Cc1ccc(S(N)(=O)=O)cc1,CC(C)O,308.15,-0.34084487813300157,0.089405059821941,2,0.1714504915392929
Cc1ccc(S(N)(=O)=O)cc1,CC(C)O,308.95,-0.32904194748359217,0.08517470519430659,2,0.1714504915392929
Cc1ccc(S(N)(=O)=O)cc1,CC(C)O,313.15,-0.26678309618768203,0.062099999473635537,2,0.1714504915392929
Cc1ccc(S(N)(=O)=O)cc1,CC(C)O,317.65,-0.19957023155601306,0.035834721969223035,2,0.1714504915392929
Cc1ccc(S(N)(=O)=O)cc1,CC(C)O,318.15,-0.19207214467279954,0.03282208893933292,2,0.1714504915392929
Cc1ccc(S(N)(=O)=O)cc1,CC(C)O,322.15,-0.13759418212070784,,1,0.1714504915392929
Cc1ccc(S(N)(=O)=O)cc1,CCO,273.15,-0.5036611392306014,,1,0.1642316455297214
Cc1ccc(S(N)(=O)=O)cc1,CCO,279.15,-0.4420277382927509,,1,0.1642316455297214
Cc1ccc(S(N)(=O)=O)cc1,CCO,283.15,-0.30531768630545386,0.129463219923723,2,0.1642316455297214
Cc1ccc(S(N)(=O)=O)cc1,CCO,283.65,-0.29927252381260416,0.12972128640326286,2,0.1642316455297214
Cc1ccc(S(N)(=O)=O)cc1,CCO,288.15,-0.24376179112496388,0.13067794921948894,2,0.1642316455297214
Cc1ccc(S(N)(=O)=O)cc1,CCO,289.15,-0.23116521768659126,0.13056582396327968,2,0.1642316455297214
Cc1ccc(S(N)(=O)=O)cc1,CCO,293.15,-0.1798805024686203,0.12898735618748958,2,0.1642316455297214
Cc1ccc(S(N)(=O)=O)cc1,CCO,293.65,-0.17337197365680268,0.12866610986952076,2,0.1642316455297214
Cc1ccc(S(N)(=O)=O)cc1,CCO,298.15,-0.11386502972142054,0.1245856405989856,2,0.1642316455297214
Cc1ccc(S(N)(=O)=O)cc1,CCO,298.85,-0.1044627562857059,0.12376345425823711,2,0.1642316455297214
Cc1ccc(S(N)(=O)=O)cc1,CCO,303.15,-0.04589151884581,0.117652605434741,2,0.1642316455297214
Cc1ccc(S(N)(=O)=O)cc1,CCO,303.25,-0.04451321398862618,0.11748929078490092,2,0.1642316455297214
Cc1ccc(S(N)(=O)=O)cc1,CCO,308.15,0.023877606319633315,0.10835490203900452,2,0.1642316455297214
Cc1ccc(S(N)(=O)=O)cc1,CCO,308.95,0.03519711746633192,0.10665831898175279,2,0.1642316455297214
Cc1ccc(S(N)(=O)=O)cc1,CCO,313.15,0.09529243887451955,0.09684715105805039,2,0.1642316455297214
Cc1ccc(S(N)(=O)=O)cc1,CCO,317.65,0.16085819855686978,0.08471948320846859,2,0.1642316455297214
Cc1ccc(S(N)(=O)=O)cc1,CCO,318.15,0.16821450421132056,0.08327295321609339,2,0.1642316455297214
Cc1ccc(S(N)(=O)=O)cc1,CCO,322.15,0.17733526740329353,,1,0.1642316455297214
Cc1ccc(S(N)(=O)=O)cc1,CO,273.15,-0.08363241533145072,,1,0.0249812672192636
Cc1ccc(S(N)(=O)=O)cc1,CO,279.15,-0.02198468573422474,,1,0.0249812672192636
Cc1ccc(S(N)(=O)=O)cc1,CO,283.15,0.04213630847269734,0.028319254788780824,2,0.0249812672192636
Cc1ccc(S(N)(=O)=O)cc1,CO,283.65,0.047804808651243036,0.02831529030590798,2,0.0249812672192636
Cc1ccc(S(N)(=O)=O)cc1,CO,288.15,0.0994596176206759,0.027036374543658283,2,0.0249812672192636
Cc1ccc(S(N)(=O)=O)cc1,CO,289.15,0.11108867126932687,0.026456686229799173,2,0.0249812672192636
Cc1ccc(S(N)(=O)=O)cc1,CO,293.15,0.15811896147510573,0.02311004563685653,2,0.0249812672192636
Cc1ccc(S(N)(=O)=O)cc1,CO,293.65,0.1640535757814252,0.02257899705499525,2,0.0249812672192636
Cc1ccc(S(N)(=O)=O)cc1,CO,298.15,0.21799192033636494,0.016718329772856325,2,0.0249812672192636
Cc1ccc(S(N)(=O)=O)cc1,CO,298.85,0.22646446180167423,0.015636287181484635,2,0.0249812672192636
Cc1ccc(S(N)(=O)=O)cc1,CO,303.15,0.2789659722702851,0.012,2,0.0249812672192636
Cc1ccc(S(N)(=O)=O)cc1,CO,303.25,0.28019595919940343,0.012,2,0.0249812672192636
Cc1ccc(S(N)(=O)=O)cc1,CO,308.15,0.34093760143842466,0.012,2,0.0249812672192636
Cc1ccc(S(N)(=O)=O)cc1,CO,308.95,0.3509391604717358,0.012,2,0.0249812672192636
Cc1ccc(S(N)(=O)=O)cc1,CO,313.15,0.4038114975153029,0.015660275519617146,2,0.0249812672192636
Cc1ccc(S(N)(=O)=O)cc1,CO,317.65,0.4610967109909261,0.028828207391107964,2,0.0249812672192636
Cc1ccc(S(N)(=O)=O)cc1,CO,318.15,0.4674998357269011,0.030381091249543635,2,0.0249812672192636
Cc1ccc(S(N)(=O)=O)cc1,CO,322.15,0.5496883679383302,,1,0.0249812672192636
Cc1ccccc1S(N)(=O)=O,CC#N,273.15,-0.4835848458515102,,1,0.1414921102838759
Cc1ccccc1S(N)(=O)=O,CC#N,279.15,-0.4116860088837484,,1,0.1414921102838759
Cc1ccccc1S(N)(=O)=O,CC#N,283.15,-0.26829365282022977,0.1338970356465867,2,0.1414921102838759
Cc1ccccc1S(N)(=O)=O,CC#N,283.95,-0.2593651342977097,0.13264817101587006,2,0.1414921102838759
Cc1ccccc1S(N)(=O)=O,CC#N,288.15,-0.2124067512550578,0.1257114995825985,2,0.1414921102838759
Cc1ccccc1S(N)(=O)=O,CC#N,289.15,-0.20120743967116006,0.12396858537886592,2,0.1414921102838759
Cc1ccccc1S(N)(=O)=O,CC#N,293.15,-0.1563491777816708,0.11666155254715643,2,0.1414921102838759
Cc1ccccc1S(N)(=O)=O,CC#N,293.35,-0.15410395320510872,0.11628247808325551,2,0.1414921102838759
Cc1ccccc1S(N)(=O)=O,CC#N,298.15,-0.10016435546952884,0.10680986404638268,2,0.1414921102838759
Cc1ccccc1S(N)(=O)=O,CC#N,298.95,-0.09116566118118463,0.10516312413779207,2,0.1414921102838759
Cc1ccccc1S(N)(=O)=O,CC#N,303.15,-0.043891693281336686,0.09621433622590543,2,0.1414921102838759
Cc1ccccc1S(N)(=O)=O,CC#N,303.25,-0.042765595536335965,0.09599521323043841,2,0.1414921102838759
Cc1ccccc1S(N)(=O)=O,CC#N,308.15,0.012433032308898362,0.08492852145277978,2,0.1414921102838759
Cc1ccccc1S(N)(=O)=O,CC#N,308.95,0.021447605964057814,0.08306209774466786,2,0.1414921102838759
Cc1ccccc1S(N)(=O)=O,CC#N,313.15,0.06877733583165124,0.0730019979246244,2,0.1414921102838759
Cc1ccccc1S(N)(=O)=O,CC#N,318.15,0.12511171677540567,0.06048070807811542,2,0.1414921102838759
Cc1ccccc1S(N)(=O)=O,CC#N,319.15,0.0954272357200523,,1,0.1414921102838759
Cc1ccccc1S(N)(=O)=O,CC#N,323.85,0.1570884618759507,,1,0.1414921102838759
Cc1ccccc1S(N)(=O)=O,CO,273.15,-0.4810060803201175,,1,0.0883387815501829
Cc1ccccc1S(N)(=O)=O,CO,279.15,-0.38766230581537897,,1,0.0883387815501829
Cc1ccccc1S(N)(=O)=O,CO,283.15,-0.23841213216903778,0.1252593606902786,2,0.0883387815501829
Cc1ccccc1S(N)(=O)=O,CO,283.75,-0.2311905802102503,0.12274680107047233,2,0.0883387815501829
Cc1ccccc1S(N)(=O)=O,CO,288.15,-0.17859633212934956,0.1049430030070599,2,0.0883387815501829
Cc1ccccc1S(N)(=O)=O,CO,289.15,-0.16673148326669285,0.10104558872121285,2,0.0883387815501829
Cc1ccccc1S(N)(=O)=O,CO,293.15,-0.1195942795475533,0.08598684797523848,2,0.0883387815501829
Cc1ccccc1S(N)(=O)=O,CO,293.65,-0.11373804048411884,0.08416292784268016,2,0.0883387815501829
Cc1ccccc1S(N)(=O)=O,CO,298.15,-0.061385608508149225,0.06831127393418261,2,0.0883387815501829
Cc1ccccc1S(N)(=O)=O,CO,298.95,-0.052144521458658666,0.06559700110097755,2,0.0883387815501829
Cc1ccccc1S(N)(=O)=O,CO,303.15,-0.003950617946979484,0.051842281339423674,2,0.0883387815501829
Cc1ccccc1S(N)(=O)=O,CO,303.25,-0.0028096777302186737,0.051524727532733655,2,0.0883387815501829
Cc1ccccc1S(N)(=O)=O,CO,308.15,0.05272974924079499,0.03651101867099368,2,0.0883387815501829
Cc1ccccc1S(N)(=O)=O,CO,308.65,0.05835699667237826,0.03503795975408535,2,0.0883387815501829
Cc1ccccc1S(N)(=O)=O,CO,313.15,0.10867392720229141,0.02225335490822185,2,0.0883387815501829
Cc1ccccc1S(N)(=O)=O,CO,318.15,0.163899748060107,0.012,2,0.0883387815501829
Cc1ccccc1S(N)(=O)=O,CO,323.15,0.22074121154268767,,1,0.0883387815501829
Cc1cnc(NC(=O)C2=C(O)c3ccccc3S(=O)(=O)N2C)s1,O,288.15,-4.964445810169764,,1,0.1899571540968464
Cc1cnc(NC(=O)C2=C(O)c3ccccc3S(=O)(=O)N2C)s1,O,293.15,-4.500517521511476,0.396968826920287,2,0.1899571540968464
Cc1cnc(NC(=O)C2=C(O)c3ccccc3S(=O)(=O)N2C)s1,O,298.15,-4.473979195081983,0.23673612114882733,3,0.1899571540968464
Cc1cnc(NC(=O)C2=C(O)c3ccccc3S(=O)(=O)N2C)s1,O,303.15,-4.342256713737733,0.14309264945245018,3,0.1899571540968464
Cc1cnc(NC(=O)C2=C(O)c3ccccc3S(=O)(=O)N2C)s1,O,308.15,-4.210174273875485,0.06829697862313124,3,0.1899571540968464
Cc1cnc(NC(=O)C2=C(O)c3ccccc3S(=O)(=O)N2C)s1,O,313.15,-4.131380350845621,0.012,2,0.1899571540968464
Cc1cnc(NC(=O)C2=C(O)c3ccccc3S(=O)(=O)N2C)s1,O,318.15,-3.9753034797142277,,1,0.1899571540968464
Cc1nc2n(c(=O)c1CCN1CCC(c3noc4cc(F)ccc34)CC1)CCCC2,CC(C)=O,278.15,-1.9442025107061838,0.012,2,0.048552101651456
Cc1nc2n(c(=O)c1CCN1CCC(c3noc4cc(F)ccc34)CC1)CCCC2,CC(C)=O,283.15,-1.8508872943763457,0.013140724525963458,2,0.048552101651456
Cc1nc2n(c(=O)c1CCN1CCC(c3noc4cc(F)ccc34)CC1)CCCC2,CC(C)=O,288.15,-1.7593084180152907,0.02940658835046908,2,0.048552101651456
Cc1nc2n(c(=O)c1CCN1CCC(c3noc4cc(F)ccc34)CC1)CCCC2,CC(C)=O,293.15,-1.6694026583114123,0.040376665307524776,2,0.048552101651456
Cc1nc2n(c(=O)c1CCN1CCC(c3noc4cc(F)ccc34)CC1)CCCC2,CC(C)=O,298.15,-1.5811101734892432,0.04639690116931647,2,0.048552101651456
Cc1nc2n(c(=O)c1CCN1CCC(c3noc4cc(F)ccc34)CC1)CCCC2,CC(C)=O,303.15,-1.4943742669798041,0.04778779501999218,2,0.048552101651456
Cc1nc2n(c(=O)c1CCN1CCC(c3noc4cc(F)ccc34)CC1)CCCC2,CC(C)=O,308.15,-1.409141171337307,0.04484659144687387,2,0.048552101651456
Cc1nc2n(c(=O)c1CCN1CCC(c3noc4cc(F)ccc34)CC1)CCCC2,CC(C)=O,313.15,-1.325359850359991,0.037849254559378605,2,0.048552101651456
Cc1nc2n(c(=O)c1CCN1CCC(c3noc4cc(F)ccc34)CC1)CCCC2,CC(C)=O,318.15,-1.2621106459540954,,1,0.048552101651456
Cc1nc2n(c(=O)c1CCN1CCC(c3noc4cc(F)ccc34)CC1)CCCC2,CC(C)=O,323.15,-1.1709370863184887,,1,0.048552101651456
Cc1nc2n(c(=O)c1CCN1CCC(c3noc4cc(F)ccc34)CC1)CCCC2,CC(C)O,278.15,-2.2569117611141394,0.10111265270410916,2,0.0523881482562376
Cc1nc2n(c(=O)c1CCN1CCC(c3noc4cc(F)ccc34)CC1)CCCC2,CC(C)O,283.15,-2.1702559546132107,0.07060968951989048,2,0.0523881482562376
Cc1nc2n(c(=O)c1CCN1CCC(c3noc4cc(F)ccc34)CC1)CCCC2,CC(C)O,288.15,-2.0747360456127524,0.04714989193679537,2,0.0523881482562376
Cc1nc2n(c(=O)c1CCN1CCC(c3noc4cc(F)ccc34)CC1)CCCC2,CC(C)O,293.15,-1.9710080963349128,0.030270788708981988,2,0.0523881482562376
Cc1nc2n(c(=O)c1CCN1CCC(c3noc4cc(F)ccc34)CC1)CCCC2,CC(C)O,298.15,-1.8596773672173725,0.01954435573908343,2,0.0523881482562376
Cc1nc2n(c(=O)c1CCN1CCC(c3noc4cc(F)ccc34)CC1)CCCC2,CC(C)O,303.15,-1.741302842587146,0.014574005835689723,2,0.0523881482562376
Cc1nc2n(c(=O)c1CCN1CCC(c3noc4cc(F)ccc34)CC1)CCCC2,CC(C)O,308.15,-1.6164012939116645,0.014991882536191438,2,0.0523881482562376
Cc1nc2n(c(=O)c1CCN1CCC(c3noc4cc(F)ccc34)CC1)CCCC2,CC(C)O,313.15,-1.4854509340546969,0.02045642313010969,2,0.0523881482562376
Cc1nc2n(c(=O)c1CCN1CCC(c3noc4cc(F)ccc34)CC1)CCCC2,CC(C)O,318.15,-1.37056764540705,,1,0.0523881482562376
Cc1nc2n(c(=O)c1CCN1CCC(c3noc4cc(F)ccc34)CC1)CCCC2,CC(C)O,323.15,-1.2391594632165663,,1,0.0523881482562376
Cc1nc2n(c(=O)c1CCN1CCC(c3noc4cc(F)ccc34)CC1)CCCC2,CCCCO,278.15,-1.7923041492873892,0.012,2,0.0228247845569061
Cc1nc2n(c(=O)c1CCN1CCC(c3noc4cc(F)ccc34)CC1)CCCC2,CCCCO,283.15,-1.702640530809468,0.012,2,0.0228247845569061
Cc1nc2n(c(=O)c1CCN1CCC(c3noc4cc(F)ccc34)CC1)CCCC2,CCCCO,288.15,-1.608460364073359,0.012,2,0.0228247845569061
Cc1nc2n(c(=O)c1CCN1CCC(c3noc4cc(F)ccc34)CC1)CCCC2,CCCCO,293.15,-1.5101248748160572,0.016764397068974785,2,0.0228247845569061
Cc1nc2n(c(=O)c1CCN1CCC(c3noc4cc(F)ccc34)CC1)CCCC2,CCCCO,298.15,-1.407966692692618,0.020753814399192116,2,0.0228247845569061
Cc1nc2n(c(=O)c1CCN1CCC(c3noc4cc(F)ccc34)CC1)CCCC2,CCCCO,303.15,-1.3022924255424115,0.023233844333259836,2,0.0228247845569061
Cc1nc2n(c(=O)c1CCN1CCC(c3noc4cc(F)ccc34)CC1)CCCC2,CCCCO,308.15,-1.1933849690131169,0.02430031807025345,2,0.0228247845569061
Cc1nc2n(c(=O)c1CCN1CCC(c3noc4cc(F)ccc34)CC1)CCCC2,CCCCO,313.15,-1.0815055822411281,0.024042232281194037,2,0.0228247845569061
Cc1nc2n(c(=O)c1CCN1CCC(c3noc4cc(F)ccc34)CC1)CCCC2,CCCCO,318.15,-0.9828355835394689,,1,0.0228247845569061
Cc1nc2n(c(=O)c1CCN1CCC(c3noc4cc(F)ccc34)CC1)CCCC2,CCCCO,323.15,-0.8638344602197492,,1,0.0228247845569061
Cc1nc2n(c(=O)c1CCN1CCC(c3noc4cc(F)ccc34)CC1)CCCC2,CCCO,278.15,-1.7754041851435254,0.05235812172611928,2,0.02672018712532
Cc1nc2n(c(=O)c1CCN1CCC(c3noc4cc(F)ccc34)CC1)CCCC2,CCCO,283.15,-1.6805519456418736,0.02702528485587687,2,0.02672018712532
Cc1nc2n(c(=O)c1CCN1CCC(c3noc4cc(F)ccc34)CC1)CCCC2,CCCO,288.15,-1.5828942235789185,0.012,2,0.02672018712532
Cc1nc2n(c(=O)c1CCN1CCC(c3noc4cc(F)ccc34)CC1)CCCC2,CCCO,293.15,-1.4826785767543242,0.012,2,0.02672018712532
Cc1nc2n(c(=O)c1CCN1CCC(c3noc4cc(F)ccc34)CC1)CCCC2,CCCO,298.15,-1.3801324678175888,0.01588346369818821,2,0.02672018712532
Cc1nc2n(c(=O)c1CCN1CCC(c3noc4cc(F)ccc34)CC1)CCCC2,CCCO,303.15,-1.2754650941286947,0.020325543974068952,2,0.02672018712532
Cc1nc2n(c(=O)c1CCN1CCC(c3noc4cc(F)ccc34)CC1)CCCC2,CCCO,308.15,-1.1688690282627263,0.020358480766807643,2,0.02672018712532
Cc1nc2n(c(=O)c1CCN1CCC(c3noc4cc(F)ccc34)CC1)CCCC2,CCCO,313.15,-1.0605216912182058,0.016261577895611414,2,0.02672018712532
Cc1nc2n(c(=O)c1CCN1CCC(c3noc4cc(F)ccc34)CC1)CCCC2,CCCO,318.15,-0.9564517324933774,,1,0.02672018712532
Cc1nc2n(c(=O)c1CCN1CCC(c3noc4cc(F)ccc34)CC1)CCCC2,CCCO,323.15,-0.8368805047826697,,1,0.02672018712532
Cc1nc2n(c(=O)c1CCN1CCC(c3noc4cc(F)ccc34)CC1)CCCC2,CCO,278.15,-1.8023502133406168,0.018647345005677596,2,0.0212296614634087
Cc1nc2n(c(=O)c1CCN1CCC(c3noc4cc(F)ccc34)CC1)CCCC2,CCO,283.15,-1.7297742560441236,0.012,3,0.0212296614634087
Cc1nc2n(c(=O)c1CCN1CCC(c3noc4cc(F)ccc34)CC1)CCCC2,CCO,288.15,-1.64113866474739,0.012,3,0.0212296614634087
Cc1nc2n(c(=O)c1CCN1CCC(c3noc4cc(F)ccc34)CC1)CCCC2,CCO,293.15,-1.5487196485091843,0.01471289052046165,3,0.0212296614634087
Cc1nc2n(c(=O)c1CCN1CCC(c3noc4cc(F)ccc34)CC1)CCCC2,CCO,298.15,-1.4528217171953866,0.01982033569489148,3,0.0212296614634087
Cc1nc2n(c(=O)c1CCN1CCC(c3noc4cc(F)ccc34)CC1)CCCC2,CCO,303.15,-1.3537255244656332,0.021862178038478067,3,0.0212296614634087
Cc1nc2n(c(=O)c1CCN1CCC(c3noc4cc(F)ccc34)CC1)CCCC2,CCO,308.15,-1.251689986589054,0.021144781180339543,3,0.0212296614634087
Cc1nc2n(c(=O)c1CCN1CCC(c3noc4cc(F)ccc34)CC1)CCCC2,CCO,313.15,-1.1469541865610988,0.018306222081656606,3,0.0212296614634087
Cc1nc2n(c(=O)c1CCN1CCC(c3noc4cc(F)ccc34)CC1)CCCC2,CCO,318.15,-1.0568006376035441,,1,0.0212296614634087
Cc1nc2n(c(=O)c1CCN1CCC(c3noc4cc(F)ccc34)CC1)CCCC2,CCO,323.15,-0.9419190114869309,,1,0.0212296614634087
Cc1nc2n(c(=O)c1CCN1CCC(c3noc4cc(F)ccc34)CC1)CCCC2,CCOC(C)=O,278.15,-1.9204978945260152,0.012,2,0.0406909494852164
Cc1nc2n(c(=O)c1CCN1CCC(c3noc4cc(F)ccc34)CC1)CCCC2,CCOC(C)=O,283.15,-1.8494589153400582,0.012,2,0.0406909494852164
Cc1nc2n(c(=O)c1CCN1CCC(c3noc4cc(F)ccc34)CC1)CCCC2,CCOC(C)=O,288.15,-1.7756470834089626,0.020072355098391878,2,0.0406909494852164
Cc1nc2n(c(=O)c1CCN1CCC(c3noc4cc(F)ccc34)CC1)CCCC2,CCOC(C)=O,293.15,-1.699293633401723,0.027495574842065055,2,0.0406909494852164
Cc1nc2n(c(=O)c1CCN1CCC(c3noc4cc(F)ccc34)CC1)CCCC2,CCOC(C)=O,298.15,-1.6206112913522759,0.033935217977605035,2,0.0406909494852164
Cc1nc2n(c(=O)c1CCN1CCC(c3noc4cc(F)ccc34)CC1)CCCC2,CCOC(C)=O,303.15,-1.5397959493572912,0.039452069593073506,2,0.0406909494852164
Cc1nc2n(c(=O)c1CCN1CCC(c3noc4cc(F)ccc34)CC1)CCCC2,CCOC(C)=O,308.15,-1.457028167603248,0.04410257633346644,2,0.0406909494852164
Cc1nc2n(c(=O)c1CCN1CCC(c3noc4cc(F)ccc34)CC1)CCCC2,CCOC(C)=O,313.15,-1.3724745237912188,0.047939211597417056,2,0.0406909494852164
Cc1nc2n(c(=O)c1CCN1CCC(c3noc4cc(F)ccc34)CC1)CCCC2,CCOC(C)=O,318.15,-1.3223589136407554,,1,0.0406909494852164
Cc1nc2n(c(=O)c1CCN1CCC(c3noc4cc(F)ccc34)CC1)CCCC2,CCOC(C)=O,323.15,-1.2363464408772415,,1,0.0406909494852164
Cc1nc2n(c(=O)c1CCN1CCC(c3noc4cc(F)ccc34)CC1)CCCC2,CO,278.15,-1.2970989063610574,0.012,2,0.0243219293888586
Cc1nc2n(c(=O)c1CCN1CCC(c3noc4cc(F)ccc34)CC1)CCCC2,CO,283.15,-1.2321835867159574,0.012,3,0.0243219293888586
Cc1nc2n(c(=O)c1CCN1CCC(c3noc4cc(F)ccc34)CC1)CCCC2,CO,288.15,-1.1560844557414924,0.018043101043426935,3,0.0243219293888586
Cc1nc2n(c(=O)c1CCN1CCC(c3noc4cc(F)ccc34)CC1)CCCC2,CO,293.15,-1.075417599696377,0.025270978746571398,3,0.0243219293888586
Cc1nc2n(c(=O)c1CCN1CCC(c3noc4cc(F)ccc34)CC1)CCCC2,CO,298.15,-0.9905329684732346,0.02810844349529507,3,0.0243219293888586
Cc1nc2n(c(=O)c1CCN1CCC(c3noc4cc(F)ccc34)CC1)CCCC2,CO,303.15,-0.9017534605548292,0.02685895810448679,3,0.0243219293888586
Cc1nc2n(c(=O)c1CCN1CCC(c3noc4cc(F)ccc34)CC1)CCCC2,CO,308.15,-0.8093773106622612,0.021837775382794914,3,0.0243219293888586
Cc1nc2n(c(=O)c1CCN1CCC(c3noc4cc(F)ccc34)CC1)CCCC2,CO,313.15,-0.7136802363367659,0.013518272116326006,3,0.0243219293888586
Cc1nc2n(c(=O)c1CCN1CCC(c3noc4cc(F)ccc34)CC1)CCCC2,CO,318.15,-0.6175676087460786,0.012,2,0.0243219293888586
Cc1nc2n(c(=O)c1CCN1CCC(c3noc4cc(F)ccc34)CC1)CCCC2,CO,323.15,-0.5203850877205731,0.014719233256673292,2,0.0243219293888586
Cc1nc2n(c(=O)c1CCN1CCC(c3noc4cc(F)ccc34)CC1)CCCC2,CO,328.15,-0.44774693195783044,,1,0.0243219293888586
Cc1nc2n(c(=O)c1CCN1CCC(c3noc4cc(F)ccc34)CC1)CCCC2,O,283.15,-5.588699364377229,,1,0.0264858469206961
Cc1nc2n(c(=O)c1CCN1CCC(c3noc4cc(F)ccc34)CC1)CCCC2,O,288.15,-5.464101250869403,,1,0.0264858469206961
Cc1nc2n(c(=O)c1CCN1CCC(c3noc4cc(F)ccc34)CC1)CCCC2,O,293.15,-5.343033605497068,,1,0.0264858469206961
Cc1nc2n(c(=O)c1CCN1CCC(c3noc4cc(F)ccc34)CC1)CCCC2,O,298.15,-5.261726493750071,0.05147116678047668,2,0.0264858469206961
Cc1nc2n(c(=O)c1CCN1CCC(c3noc4cc(F)ccc34)CC1)CCCC2,O,303.15,-5.137020389016246,0.037027404457634305,2,0.0264858469206961
Cc1nc2n(c(=O)c1CCN1CCC(c3noc4cc(F)ccc34)CC1)CCCC2,O,308.15,-5.016813615724047,0.024612705203699802,2,0.0264858469206961
Cc1nc2n(c(=O)c1CCN1CCC(c3noc4cc(F)ccc34)CC1)CCCC2,O,313.15,-4.900883430185055,0.014104960359638295,2,0.0264858469206961
Cc1nc2n(c(=O)c1CCN1CCC(c3noc4cc(F)ccc34)CC1)CCCC2,O,318.15,-4.789021318236959,0.012,2,0.0264858469206961
Cc1nc2n(c(=O)c1CCN1CCC(c3noc4cc(F)ccc34)CC1)CCCC2,O,323.15,-4.6810318838552165,0.012,2,0.0264858469206961
Cc1nc2n(c(=O)c1CCN1CCC(c3noc4cc(F)ccc34)CC1)CCCC2,O,328.15,-4.576731840012356,0.012,2,0.0264858469206961
Cc1nc2n(c(=O)c1CCN1CCC(c3noc4cc(F)ccc34)CC1)CCCC2,O,333.15,-4.468159160741685,,1,0.0264858469206961
Cc1ncc([N+](=O)[O-])n1CCO,O,293.15,-1.3162030172183705,,1,0.0952995340389959
Cc1ncc([N+](=O)[O-])n1CCO,O,298.15,-1.2253482880459003,0.01968788961557928,2,0.0952995340389959
Cc1ncc([N+](=O)[O-])n1CCO,O,298.45,-1.2221081228051247,0.01767769881849901,2,0.0952995340389959
Cc1ncc([N+](=O)[O-])n1CCO,O,303.15,-1.1710453705348272,0.014283047418244649,2,0.0952995340389959
Cc1ncc([N+](=O)[O-])n1CCO,O,306.95,-1.1293747813719968,0.04073518101002817,2,0.0952995340389959
Cc1ncc([N+](=O)[O-])n1CCO,O,308.15,-1.116149230871736,0.049195908422024516,2,0.0952995340389959
Cc1ncc([N+](=O)[O-])n1CCO,O,308.65,-1.1106295795720786,0.05273595348592312,2,0.0952995340389959
Cc1ncc([N+](=O)[O-])n1CCO,O,313.15,-1.0607258968479893,0.08497293046408488,2,0.0952995340389959
Cc1ncc([N+](=O)[O-])n1CCO,O,318.05,-1.0059580628231402,0.12080355208462702,2,0.0952995340389959
Cc1ncc([N+](=O)[O-])n1CCO,O,318.15,-1.0048360631513802,0.12154226526061702,2,0.0952995340389959
Cc1ncc([N+](=O)[O-])n1CCO,O,322.95,-0.9507948055876803,0.15733251543554425,2,0.0952995340389959
Cc1ncc([N+](=O)[O-])n1CCO,O,323.15,-1.0608506137866662,,1,0.0952995340389959
Cc1ncc([N+](=O)[O-])n1CCO,O,328.15,-1.0310323121856015,,1,0.0952995340389959
Cc1ncc([N+](=O)[O-])n1CCO,O,333.15,-1.0013315733680486,,1,0.0952995340389959
Cc1nnc(C(C)C)n1C1C[C@H]2CC[C@@H](C1)N2CC[C@H](NC(=O)C1CCC(F)(F)CC1)c1ccccc1,CCCO,278.15,-2.5219786958007013,,1,0.0180159553699888
Cc1nnc(C(C)C)n1C1C[C@H]2CC[C@@H](C1)N2CC[C@H](NC(=O)C1CCC(F)(F)CC1)c1ccccc1,CCCO,278.2,-2.5336386912945077,0.018804452070443987,2,0.0180159553699888
Cc1nnc(C(C)C)n1C1C[C@H]2CC[C@@H](C1)N2CC[C@H](NC(=O)C1CCC(F)(F)CC1)c1ccccc1,CCCO,283.15,-2.375347830951151,0.019234076966942095,2,0.0180159553699888
Cc1nnc(C(C)C)n1C1C[C@H]2CC[C@@H](C1)N2CC[C@H](NC(=O)C1CCC(F)(F)CC1)c1ccccc1,CCCO,283.2,-2.373777591899726,0.019230667119946244,2,0.0180159553699888
Cc1nnc(C(C)C)n1C1C[C@H]2CC[C@@H](C1)N2CC[C@H](NC(=O)C1CCC(F)(F)CC1)c1ccccc1,CCCO,288.15,-2.2210626634421775,0.018161077946470677,2,0.0180159553699888
Cc1nnc(C(C)C)n1C1C[C@H]2CC[C@@H](C1)N2CC[C@H](NC(=O)C1CCC(F)(F)CC1)c1ccccc1,CCCO,288.2,-2.219547265229302,0.01814305327701365,2,0.0180159553699888
Cc1nnc(C(C)C)n1C1C[C@H]2CC[C@@H](C1)N2CC[C@H](NC(=O)C1CCC(F)(F)CC1)c1ccccc1,CCCO,293.15,-2.072121565523025,0.015676272482627433,2,0.0180159553699888
Cc1nnc(C(C)C)n1C1C[C@H]2CC[C@@H](C1)N2CC[C@H](NC(=O)C1CCC(F)(F)CC1)c1ccccc1,CCCO,293.2,-2.0706582123273467,0.015644623475844596,2,0.0180159553699888
Cc1nnc(C(C)C)n1C1C[C@H]2CC[C@@H](C1)N2CC[C@H](NC(=O)C1CCC(F)(F)CC1)c1ccccc1,CCCO,298.15,-1.9282543162430308,0.012,2,0.0180159553699888
Cc1nnc(C(C)C)n1C1C[C@H]2CC[C@@H](C1)N2CC[C@H](NC(=O)C1CCC(F)(F)CC1)c1ccccc1,CCCO,298.2,-1.926840398654404,0.012,2,0.0180159553699888
Cc1nnc(C(C)C)n1C1C[C@H]2CC[C@@H](C1)N2CC[C@H](NC(=O)C1CCC(F)(F)CC1)c1ccccc1,CCCO,303.15,-1.789208567044355,0.012,2,0.0180159553699888
Cc1nnc(C(C)C)n1C1C[C@H]2CC[C@@H](C1)N2CC[C@H](NC(=O)C1CCC(F)(F)CC1)c1ccccc1,CCCO,303.2,-1.7878416467973324,0.012,2,0.0180159553699888
Cc1nnc(C(C)C)n1C1C[C@H]2CC[C@@H](C1)N2CC[C@H](NC(=O)C1CCC(F)(F)CC1)c1ccccc1,CCCO,308.15,-1.6547483896031814,0.012,2,0.0180159553699888
Cc1nnc(C(C)C)n1C1C[C@H]2CC[C@@H](C1)N2CC[C@H](NC(=O)C1CCC(F)(F)CC1)c1ccccc1,CCCO,308.2,-1.6534261857859587,0.012,2,0.0180159553699888
Cc1nnc(C(C)C)n1C1C[C@H]2CC[C@@H](C1)N2CC[C@H](NC(=O)C1CCC(F)(F)CC1)c1ccccc1,CCCO,313.15,-1.52465296292835,0.012,2,0.0180159553699888
Cc1nnc(C(C)C)n1C1C[C@H]2CC[C@@H](C1)N2CC[C@H](NC(=O)C1CCC(F)(F)CC1)c1ccccc1,CCCO,313.2,-1.5233733395034292,0.012,2,0.0180159553699888
Cc1nnc(C(C)C)n1C1C[C@H]2CC[C@@H](C1)N2CC[C@H](NC(=O)C1CCC(F)(F)CC1)c1ccccc1,CCCO,318.15,-1.3987153843865148,0.01482430677471787,2,0.0180159553699888
Cc1nnc(C(C)C)n1C1C[C@H]2CC[C@@H](C1)N2CC[C@H](NC(=O)C1CCC(F)(F)CC1)c1ccccc1,CCCO,318.2,-1.3974763388799047,0.014911602531747193,2,0.0180159553699888
Cc1nnc(C(C)C)n1C1C[C@H]2CC[C@@H](C1)N2CC[C@H](NC(=O)C1CCC(F)(F)CC1)c1ccccc1,CCCO,323.15,-1.2767415912217697,0.024006113791245474,2,0.0180159553699888
Cc1nnc(C(C)C)n1C1C[C@H]2CC[C@@H](C1)N2CC[C@H](NC(=O)C1CCC(F)(F)CC1)c1ccccc1,CCCO,323.2,-1.2584982434421725,,1,0.0180159553699888
Cc1nnc(C(C)C)n1C1C[C@H]2CC[C@@H](C1)N2CC[C@H](NC(=O)C1CCC(F)(F)CC1)c1ccccc1,CCO,278.15,-2.3427713672135653,,1,0.0103738607686077
Cc1nnc(C(C)C)n1C1C[C@H]2CC[C@@H](C1)N2CC[C@H](NC(=O)C1CCC(F)(F)CC1)c1ccccc1,CCO,278.2,-2.3259765688440197,0.021605637560442193,2,0.0103738607686077
Cc1nnc(C(C)C)n1C1C[C@H]2CC[C@@H](C1)N2CC[C@H](NC(=O)C1CCC(F)(F)CC1)c1ccccc1,CCO,283.15,-2.182215306186002,0.014837637497935938,2,0.0103738607686077
Cc1nnc(C(C)C)n1C1C[C@H]2CC[C@@H](C1)N2CC[C@H](NC(=O)C1CCC(F)(F)CC1)c1ccccc1,CCO,283.2,-2.1807760213548164,0.014774565103209911,2,0.0103738607686077
Cc1nnc(C(C)C)n1C1C[C@H]2CC[C@@H](C1)N2CC[C@H](NC(=O)C1CCC(F)(F)CC1)c1ccccc1,CCO,288.15,-2.0395294522844907,0.012,2,0.0103738607686077
Cc1nnc(C(C)C)n1C1C[C@H]2CC[C@@H](C1)N2CC[C@H](NC(=O)C1CCC(F)(F)CC1)c1ccccc1,CCO,288.2,-2.0381151241087423,0.012,2,0.0103738607686077
Cc1nnc(C(C)C)n1C1C[C@H]2CC[C@@H](C1)N2CC[C@H](NC(=O)C1CCC(F)(F)CC1)c1ccccc1,CCO,293.15,-1.8992967841905148,0.012,2,0.0103738607686077
Cc1nnc(C(C)C)n1C1C[C@H]2CC[C@@H](C1)N2CC[C@H](NC(=O)C1CCC(F)(F)CC1)c1ccccc1,CCO,293.2,-1.897906561943845,0.012,2,0.0103738607686077
Cc1nnc(C(C)C)n1C1C[C@H]2CC[C@@H](C1)N2CC[C@H](NC(=O)C1CCC(F)(F)CC1)c1ccccc1,CCO,298.15,-1.7614343709213856,0.012,2,0.0103738607686077
Cc1nnc(C(C)C)n1C1C[C@H]2CC[C@@H](C1)N2CC[C@H](NC(=O)C1CCC(F)(F)CC1)c1ccccc1,CCO,298.2,-1.7600674466479695,0.012,2,0.0103738607686077
Cc1nnc(C(C)C)n1C1C[C@H]2CC[C@@H](C1)N2CC[C@H](NC(=O)C1CCC(F)(F)CC1)c1ccccc1,CCO,303.15,-1.625863416964382,0.012,2,0.0103738607686077
Cc1nnc(C(C)C)n1C1C[C@H]2CC[C@@H](C1)N2CC[C@H](NC(=O)C1CCC(F)(F)CC1)c1ccccc1,CCO,303.2,-1.6245190226591468,0.012,2,0.0103738607686077
Cc1nnc(C(C)C)n1C1C[C@H]2CC[C@@H](C1)N2CC[C@H](NC(=O)C1CCC(F)(F)CC1)c1ccccc1,CCO,308.15,-1.4925089918052095,0.012,2,0.0103738607686077
Cc1nnc(C(C)C)n1C1C[C@H]2CC[C@@H](C1)N2CC[C@H](NC(=O)C1CCC(F)(F)CC1)c1ccccc1,CCO,308.2,-1.491186396822581,0.012,2,0.0103738607686077
Cc1nnc(C(C)C)n1C1C[C@H]2CC[C@@H](C1)N2CC[C@H](NC(=O)C1CCC(F)(F)CC1)c1ccccc1,CCO,313.15,-1.3612997812131056,0.012,2,0.0103738607686077
Cc1nnc(C(C)C)n1C1C[C@H]2CC[C@@H](C1)N2CC[C@H](NC(=O)C1CCC(F)(F)CC1)c1ccccc1,CCO,313.2,-1.3599982898825758,0.012,2,0.0103738607686077
Cc1nnc(C(C)C)n1C1C[C@H]2CC[C@@H](C1)N2CC[C@H](NC(=O)C1CCC(F)(F)CC1)c1ccccc1,CCO,318.15,-1.2321678582159166,0.012,2,0.0103738607686077
Cc1nnc(C(C)C)n1C1C[C@H]2CC[C@@H](C1)N2CC[C@H](NC(=O)C1CCC(F)(F)CC1)c1ccccc1,CCO,318.2,-1.230886807644815,0.012,2,0.0103738607686077
Cc1nnc(C(C)C)n1C1C[C@H]2CC[C@@H](C1)N2CC[C@H](NC(=O)C1CCC(F)(F)CC1)c1ccccc1,CCO,323.15,-1.1050484719234674,0.012,2,0.0103738607686077
Cc1nnc(C(C)C)n1C1C[C@H]2CC[C@@H](C1)N2CC[C@H](NC(=O)C1CCC(F)(F)CC1)c1ccccc1,CCO,323.2,-1.1091872122141595,,1,0.0103738607686077
Cc1nnc(C(C)C)n1C1C[C@H]2CC[C@@H](C1)N2CC[C@H](NC(=O)C1CCC(F)(F)CC1)c1ccccc1,CN(C)C=O,278.15,-3.3429226011816855,,1,0.0221881839608921
Cc1nnc(C(C)C)n1C1C[C@H]2CC[C@@H](C1)N2CC[C@H](NC(=O)C1CCC(F)(F)CC1)c1ccccc1,CN(C)C=O,278.2,-3.3337202982359546,0.012,2,0.0221881839608921
Cc1nnc(C(C)C)n1C1C[C@H]2CC[C@@H](C1)N2CC[C@H](NC(=O)C1CCC(F)(F)CC1)c1ccccc1,CN(C)C=O,283.15,-3.1592515855287733,0.012,2,0.0221881839608921
Cc1nnc(C(C)C)n1C1C[C@H]2CC[C@@H](C1)N2CC[C@H](NC(=O)C1CCC(F)(F)CC1)c1ccccc1,CN(C)C=O,283.2,-3.1575112782114236,0.012,2,0.0221881839608921
Cc1nnc(C(C)C)n1C1C[C@H]2CC[C@@H](C1)N2CC[C@H](NC(=O)C1CCC(F)(F)CC1)c1ccccc1,CN(C)C=O,288.15,-2.9873342477585276,0.012,2,0.0221881839608921
Cc1nnc(C(C)C)n1C1C[C@H]2CC[C@@H](C1)N2CC[C@H](NC(=O)C1CCC(F)(F)CC1)c1ccccc1,CN(C)C=O,288.2,-2.9856363131979116,0.012,2,0.0221881839608921
Cc1nnc(C(C)C)n1C1C[C@H]2CC[C@@H](C1)N2CC[C@H](NC(=O)C1CCC(F)(F)CC1)c1ccccc1,CN(C)C=O,293.15,-2.8195614489229657,0.015087551659283724,2,0.0221881839608921
Cc1nnc(C(C)C)n1C1C[C@H]2CC[C@@H](C1)N2CC[C@H](NC(=O)C1CCC(F)(F)CC1)c1ccccc1,CN(C)C=O,293.2,-2.817904033532965,0.015140350637928318,2,0.0221881839608921
Cc1nnc(C(C)C)n1C1C[C@H]2CC[C@@H](C1)N2CC[C@H](NC(=O)C1CCC(F)(F)CC1)c1ccccc1,CN(C)C=O,298.15,-2.6557535226822986,0.01939210549834964,2,0.0221881839608921
Cc1nnc(C(C)C)n1C1C[C@H]2CC[C@@H](C1)N2CC[C@H](NC(=O)C1CCC(F)(F)CC1)c1ccccc1,CN(C)C=O,298.2,-2.6541348863178964,0.019425418295263383,2,0.0221881839608921
Cc1nnc(C(C)C)n1C1C[C@H]2CC[C@@H](C1)N2CC[C@H](NC(=O)C1CCC(F)(F)CC1)c1ccccc1,CN(C)C=O,303.15,-2.495741704300454,0.02181050536809095,2,0.0221881839608921
Cc1nnc(C(C)C)n1C1C[C@H]2CC[C@@H](C1)N2CC[C@H](NC(=O)C1CCC(F)(F)CC1)c1ccccc1,CN(C)C=O,303.2,-2.494160211463973,0.02182557813576751,2,0.0221881839608921
Cc1nnc(C(C)C)n1C1C[C@H]2CC[C@@H](C1)N2CC[C@H](NC(=O)C1CCC(F)(F)CC1)c1ccccc1,CN(C)C=O,308.15,-2.3393672925401083,0.022462867789685224,2,0.0221881839608921
Cc1nnc(C(C)C)n1C1C[C@H]2CC[C@@H](C1)N2CC[C@H](NC(=O)C1CCC(F)(F)CC1)c1ccccc1,CN(C)C=O,308.2,-2.3378214044053514,0.022460857131915368,2,0.0221881839608921
Cc1nnc(C(C)C)n1C1C[C@H]2CC[C@@H](C1)N2CC[C@H](NC(=O)C1CCC(F)(F)CC1)c1ccccc1,CN(C)C=O,313.15,-2.186480888888826,0.02146073384380929,2,0.0221881839608921
Cc1nnc(C(C)C)n1C1C[C@H]2CC[C@@H](C1)N2CC[C@H](NC(=O)C1CCC(F)(F)CC1)c1ccccc1,CN(C)C=O,313.2,-2.1849691560549993,0.021442714350234277,2,0.0221881839608921
Cc1nnc(C(C)C)n1C1C[C@H]2CC[C@@H](C1)N2CC[C@H](NC(=O)C1CCC(F)(F)CC1)c1ccccc1,CN(C)C=O,318.15,-2.0369417058417705,0.018907785648666787,2,0.0221881839608921
Cc1nnc(C(C)C)n1C1C[C@H]2CC[C@@H](C1)N2CC[C@H](NC(=O)C1CCC(F)(F)CC1)c1ccccc1,CN(C)C=O,318.2,-2.0354627617396526,0.018874756696851645,2,0.0221881839608921
Cc1nnc(C(C)C)n1C1C[C@H]2CC[C@@H](C1)N2CC[C@H](NC(=O)C1CCC(F)(F)CC1)c1ccccc1,CN(C)C=O,323.15,-1.8906169369688532,0.014900493684158907,2,0.0221881839608921
Cc1nnc(C(C)C)n1C1C[C@H]2CC[C@@H](C1)N2CC[C@H](NC(=O)C1CCC(F)(F)CC1)c1ccccc1,CN(C)C=O,323.2,-1.8996724215254943,,1,0.0221881839608921
Cc1nnc(C(C)C)n1C1C[C@H]2CC[C@@H](C1)N2CC[C@H](NC(=O)C1CCC(F)(F)CC1)c1ccccc1,CS(C)=O,278.2,-3.6840794259406877,,1,0.0216513415468995
Cc1nnc(C(C)C)n1C1C[C@H]2CC[C@@H](C1)N2CC[C@H](NC(=O)C1CCC(F)(F)CC1)c1ccccc1,CS(C)=O,283.2,-3.48170046053324,,1,0.0216513415468995
Cc1nnc(C(C)C)n1C1C[C@H]2CC[C@@H](C1)N2CC[C@H](NC(=O)C1CCC(F)(F)CC1)c1ccccc1,CS(C)=O,288.2,-3.2884492855943392,,1,0.0216513415468995
Cc1nnc(C(C)C)n1C1C[C@H]2CC[C@@H](C1)N2CC[C@H](NC(=O)C1CCC(F)(F)CC1)c1ccccc1,CS(C)=O,293.15,-3.09250926758029,0.018552900094833052,2,0.0216513415468995
Cc1nnc(C(C)C)n1C1C[C@H]2CC[C@@H](C1)N2CC[C@H](NC(=O)C1CCC(F)(F)CC1)c1ccccc1,CS(C)=O,293.2,-3.0907184604359923,0.018532639714004828,2,0.0216513415468995
Cc1nnc(C(C)C)n1C1C[C@H]2CC[C@@H](C1)N2CC[C@H](NC(=O)C1CCC(F)(F)CC1)c1ccccc1,CS(C)=O,298.15,-2.917217486472939,0.016775378898481005,2,0.0216513415468995
Cc1nnc(C(C)C)n1C1C[C@H]2CC[C@@H](C1)N2CC[C@H](NC(=O)C1CCC(F)(F)CC1)c1ccccc1,CS(C)=O,298.2,-2.9155025285289593,0.016760084229331403,2,0.0216513415468995
Cc1nnc(C(C)C)n1C1C[C@H]2CC[C@@H](C1)N2CC[C@H](NC(=O)C1CCC(F)(F)CC1)c1ccccc1,CS(C)=O,303.15,-2.7493109022210707,0.015478697346093336,2,0.0216513415468995
Cc1nnc(C(C)C)n1C1C[C@H]2CC[C@@H](C1)N2CC[C@H](NC(=O)C1CCC(F)(F)CC1)c1ccccc1,CS(C)=O,303.2,-2.747667805243827,0.015468054530578996,2,0.0216513415468995
Cc1nnc(C(C)C)n1C1C[C@H]2CC[C@@H](C1)N2CC[C@H](NC(=O)C1CCC(F)(F)CC1)c1ccccc1,CS(C)=O,308.15,-2.588404011185876,0.014632598060580248,2,0.0216513415468995
Cc1nnc(C(C)C)n1C1C[C@H]2CC[C@@H](C1)N2CC[C@H](NC(=O)C1CCC(F)(F)CC1)c1ccccc1,CS(C)=O,308.2,-2.586829052238542,0.014626315703098898,2,0.0216513415468995
Cc1nnc(C(C)C)n1C1C[C@H]2CC[C@@H](C1)N2CC[C@H](NC(=O)C1CCC(F)(F)CC1)c1ccccc1,CS(C)=O,313.15,-2.434136761454507,0.014208974932073577,2,0.0216513415468995
Cc1nnc(C(C)C)n1C1C[C@H]2CC[C@@H](C1)N2CC[C@H](NC(=O)C1CCC(F)(F)CC1)c1ccccc1,CS(C)=O,313.2,-2.4326264614818225,0.014206782213393615,2,0.0216513415468995
Cc1nnc(C(C)C)n1C1C[C@H]2CC[C@@H](C1)N2CC[C@H](NC(=O)C1CCC(F)(F)CC1)c1ccccc1,CS(C)=O,318.15,-2.286172513689058,0.014181693754450615,2,0.0216513415468995
Cc1nnc(C(C)C)n1C1C[C@H]2CC[C@@H](C1)N2CC[C@H](NC(=O)C1CCC(F)(F)CC1)c1ccccc1,CS(C)=O,318.2,-2.2847236181306894,0.014183338728773746,2,0.0216513415468995
Cc1nnc(C(C)C)n1C1C[C@H]2CC[C@@H](C1)N2CC[C@H](NC(=O)C1CCC(F)(F)CC1)c1ccccc1,CS(C)=O,323.15,-2.144196193707428,0.014526430152153177,2,0.0216513415468995
Cc1nnc(C(C)C)n1C1C[C@H]2CC[C@@H](C1)N2CC[C@H](NC(=O)C1CCC(F)(F)CC1)c1ccccc1,CS(C)=O,323.2,-2.1530811031222328,,1,0.0216513415468995
Cc1nnc(C(C)C)n1C1C[C@H]2CC[C@@H](C1)N2CC[C@H](NC(=O)C1CCC(F)(F)CC1)c1ccccc1,O,278.15,-3.5041033465562563,,1,0.0159334407911889
Cc1nnc(C(C)C)n1C1C[C@H]2CC[C@@H](C1)N2CC[C@H](NC(=O)C1CCC(F)(F)CC1)c1ccccc1,O,278.2,-3.4876882406238536,0.020900797714898948,2,0.0159334407911889
Cc1nnc(C(C)C)n1C1C[C@H]2CC[C@@H](C1)N2CC[C@H](NC(=O)C1CCC(F)(F)CC1)c1ccccc1,O,283.15,-3.329981452309834,0.016494834637544368,2,0.0159334407911889
Cc1nnc(C(C)C)n1C1C[C@H]2CC[C@@H](C1)N2CC[C@H](NC(=O)C1CCC(F)(F)CC1)c1ccccc1,O,283.2,-3.3284005022325083,0.016449471264713477,2,0.0159334407911889
Cc1nnc(C(C)C)n1C1C[C@H]2CC[C@@H](C1)N2CC[C@H](NC(=O)C1CCC(F)(F)CC1)c1ccccc1,O,288.15,-3.173056205305972,0.012,2,0.0159334407911889
Cc1nnc(C(C)C)n1C1C[C@H]2CC[C@@H](C1)N2CC[C@H](NC(=O)C1CCC(F)(F)CC1)c1ccccc1,O,288.2,-3.1714987714545764,0.012,2,0.0159334407911889
Cc1nnc(C(C)C)n1C1C[C@H]2CC[C@@H](C1)N2CC[C@H](NC(=O)C1CCC(F)(F)CC1)c1ccccc1,O,293.15,-3.0184491387428167,0.012,2,0.0159334407911889
Cc1nnc(C(C)C)n1C1C[C@H]2CC[C@@H](C1)N2CC[C@H](NC(=O)C1CCC(F)(F)CC1)c1ccccc1,O,293.2,-3.0169145502270958,0.012,2,0.0159334407911889
Cc1nnc(C(C)C)n1C1C[C@H]2CC[C@@H](C1)N2CC[C@H](NC(=O)C1CCC(F)(F)CC1)c1ccccc1,O,298.15,-2.8660945247172407,0.012,2,0.0159334407911889
Cc1nnc(C(C)C)n1C1C[C@H]2CC[C@@H](C1)N2CC[C@H](NC(=O)C1CCC(F)(F)CC1)c1ccccc1,O,298.2,-2.864582137905739,0.012,2,0.0159334407911889
Cc1nnc(C(C)C)n1C1C[C@H]2CC[C@@H](C1)N2CC[C@H](NC(=O)C1CCC(F)(F)CC1)c1ccccc1,O,303.15,-2.7159292923671536,0.012,2,0.0159334407911889
Cc1nnc(C(C)C)n1C1C[C@H]2CC[C@@H](C1)N2CC[C@H](NC(=O)C1CCC(F)(F)CC1)c1ccccc1,O,303.2,-2.7144384895100835,0.012,2,0.0159334407911889
Cc1nnc(C(C)C)n1C1C[C@H]2CC[C@@H](C1)N2CC[C@H](NC(=O)C1CCC(F)(F)CC1)c1ccccc1,O,308.15,-2.5678928940663788,0.012,2,0.0159334407911889
Cc1nnc(C(C)C)n1C1C[C@H]2CC[C@@H](C1)N2CC[C@H](NC(=O)C1CCC(F)(F)CC1)c1ccccc1,O,308.2,-2.5664230819966285,0.012,2,0.0159334407911889
Cc1nnc(C(C)C)n1C1C[C@H]2CC[C@@H](C1)N2CC[C@H](NC(=O)C1CCC(F)(F)CC1)c1ccccc1,O,313.15,-2.421927179215359,0.013255358995611349,2,0.0159334407911889
Cc1nnc(C(C)C)n1C1C[C@H]2CC[C@@H](C1)N2CC[C@H](NC(=O)C1CCC(F)(F)CC1)c1ccccc1,O,313.2,-2.4204777881233603,0.013308488048380645,2,0.0159334407911889
Cc1nnc(C(C)C)n1C1C[C@H]2CC[C@@H](C1)N2CC[C@H](NC(=O)C1CCC(F)(F)CC1)c1ccccc1,O,318.15,-2.27797627520253,0.018615182048115225,2,0.0159334407911889
Cc1nnc(C(C)C)n1C1C[C@H]2CC[C@@H](C1)N2CC[C@H](NC(=O)C1CCC(F)(F)CC1)c1ccccc1,O,318.2,-2.276546757480652,0.01866924445334477,2,0.0159334407911889
Cc1nnc(C(C)C)n1C1C[C@H]2CC[C@@H](C1)N2CC[C@H](NC(=O)C1CCC(F)(F)CC1)c1ccccc1,O,323.15,-2.1359864751256445,0.024064190247704387,2,0.0159334407911889
Cc1nnc(C(C)C)n1C1C[C@H]2CC[C@@H](C1)N2CC[C@H](NC(=O)C1CCC(F)(F)CC1)c1ccccc1,O,323.2,-2.151631085746729,,1,0.0159334407911889
Clc1ccccc1C(c1ccccc1)(c1ccccc1)n1ccnc1,CC(C)O,278.15,-0.981145978771603,,1,0.1182862144093413
Clc1ccccc1C(c1ccccc1)(c1ccccc1)n1ccnc1,CC(C)O,283.1,-1.0081816701511515,0.1550562879977777,2,0.1182862144093413
Clc1ccccc1C(c1ccccc1)(c1ccccc1)n1ccnc1,CC(C)O,283.15,-1.0072913020149081,0.1549554216688598,2,0.1182862144093413
Clc1ccccc1C(c1ccccc1)(c1ccccc1)n1ccnc1,CC(C)O,288.15,-0.9185223427115765,0.1431313841372326,2,0.1182862144093413
Clc1ccccc1C(c1ccccc1)(c1ccccc1)n1ccnc1,CC(C)O,293.13,-0.8306465836287111,0.12809472169146335,2,0.1182862144093413
Clc1ccccc1C(c1ccccc1)(c1ccccc1)n1ccnc1,CC(C)O,293.15,-0.8302947717787579,0.12802808256725923,2,0.1182862144093413
Clc1ccccc1C(c1ccccc1)(c1ccccc1)n1ccnc1,CC(C)O,298.15,-0.7426230583910391,0.10987226122691318,2,0.1182862144093413
Clc1ccccc1C(c1ccccc1)(c1ccccc1)n1ccnc1,CC(C)O,298.16,-0.7424482804123826,0.10983303389316965,2,0.1182862144093413
Clc1ccccc1C(c1ccccc1)(c1ccccc1)n1ccnc1,CC(C)O,303.12,-0.6560402487925432,0.08900774389971948,2,0.1182862144093413
Clc1ccccc1C(c1ccccc1)(c1ccccc1)n1ccnc1,CC(C)O,303.15,-0.6555193411647897,0.08887366748305833,2,0.1182862144093413
Clc1ccccc1C(c1ccccc1)(c1ccccc1)n1ccnc1,CC(C)O,308.15,-0.5689936842260952,0.0652265299566503,2,0.1182862144093413
Clc1ccccc1C(c1ccccc1)(c1ccccc1)n1ccnc1,CC(C)O,313.15,-0.48305430446765607,0.039110888731986496,2,0.1182862144093413
Clc1ccccc1C(c1ccccc1)(c1ccccc1)n1ccnc1,CC(C)O,313.19,-0.48236917206038177,0.03889246966670416,2,0.1182862144093413
Clc1ccccc1C(c1ccccc1)(c1ccccc1)n1ccnc1,CC(C)O,318.15,-0.3977077735006975,0.012,2,0.1182862144093413
Clc1ccccc1C(c1ccccc1)(c1ccccc1)n1ccnc1,CC(C)O,318.16,-0.3975376781153501,0.012,2,0.1182862144093413
Clc1ccccc1C(c1ccccc1)(c1ccccc1)n1ccnc1,CC(C)O,323.15,-0.3129591973423296,0.01986960945549746,2,0.1182862144093413
Clc1ccccc1C(c1ccccc1)(c1ccccc1)n1ccnc1,CCCO,278.15,-0.7644336798084641,,1,0.0528204736972166
Clc1ccccc1C(c1ccccc1)(c1ccccc1)n1ccnc1,CCCO,283.15,-0.6969091690317932,0.01840733618619603,2,0.0528204736972166
Clc1ccccc1C(c1ccccc1)(c1ccccc1)n1ccnc1,CCCO,288.12,-0.6148191566643701,0.01203911462468885,2,0.0528204736972166
Clc1ccccc1C(c1ccccc1)(c1ccccc1)n1ccnc1,CCCO,288.15,-0.6143243741508693,0.012,2,0.0528204736972166
Clc1ccccc1C(c1ccccc1)(c1ccccc1)n1ccnc1,CCCO,293.14,-0.5321582475429052,0.012,2,0.0528204736972166
Clc1ccccc1C(c1ccccc1)(c1ccccc1)n1ccnc1,CCCO,293.15,-0.5319938609485897,0.012,2,0.0528204736972166
Clc1ccccc1C(c1ccccc1)(c1ccccc1)n1ccnc1,CCCO,298.15,-0.4499478201924325,0.012,2,0.0528204736972166
Clc1ccccc1C(c1ccccc1)(c1ccccc1)n1ccnc1,CCCO,298.18,-0.4494564581322953,0.012,2,0.0528204736972166
Clc1ccccc1C(c1ccccc1)(c1ccccc1)n1ccnc1,CCCO,303.15,-0.36821303273972106,0.024406208053094892,2,0.0528204736972166
Clc1ccccc1C(c1ccccc1)(c1ccccc1)n1ccnc1,CCCO,303.16,-0.3680498913783632,0.024438280800270294,2,0.0528204736972166
Clc1ccccc1C(c1ccccc1)(c1ccccc1)n1ccnc1,CCCO,308.15,-0.28681321522417136,0.04162374783693157,2,0.0528204736972166
Clc1ccccc1C(c1ccccc1)(c1ccccc1)n1ccnc1,CCCO,313.11,-0.20641621674350796,0.06093782275061884,2,0.0528204736972166
Clc1ccccc1C(c1ccccc1)(c1ccccc1)n1ccnc1,CCCO,313.15,-0.20576932821479588,0.06110221727238173,2,0.0528204736972166
Clc1ccccc1C(c1ccccc1)(c1ccccc1)n1ccnc1,CCCO,318.15,-0.12509985132240198,0.08269084192770723,2,0.0528204736972166
Clc1ccccc1C(c1ccccc1)(c1ccccc1)n1ccnc1,CCCO,318.17,-0.12477794772063344,0.08278124233695743,2,0.0528204736972166
Clc1ccccc1C(c1ccccc1)(c1ccccc1)n1ccnc1,CCCO,323.15,-0.044821029142568136,0.10624954616419086,2,0.0528204736972166
Clc1ccccc1C(c1ccccc1)(c1ccccc1)n1ccnc1,CCCO,323.18,0.030893175905930548,,1,0.0528204736972166
Clc1ccccc1C(c1ccccc1)(c1ccccc1)n1ccnc1,O,278.15,-6.285425456206175,,1,0.0463787980427969
Clc1ccccc1C(c1ccccc1)(c1ccccc1)n1ccnc1,O,283.15,-6.173203686222518,,1,0.0463787980427969
Clc1ccccc1C(c1ccccc1)(c1ccccc1)n1ccnc1,O,288.15,-6.065154905577923,,1,0.0463787980427969
Clc1ccccc1C(c1ccccc1)(c1ccccc1)n1ccnc1,O,293.15,-5.961060839929318,,1,0.0463787980427969
Clc1ccccc1C(c1ccccc1)(c1ccccc1)n1ccnc1,O,293.2,-5.915881526757313,0.06244833849071501,2,0.0463787980427969
Clc1ccccc1C(c1ccccc1)(c1ccccc1)n1ccnc1,O,298.15,-5.827512858454911,0.046959184377458156,2,0.0463787980427969
Clc1ccccc1C(c1ccccc1)(c1ccccc1)n1ccnc1,O,298.2,-5.826666641945845,0.04676272002838061,2,0.0463787980427969
Clc1ccccc1C(c1ccccc1)(c1ccccc1)n1ccnc1,O,303.15,-5.747299824085543,0.023527860668894524,2,0.0463787980427969
Clc1ccccc1C(c1ccccc1)(c1ccccc1)n1ccnc1,O,303.2,-5.746541758166549,0.02325580218336918,2,0.0463787980427969
Clc1ccccc1C(c1ccccc1)(c1ccccc1)n1ccnc1,O,308.15,-5.67563986969718,0.012,2,0.0463787980427969
Clc1ccccc1C(c1ccccc1)(c1ccccc1)n1ccnc1,O,308.2,-5.674964725472405,0.012,2,0.0463787980427969
Clc1ccccc1C(c1ccccc1)(c1ccccc1)n1ccnc1,O,313.15,-5.6120282883616195,0.044786695390529783,2,0.0463787980427969
Clc1ccccc1C(c1ccccc1)(c1ccccc1)n1ccnc1,O,313.2,-5.61143119901252,0.04519539011285784,2,0.0463787980427969
Clc1ccccc1C(c1ccccc1)(c1ccccc1)n1ccnc1,O,318.15,-5.493242181866502,,1,0.0463787980427969
Clc1ccccc1C(c1ccccc1)(c1ccccc1)n1ccnc1,O,323.15,-5.409041881403161,,1,0.0463787980427969
Cn1c(=O)c2[nH]cnc2n(C)c1=O,CCO,288.01,-1.8670604270403928,,1,0.1313765618886001
Cn1c(=O)c2[nH]cnc2n(C)c1=O,CCO,297.95,-1.689987290514999,,1,0.1313765618886001
Cn1c(=O)c2[nH]cnc2n(C)c1=O,CCO,308.01,-1.5314352268462699,,1,0.1313765618886001
Cn1c(=O)c2[nH]cnc2n(C)c1=O,CCO,309.4,-1.67386958049185,0.23028648886347952,2,0.1313765618886001
Cn1c(=O)c2[nH]cnc2n(C)c1=O,CCO,313.0,-1.5736105291718907,0.16095997903276105,2,0.1313765618886001
Cn1c(=O)c2[nH]cnc2n(C)c1=O,CCO,318.11,-1.4413235383675556,0.07131911903406495,2,0.1313765618886001
Cn1c(=O)c2[nH]cnc2n(C)c1=O,CCO,318.6,-1.4292350445322732,0.06324452378739058,2,0.1313765618886001
Cn1c(=O)c2[nH]cnc2n(C)c1=O,CCO,321.3,-1.3644390290927113,0.020335277428804047,2,0.1313765618886001
Cn1c(=O)c2[nH]cnc2n(C)c1=O,CCO,325.2,-1.276122935567681,0.03704057115010906,2,0.1313765618886001
Cn1c(=O)c2[nH]cnc2n(C)c1=O,CCO,328.09,-1.2145610393706399,0.07617366434332769,2,0.1313765618886001
Cn1c(=O)c2[nH]cnc2n(C)c1=O,CCO,332.8,-1.0262313409572243,,1,0.1313765618886001
Cn1c(=O)c2[nH]cnc2n(C)c1=O,CCO,340.1,-0.843221651143665,,1,0.1313765618886001
Cn1c(=O)c2[nH]cnc2n(C)c1=O,CCO,345.3,-0.7305284109548893,,1,0.1313765618886001
Cn1c(=O)c2c(ncn2C)n(C)c1=O,CCCO,288.24,-1.8051944269152358,,1,0.055328686700689
Cn1c(=O)c2c(ncn2C)n(C)c1=O,CCCO,293.2,-1.7086884788506325,0.012,2,0.055328686700689
Cn1c(=O)c2c(ncn2C)n(C)c1=O,CCCO,298.17,-1.6268051160798507,0.012,2,0.055328686700689
Cn1c(=O)c2c(ncn2C)n(C)c1=O,CCCO,298.2,-1.6263243960771803,0.012,2,0.055328686700689
Cn1c(=O)c2c(ncn2C)n(C)c1=O,CCCO,303.2,-1.5483910234735276,0.031176244884912968,2,0.055328686700689
Cn1c(=O)c2c(ncn2C)n(C)c1=O,CCCO,308.17,-1.475075355093054,0.06370678224579629,2,0.055328686700689
Cn1c(=O)c2c(ncn2C)n(C)c1=O,CCCO,308.2,-1.4746449070502763,0.0639271737875624,2,0.055328686700689
Cn1c(=O)c2c(ncn2C)n(C)c1=O,CCCO,313.2,-1.4048590271851538,0.10451120448190625,2,0.055328686700689
Cn1c(=O)c2c(ncn2C)n(C)c1=O,CCCO,318.2,-1.2310445642985997,,1,0.055328686700689
Cn1c(=O)c2c(ncn2C)n(C)c1=O,CCCO,328.12,-1.029106377747354,,1,0.055328686700689
Cn1c(=O)c2c(ncn2C)n(C)c1=O,CCO,288.01,-1.8700992236787926,,1,0.090326493305969
Cn1c(=O)c2c(ncn2C)n(C)c1=O,CCO,293.2,-1.7901571603367306,0.037251521093325884,3,0.090326493305969
Cn1c(=O)c2c(ncn2C)n(C)c1=O,CCO,298.11,-1.7008041859864953,0.04273888288558985,3,0.090326493305969
Cn1c(=O)c2c(ncn2C)n(C)c1=O,CCO,298.2,-1.6992661326305054,0.04307165879319418,3,0.090326493305969
Cn1c(=O)c2c(ncn2C)n(C)c1=O,CCO,303.2,-1.6192310652731503,0.06572997660108112,3,0.090326493305969
Cn1c(=O)c2c(ncn2C)n(C)c1=O,CCO,308.09,-1.550827145889509,0.0905019952605041,3,0.090326493305969
Cn1c(=O)c2c(ncn2C)n(C)c1=O,CCO,308.2,-1.5493961043607196,0.09107166716121302,3,0.090326493305969
Cn1c(=O)c2c(ncn2C)n(C)c1=O,CCO,313.2,-1.4891513481762158,0.11780891039837467,3,0.090326493305969
Cn1c(=O)c2c(ncn2C)n(C)c1=O,CCO,318.11,-1.2744649803172408,,1,0.090326493305969
Cn1c(=O)c2c(ncn2C)n(C)c1=O,CCO,328.15,-1.1086893022342608,,1,0.090326493305969
Cn1c(=O)c2c(ncn2CC2OCCO2)n(C)c1=O,CC#N,273.15,-0.9254235743156158,,1,0.0380480176573702
Cn1c(=O)c2c(ncn2CC2OCCO2)n(C)c1=O,CC#N,278.15,-0.7637155094927657,0.07909397507284513,2,0.0380480176573702
Cn1c(=O)c2c(ncn2CC2OCCO2)n(C)c1=O,CC#N,283.15,-0.6797455433378659,0.05876078909500064,2,0.0380480176573702
Cn1c(=O)c2c(ncn2CC2OCCO2)n(C)c1=O,CC#N,283.18,-0.6921373643320171,0.04709773203364807,3,0.0380480176573702
Cn1c(=O)c2c(ncn2CC2OCCO2)n(C)c1=O,CC#N,288.15,-0.6080225046177526,0.034162440603495194,3,0.0380480176573702
Cn1c(=O)c2c(ncn2CC2OCCO2)n(C)c1=O,CC#N,288.25,-0.6063598224459538,0.03392935719680992,3,0.0380480176573702
Cn1c(=O)c2c(ncn2CC2OCCO2)n(C)c1=O,CC#N,293.15,-0.5262780463222706,0.02403245086538485,3,0.0380480176573702
Cn1c(=O)c2c(ncn2CC2OCCO2)n(C)c1=O,CC#N,293.24,-0.524832187533009,0.023883101123399787,3,0.0380480176573702
Cn1c(=O)c2c(ncn2CC2OCCO2)n(C)c1=O,CC#N,298.15,-0.44727543818279375,0.018369792582823518,3,0.0380480176573702
Cn1c(=O)c2c(ncn2CC2OCCO2)n(C)c1=O,CC#N,298.21,-0.44634349375923915,0.01834142449281397,3,0.0380480176573702
Cn1c(=O)c2c(ncn2CC2OCCO2)n(C)c1=O,CC#N,303.12,-0.37132987266316775,0.01976205864318738,3,0.0380480176573702
Cn1c(=O)c2c(ncn2CC2OCCO2)n(C)c1=O,CC#N,303.15,-0.37087901010084084,0.019791786948673663,3,0.0380480176573702
Cn1c(=O)c2c(ncn2CC2OCCO2)n(C)c1=O,CC#N,308.04,-0.298562257871905,0.026963985266872128,3,0.0380480176573702
Cn1c(=O)c2c(ncn2CC2OCCO2)n(C)c1=O,CC#N,308.15,-0.2969618975045461,0.027166777891333132,3,0.0380480176573702
Cn1c(=O)c2c(ncn2CC2OCCO2)n(C)c1=O,CC#N,313.15,-0.22540533836539348,0.037633443229361914,3,0.0380480176573702
Cn1c(=O)c2c(ncn2CC2OCCO2)n(C)c1=O,CC#N,313.16,-0.20586315017293266,0.02403208108369773,2,0.0380480176573702
Cn1c(=O)c2c(ncn2CC2OCCO2)n(C)c1=O,CC#N,318.07,-0.13189648604507376,0.033449888476751705,2,0.0380480176573702
Cn1c(=O)c2c(ncn2CC2OCCO2)n(C)c1=O,CC#N,318.15,-0.13069868692801911,0.03359566356253489,2,0.0380480176573702
Cn1c(=O)c2c(ncn2CC2OCCO2)n(C)c1=O,CC#N,323.13,-0.056593422445962105,0.04220423154323848,2,0.0380480176573702
Cn1c(=O)c2c(ncn2CC2OCCO2)n(C)c1=O,CC#N,323.15,-0.08616367639938005,,1,0.0380480176573702
Cn1c(=O)c2c(ncn2CC2OCCO2)n(C)c1=O,CC(C)=O,278.15,-1.0567613151196307,0.05186519463156833,2,0.0379646209177773
Cn1c(=O)c2c(ncn2CC2OCCO2)n(C)c1=O,CC(C)=O,283.15,-0.9893145862872413,0.03940387169839137,3,0.0379646209177773
Cn1c(=O)c2c(ncn2CC2OCCO2)n(C)c1=O,CC(C)=O,288.15,-0.9158962464815955,0.03951742566591389,3,0.0379646209177773
Cn1c(=O)c2c(ncn2CC2OCCO2)n(C)c1=O,CC(C)=O,288.16,-0.9157507660979386,0.03951667759896465,3,0.0379646209177773
Cn1c(=O)c2c(ncn2CC2OCCO2)n(C)c1=O,CC(C)=O,293.14,-0.8439580519298454,0.03852333321080819,3,0.0379646209177773
Cn1c(=O)c2c(ncn2CC2OCCO2)n(C)c1=O,CC(C)=O,293.15,-0.8438151922970549,0.03852000957516347,3,0.0379646209177773
Cn1c(=O)c2c(ncn2CC2OCCO2)n(C)c1=O,CC(C)=O,298.15,-0.7730237201437843,0.03614960998385991,3,0.0379646209177773
Cn1c(=O)c2c(ncn2CC2OCCO2)n(C)c1=O,CC(C)=O,298.2,-0.7723221628640626,0.036118733707466495,3,0.0379646209177773
Cn1c(=O)c2c(ncn2CC2OCCO2)n(C)c1=O,CC(C)=O,303.15,-0.7034766277942777,0.032385515949957845,3,0.0379646209177773
Cn1c(=O)c2c(ncn2CC2OCCO2)n(C)c1=O,CC(C)=O,303.2,-0.7027872940605578,0.03234128789655681,3,0.0379646209177773
Cn1c(=O)c2c(ncn2CC2OCCO2)n(C)c1=O,CC(C)=O,308.15,-0.6351310428929345,0.027426866994092157,3,0.0379646209177773
Cn1c(=O)c2c(ncn2CC2OCCO2)n(C)c1=O,CC(C)=O,308.23,-0.6340470542859924,0.0273402017406943,3,0.0379646209177773
Cn1c(=O)c2c(ncn2CC2OCCO2)n(C)c1=O,CC(C)=O,313.15,-0.5679462658858303,0.02186921811959975,3,0.0379646209177773
Cn1c(=O)c2c(ncn2CC2OCCO2)n(C)c1=O,CC(C)=O,313.16,-0.5678130332785484,0.021858316959013475,3,0.0379646209177773
Cn1c(=O)c2c(ncn2CC2OCCO2)n(C)c1=O,CC(C)=O,318.15,-0.5018836259422649,0.017395893229268093,3,0.0379646209177773
Cn1c(=O)c2c(ncn2CC2OCCO2)n(C)c1=O,CC(C)=O,318.23,-0.500835541123822,0.01735127182906462,3,0.0379646209177773
Cn1c(=O)c2c(ncn2CC2OCCO2)n(C)c1=O,CC(C)=O,323.15,-0.43690634860176364,0.01765856095853359,3,0.0379646209177773
Cn1c(=O)c2c(ncn2CC2OCCO2)n(C)c1=O,CC(C)=O,323.25,-0.4242996841874742,,1,0.0379646209177773
Cn1c(=O)c2c(ncn2CC2OCCO2)n(C)c1=O,CC(C)O,273.15,-2.0605954704047917,,1,0.1722576656446669
Cn1c(=O)c2c(ncn2CC2OCCO2)n(C)c1=O,CC(C)O,278.15,-2.0076247747965605,0.2605559585670692,3,0.1722576656446669
Cn1c(=O)c2c(ncn2CC2OCCO2)n(C)c1=O,CC(C)O,283.11,-1.96197117356378,0.2481345301115137,4,0.1722576656446669
Cn1c(=O)c2c(ncn2CC2OCCO2)n(C)c1=O,CC(C)O,283.15,-1.9608996886880141,0.2478808323233403,4,0.1722576656446669
Cn1c(=O)c2c(ncn2CC2OCCO2)n(C)c1=O,CC(C)O,288.15,-1.8299262460909531,0.21559169889386778,4,0.1722576656446669
Cn1c(=O)c2c(ncn2CC2OCCO2)n(C)c1=O,CC(C)O,288.2,-1.8286456311554462,0.21526325819259642,4,0.1722576656446669
Cn1c(=O)c2c(ncn2CC2OCCO2)n(C)c1=O,CC(C)O,293.14,-1.7048600133971494,0.1823192957412802,4,0.1722576656446669
Cn1c(=O)c2c(ncn2CC2OCCO2)n(C)c1=O,CC(C)O,293.15,-1.7046148350539998,0.18225166885357402,4,0.1722576656446669
Cn1c(=O)c2c(ncn2CC2OCCO2)n(C)c1=O,CC(C)O,298.15,-1.5846605679874333,0.14802712969207538,4,0.1722576656446669
Cn1c(=O)c2c(ncn2CC2OCCO2)n(C)c1=O,CC(C)O,298.24,-1.5825486925460839,0.1474043191676646,4,0.1722576656446669
Cn1c(=O)c2c(ncn2CC2OCCO2)n(C)c1=O,CC(C)O,303.15,-1.4697793327404707,0.11317425214895228,4,0.1722576656446669
Cn1c(=O)c2c(ncn2CC2OCCO2)n(C)c1=O,CC(C)O,303.17,-1.469329632874695,0.1130341378039856,4,0.1722576656446669
Cn1c(=O)c2c(ncn2CC2OCCO2)n(C)c1=O,CC(C)O,308.05,-1.3618620504969356,0.07895406179937882,4,0.1722576656446669
Cn1c(=O)c2c(ncn2CC2OCCO2)n(C)c1=O,CC(C)O,308.15,-1.3597060749317218,0.07826322866719813,4,0.1722576656446669
Cn1c(=O)c2c(ncn2CC2OCCO2)n(C)c1=O,CC(C)O,313.05,-1.2562603334875426,0.04602572902425305,4,0.1722576656446669
Cn1c(=O)c2c(ncn2CC2OCCO2)n(C)c1=O,CC(C)O,313.15,-1.2541932468889048,0.04543197063865614,4,0.1722576656446669
Cn1c(=O)c2c(ncn2CC2OCCO2)n(C)c1=O,CC(C)O,318.15,-1.1661496974508596,0.013348547479529509,3,0.1722576656446669
Cn1c(=O)c2c(ncn2CC2OCCO2)n(C)c1=O,CC(C)O,323.15,-1.0640609393109344,0.05828680108625694,3,0.1722576656446669
Cn1c(=O)c2c(ncn2CC2OCCO2)n(C)c1=O,CC(C)O,323.17,-1.0178171112005039,,1,0.1722576656446669
Cn1c(=O)c2c(ncn2CC2OCCO2)n(C)c1=O,CO,273.15,-1.4937606827060677,,1,0.0701674391082028
Cn1c(=O)c2c(ncn2CC2OCCO2)n(C)c1=O,CO,278.15,-1.4541131484593028,0.0821561676319343,3,0.0701674391082028
Cn1c(=O)c2c(ncn2CC2OCCO2)n(C)c1=O,CO,283.15,-1.33716384264192,0.07508819915979986,3,0.0701674391082028
Cn1c(=O)c2c(ncn2CC2OCCO2)n(C)c1=O,CO,283.2,-1.3640475689753624,0.08301532762634305,4,0.0701674391082028
Cn1c(=O)c2c(ncn2CC2OCCO2)n(C)c1=O,CO,288.15,-1.2552128207512376,0.0789340432310245,4,0.0701674391082028
Cn1c(=O)c2c(ncn2CC2OCCO2)n(C)c1=O,CO,288.25,-1.253056288683635,0.07881986264859035,4,0.0701674391082028
Cn1c(=O)c2c(ncn2CC2OCCO2)n(C)c1=O,CO,293.15,-1.149359716092469,0.07170138197902644,4,0.0701674391082028
Cn1c(=O)c2c(ncn2CC2OCCO2)n(C)c1=O,CO,298.15,-1.0473965704187713,0.061467426523740244,4,0.0701674391082028
Cn1c(=O)c2c(ncn2CC2OCCO2)n(C)c1=O,CO,298.17,-1.0469962586798838,0.06142079657457363,4,0.0701674391082028
Cn1c(=O)c2c(ncn2CC2OCCO2)n(C)c1=O,CO,303.15,-0.9491253046021646,0.04854635582880096,4,0.0701674391082028
Cn1c(=O)c2c(ncn2CC2OCCO2)n(C)c1=O,CO,303.23,-0.947581944610416,0.04832091202780146,4,0.0701674391082028
Cn1c(=O)c2c(ncn2CC2OCCO2)n(C)c1=O,CO,308.07,-0.855850418357809,0.033999081386290014,4,0.0701674391082028
Cn1c(=O)c2c(ncn2CC2OCCO2)n(C)c1=O,CO,308.15,-0.8543608773604662,0.03375777637560651,4,0.0701674391082028
Cn1c(=O)c2c(ncn2CC2OCCO2)n(C)c1=O,CO,313.15,-0.7629302356834737,0.020622805696152657,4,0.0701674391082028
Cn1c(=O)c2c(ncn2CC2OCCO2)n(C)c1=O,CO,313.25,-0.758593993058854,0.024264689705620766,3,0.0701674391082028
Cn1c(=O)c2c(ncn2CC2OCCO2)n(C)c1=O,CO,318.15,-0.6635114210743313,0.012,3,0.0701674391082028
Cn1c(=O)c2c(ncn2CC2OCCO2)n(C)c1=O,CO,318.24,-0.6617859380552916,0.012,3,0.0701674391082028
Cn1c(=O)c2c(ncn2CC2OCCO2)n(C)c1=O,CO,323.15,-0.5687640046960541,0.012706873264967456,3,0.0701674391082028
Cn1c(=O)c2c(ncn2CC2OCCO2)n(C)c1=O,CO,323.25,-0.5524034064643359,,1,0.0701674391082028
Cn1c(=O)c2c(ncn2CC2OCCO2)n(C)c1=O,O,278.15,-1.3593768564825188,0.03652215528481799,2,0.0269343930380654
Cn1c(=O)c2c(ncn2CC2OCCO2)n(C)c1=O,O,283.15,-1.2563226967640215,0.031454250334776404,2,0.0269343930380654
Cn1c(=O)c2c(ncn2CC2OCCO2)n(C)c1=O,O,283.19,-1.2332617470732739,0.044484799763721515,3,0.0269343930380654
Cn1c(=O)c2c(ncn2CC2OCCO2)n(C)c1=O,O,288.15,-1.145354610264123,0.027771142408261288,3,0.0269343930380654
Cn1c(=O)c2c(ncn2CC2OCCO2)n(C)c1=O,O,293.15,-1.057673488296664,0.017813287029742504,3,0.0269343930380654
Cn1c(=O)c2c(ncn2CC2OCCO2)n(C)c1=O,O,298.1,-0.9717818276051039,0.015817885561800617,3,0.0269343930380654
Cn1c(=O)c2c(ncn2CC2OCCO2)n(C)c1=O,O,298.15,-0.9709188257762266,0.015828156858164553,3,0.0269343930380654
Cn1c(=O)c2c(ncn2CC2OCCO2)n(C)c1=O,O,303.15,-0.8850780083524263,0.017842687732683497,3,0.0269343930380654
Cn1c(=O)c2c(ncn2CC2OCCO2)n(C)c1=O,O,303.2,-0.8842241717157263,0.017864591254259137,3,0.0269343930380654
Cn1c(=O)c2c(ncn2CC2OCCO2)n(C)c1=O,O,308.07,-0.8014901748579302,0.0193196140743814,3,0.0269343930380654
Cn1c(=O)c2c(ncn2CC2OCCO2)n(C)c1=O,O,308.15,-0.8001381619578366,0.01932910104698866,3,0.0269343930380654
Cn1c(=O)c2c(ncn2CC2OCCO2)n(C)c1=O,O,313.13,-0.7164206816858426,0.018852983644273846,3,0.0269343930380654
Cn1c(=O)c2c(ncn2CC2OCCO2)n(C)c1=O,O,313.15,-0.7160862252087424,0.018846908577525023,3,0.0269343930380654
Cn1c(=O)c2c(ncn2CC2OCCO2)n(C)c1=O,O,318.1,-0.6337364974816353,0.01652183503087778,3,0.0269343930380654
Cn1c(=O)c2c(ncn2CC2OCCO2)n(C)c1=O,O,318.15,-0.6329090117303698,0.01649216292324303,3,0.0269343930380654
Cn1c(=O)c2c(ncn2CC2OCCO2)n(C)c1=O,O,323.15,-0.5505932637489135,0.01375362626200051,3,0.0269343930380654
Cn1cnc2c1c(=O)[nH]c(=O)n2C,CCO,288.15,-3.6255442529197097,,1,0.0248918707892241
Cn1cnc2c1c(=O)[nH]c(=O)n2C,CCO,293.15,-3.546295876575215,0.03946871260970238,2,0.0248918707892241
Cn1cnc2c1c(=O)[nH]c(=O)n2C,CCO,298.15,-3.413403628564133,0.012,2,0.0248918707892241
Cn1cnc2c1c(=O)[nH]c(=O)n2C,CCO,298.2,-3.412124976076292,0.012,2,0.0248918707892241
Cn1cnc2c1c(=O)[nH]c(=O)n2C,CCO,303.15,-3.2902735290993235,0.017341228699101447,2,0.0248918707892241
Cn1cnc2c1c(=O)[nH]c(=O)n2C,CCO,308.15,-3.17634310254482,0.025003070253266754,2,0.0248918707892241
Cn1cnc2c1c(=O)[nH]c(=O)n2C,CCO,308.19,-3.1754673141143854,0.025012184326473348,2,0.0248918707892241
Cn1cnc2c1c(=O)[nH]c(=O)n2C,CCO,313.15,-3.0710885844478497,0.01999492747601361,2,0.0248918707892241
Cn1cnc2c1c(=O)[nH]c(=O)n2C,CCO,318.15,-2.9740217481968827,0.012,2,0.0248918707892241
Cn1cnc2c1c(=O)[nH]c(=O)n2C,CCO,318.16,-2.976002282250718,,1,0.0248918707892241
Cn1cnc2c1c(=O)[nH]c(=O)n2C,CCO,328.16,-2.757614145743972,,1,0.0248918707892241
FC(F)(F)c1cccnc1Cl,CCO,263.15,0.23766875217233974,,1,0.0230062561345789
FC(F)(F)c1cccnc1Cl,CCO,268.15,0.3121787015852533,,1,0.0230062561345789
FC(F)(F)c1cccnc1Cl,CCO,273.15,0.4359840708716547,0.012,2,0.0230062561345789
FC(F)(F)c1cccnc1Cl,CCO,278.15,0.5850456774784334,0.012,2,0.0230062561345789
FC(F)(F)c1cccnc1Cl,CCO,283.15,0.7679865846451435,0.012,2,0.0230062561345789
FC(F)(F)c1cccnc1Cl,CCO,288.15,0.9823638683301397,0.015840413387747995,2,0.0230062561345789
FC(F)(F)c1cccnc1Cl,CCO,293.15,1.225924447503985,0.02893828495409089,2,0.0230062561345789
FC(F)(F)c1cccnc1Cl,CCO,298.15,1.4965879995202727,0.04381050102056663,2,0.0230062561345789
FC(F)(F)c1cccnc1Cl,CCO,303.15,1.8350933412004906,,1,0.0230062561345789
N#CN=C(N)N,O,278.15,-0.7797645791073933,,1,0.0226590214719192
N#CN=C(N)N,O,283.15,-0.6158238203846693,0.05068146794534486,2,0.0226590214719192
N#CN=C(N)N,O,288.15,-0.509311748859016,0.029410943242366042,2,0.0226590214719192
N#CN=C(N)N,O,293.15,-0.40583830832059675,0.01258275006117682,2,0.0226590214719192
N#CN=C(N)N,O,298.15,-0.3052605991959396,0.012,2,0.0226590214719192
N#CN=C(N)N,O,303.15,-0.2074448204772672,0.012,2,0.0226590214719192
N#CN=C(N)N,O,308.15,-0.11226554758397711,0.01400337768870364,2,0.0226590214719192
N#CN=C(N)N,O,313.15,-0.019605078381975005,0.015720221152887317,2,0.0226590214719192
N#CN=C(N)N,O,318.15,0.07064716005672622,0.01423184460310676,2,0.0226590214719192
N#CN=C(N)N,O,323.15,0.15859515046116357,0.012,2,0.0226590214719192
N#Cc1ccncc1,CC(C)=O,268.15,0.2706355181270652,,1,0.0132058674855329
N#Cc1ccncc1,CC(C)=O,273.15,0.33880992409393684,,1,0.0132058674855329
N#Cc1ccncc1,CC(C)=O,278.15,0.41951003165168643,0.01414532086996244,2,0.0132058674855329
N#Cc1ccncc1,CC(C)=O,283.15,0.4920390932493035,0.013479634462561913,2,0.0132058674855329
N#Cc1ccncc1,CC(C)=O,288.15,0.5658595944454383,0.012,2,0.0132058674855329
N#Cc1ccncc1,CC(C)=O,293.15,0.6408404896438142,0.012,2,0.0132058674855329
N#Cc1ccncc1,CC(C)=O,298.15,0.7168617030815412,0.012,2,0.0132058674855329
N#Cc1ccncc1,CC(C)=O,303.15,0.7938131163239888,0.012,2,0.0132058674855329
N#Cc1ccncc1,CC(C)=O,308.15,0.871593661334007,0.012,2,0.0132058674855329
N#Cc1ccncc1,CC(C)=O,313.15,0.950110506756328,0.012,2,0.0132058674855329
N#Cc1ccncc1,CC(C)=O,318.15,1.0292783266649472,0.01915253076737075,2,0.0132058674855329
N#Cc1ccncc1,CCCO,268.15,-0.4997540701643004,,1,0.0117791644870709
N#Cc1ccncc1,CCCO,273.15,-0.37190511328722664,,1,0.0117791644870709
N#Cc1ccncc1,CCCO,278.15,-0.22994753923988043,0.020841626704785517,2,0.0117791644870709
N#Cc1ccncc1,CCCO,283.15,-0.11107353839292955,0.012,2,0.0117791644870709
N#Cc1ccncc1,CCCO,288.15,0.008854336830211196,0.012,2,0.0117791644870709
N#Cc1ccncc1,CCCO,293.15,0.12969381382454515,0.012,2,0.0117791644870709
N#Cc1ccncc1,CCCO,298.15,0.2513151273098444,0.012,2,0.0117791644870709
N#Cc1ccncc1,CCCO,303.15,0.3735998412136752,0.012,2,0.0117791644870709
N#Cc1ccncc1,CCCO,308.15,0.4964397947719519,0.012,2,0.0117791644870709
N#Cc1ccncc1,CCCO,313.15,0.6197361582029828,0.012,2,0.0117791644870709
N#Cc1ccncc1,CCCO,318.15,0.7433985852241065,0.012,2,0.0117791644870709
N#Cc1ccncc1,CCO,268.15,-0.8412963003479916,,1,0.0190689781404456
N#Cc1ccncc1,CCO,273.15,-0.6722525279031402,,1,0.0190689781404456
N#Cc1ccncc1,CCO,278.15,-0.5190151030511316,0.019511333805144464,2,0.0190689781404456
N#Cc1ccncc1,CCO,283.15,-0.3540057919325932,0.019581464115253702,2,0.0190689781404456
N#Cc1ccncc1,CCO,288.15,-0.19038007617572816,0.01886415349186725,2,0.0190689781404456
N#Cc1ccncc1,CCO,293.15,-0.02814124020448361,0.017413084510807635,2,0.0190689781404456
N#Cc1ccncc1,CCO,298.15,0.13271013692440192,0.015277889516047768,2,0.0190689781404456
N#Cc1ccncc1,CCO,303.15,0.29217583543174186,0.012504506862234399,2,0.0190689781404456
N#Cc1ccncc1,CCO,308.15,0.45025969040399616,0.012,2,0.0190689781404456
N#Cc1ccncc1,CCO,313.15,0.6069673237632074,0.012,2,0.0190689781404456
N#Cc1ccncc1,CCO,318.15,0.7623059080488872,0.012,2,0.0190689781404456
N#Cc1ccncc1,CO,268.15,-0.1885196685102244,,1,0.0330853514625913
N#Cc1ccncc1,CO,273.15,-0.10996970950182572,,1,0.0330853514625913
N#Cc1ccncc1,CO,278.15,-0.007365559788901521,0.01820224411015483,2,0.0330853514625913
N#Cc1ccncc1,CO,283.15,0.10028062910950553,0.028907163959277955,2,0.0330853514625913
N#Cc1ccncc1,CO,288.15,0.21370099310189516,0.03424325297616644,2,0.0330853514625913
N#Cc1ccncc1,CO,293.15,0.3324378580857328,0.034570468934970164,2,0.0330853514625913
N#Cc1ccncc1,CO,298.15,0.45606969254937013,0.030221764016615475,2,0.0330853514625913
N#Cc1ccncc1,CO,303.15,0.5842078576778817,0.021505453407601908,2,0.0330853514625913
N#Cc1ccncc1,CO,308.15,0.7164936913360265,0.012,2,0.0330853514625913
N#Cc1ccncc1,CO,313.15,0.8525958872158554,0.012,2,0.0330853514625913
N#Cc1ccncc1,CO,318.15,0.9922081354344954,0.028092272214307427,2,0.0330853514625913
N=c1nc(N2CCCCC2)cc(N)n1O,O,278.15,-2.069464693360544,,1,0.0880537346799937
N=c1nc(N2CCCCC2)cc(N)n1O,O,283.15,-2.028557050861977,,1,0.0880537346799937
N=c1nc(N2CCCCC2)cc(N)n1O,O,288.15,-1.9856122852191973,,1,0.0880537346799937
N=c1nc(N2CCCCC2)cc(N)n1O,O,293.15,-1.940793597992709,,1,0.0880537346799937
N=c1nc(N2CCCCC2)cc(N)n1O,O,293.2,-1.910111465433836,0.04274460641841155,2,0.0880537346799937
N=c1nc(N2CCCCC2)cc(N)n1O,O,298.15,-1.867458061189737,0.0378913123897516,2,0.0880537346799937
N=c1nc(N2CCCCC2)cc(N)n1O,O,298.2,-1.8669565844254166,0.03793066569978506,2,0.0880537346799937
N=c1nc(N2CCCCC2)cc(N)n1O,O,303.15,-1.8106309813194486,0.05019442666472139,2,0.0880537346799937
N=c1nc(N2CCCCC2)cc(N)n1O,O,303.2,-1.8099961136337441,0.05040094287628392,2,0.0880537346799937
N=c1nc(N2CCCCC2)cc(N)n1O,O,308.15,-1.740908459515417,0.07867346701274551,2,0.0880537346799937
N=c1nc(N2CCCCC2)cc(N)n1O,O,308.2,-1.7401490515246536,0.0790363648440899,2,0.0880537346799937
N=c1nc(N2CCCCC2)cc(N)n1O,O,313.15,-1.6591435567563764,0.1222889247561752,2,0.0880537346799937
N=c1nc(N2CCCCC2)cc(N)n1O,O,313.2,-1.658267822023376,0.12279819179670616,2,0.0880537346799937
N=c1nc(N2CCCCC2)cc(N)n1O,O,318.15,-1.6934605331543224,,1,0.0880537346799937
N=c1nc(N2CCCCC2)cc(N)n1O,O,323.15,-1.6401768567465353,,1,0.0880537346799937
N=c1nc(N2CCCCC2)cc(N)n1O,O,328.15,-1.5858572800899822,,1,0.0880537346799937
N=c1nc(N2CCCCC2)cc(N)n1O,O,333.15,-1.5305883643162304,,1,0.0880537346799937
NC(=O)N/N=C/c1ccc([N+](=O)[O-])o1,CC#N,278.15,-2.8123902078765446,0.039863034914085264,2,0.0184150903882478
NC(=O)N/N=C/c1ccc([N+](=O)[O-])o1,CC#N,283.15,-2.7241747441074424,0.028508527156161374,2,0.0184150903882478
NC(=O)N/N=C/c1ccc([N+](=O)[O-])o1,CC#N,288.15,-2.639868152211614,0.01928061389211709,2,0.0184150903882478
NC(=O)N/N=C/c1ccc([N+](=O)[O-])o1,CC#N,293.15,-2.559255966371595,0.012040927308142149,2,0.0184150903882478
NC(=O)N/N=C/c1ccc([N+](=O)[O-])o1,CC#N,298.15,-2.482138592112966,0.012,2,0.0184150903882478
NC(=O)N/N=C/c1ccc([N+](=O)[O-])o1,CC#N,303.15,-2.4083300559049863,0.012,2,0.0184150903882478
NC(=O)N/N=C/c1ccc([N+](=O)[O-])o1,CC#N,308.15,-2.3376568780520395,0.012,2,0.0184150903882478
NC(=O)N/N=C/c1ccc([N+](=O)[O-])o1,CC#N,313.15,-2.269957054971565,0.012,2,0.0184150903882478
NC(=O)N/N=C/c1ccc([N+](=O)[O-])o1,CC(C)=O,278.15,-2.3843687050977973,0.012,2,0.0073105898532985
NC(=O)N/N=C/c1ccc([N+](=O)[O-])o1,CC(C)=O,283.15,-2.33009004626601,0.012,2,0.0073105898532985
NC(=O)N/N=C/c1ccc([N+](=O)[O-])o1,CC(C)=O,288.15,-2.2761027026700518,0.012,2,0.0073105898532985
NC(=O)N/N=C/c1ccc([N+](=O)[O-])o1,CC(C)=O,293.15,-2.222418930746576,0.012,2,0.0073105898532985
NC(=O)N/N=C/c1ccc([N+](=O)[O-])o1,CC(C)=O,298.15,-2.169049253594997,0.012,2,0.0073105898532985
NC(=O)N/N=C/c1ccc([N+](=O)[O-])o1,CC(C)=O,303.15,-2.116002649015231,0.012,2,0.0073105898532985
NC(=O)N/N=C/c1ccc([N+](=O)[O-])o1,CC(C)=O,308.15,-2.063286716311504,0.012,2,0.0073105898532985
NC(=O)N/N=C/c1ccc([N+](=O)[O-])o1,CC(C)=O,313.15,-2.0109078244693404,0.012,2,0.0073105898532985
NC(=O)N/N=C/c1ccc([N+](=O)[O-])o1,CCO,278.15,-2.94430442884545,0.03891558228810506,3,0.0277587406388827
NC(=O)N/N=C/c1ccc([N+](=O)[O-])o1,CCO,283.15,-2.859904822483736,0.03292107302514042,3,0.0277587406388827
NC(=O)N/N=C/c1ccc([N+](=O)[O-])o1,CCO,288.15,-2.7764894916507337,0.02791259559492002,3,0.0277587406388827
NC(=O)N/N=C/c1ccc([N+](=O)[O-])o1,CCO,293.15,-2.6940412456793497,0.023613976382142823,3,0.0277587406388827
NC(=O)N/N=C/c1ccc([N+](=O)[O-])o1,CCO,298.15,-2.612542934262754,0.01976189983348261,3,0.0277587406388827
NC(=O)N/N=C/c1ccc([N+](=O)[O-])o1,CCO,303.15,-2.5319774991982023,0.016140545016643883,3,0.0277587406388827
NC(=O)N/N=C/c1ccc([N+](=O)[O-])o1,CCO,308.15,-2.452328017518108,0.012632504300751256,3,0.0277587406388827
NC(=O)N/N=C/c1ccc([N+](=O)[O-])o1,CCO,313.15,-2.3735777372564413,0.012,3,0.0277587406388827
NC(=O)N/N=C/c1ccc([N+](=O)[O-])o1,CCO,318.15,-2.2938107145592923,,1,0.0277587406388827
NC(=O)N/N=C/c1ccc([N+](=O)[O-])o1,CCO,323.15,-2.2220541382700603,,1,0.0277587406388827
NC(=O)N/N=C/c1ccc([N+](=O)[O-])o1,CN(C)C=O,278.15,-0.5588887387369663,0.03767923008555006,2,0.0495498454531321
NC(=O)N/N=C/c1ccc([N+](=O)[O-])o1,CN(C)C=O,283.15,-0.5427942437640993,0.03845556076576625,2,0.0495498454531321
NC(=O)N/N=C/c1ccc([N+](=O)[O-])o1,CN(C)C=O,288.15,-0.5249819099948407,0.03834561123629944,2,0.0495498454531321
NC(=O)N/N=C/c1ccc([N+](=O)[O-])o1,CN(C)C=O,293.15,-0.505578466602616,0.037409389444789415,2,0.0495498454531321
NC(=O)N/N=C/c1ccc([N+](=O)[O-])o1,CN(C)C=O,298.15,-0.48470083916188855,0.035702386266172635,2,0.0495498454531321
NC(=O)N/N=C/c1ccc([N+](=O)[O-])o1,CN(C)C=O,303.15,-0.4624570225896427,0.03327597234925627,2,0.0495498454531321
NC(=O)N/N=C/c1ccc([N+](=O)[O-])o1,CN(C)C=O,308.15,-0.4389468649164989,0.030177754748390958,2,0.0495498454531321
NC(=O)N/N=C/c1ccc([N+](=O)[O-])o1,CN(C)C=O,313.15,-0.41426277218814533,0.02645189796112496,2,0.0495498454531321
NC(=O)N/N=C/c1ccc([N+](=O)[O-])o1,CO,278.15,-2.4459340990217786,0.020768746552613047,2,0.0157563247306462
NC(=O)N/N=C/c1ccc([N+](=O)[O-])o1,CO,283.15,-2.373941090630984,0.012794760960597977,2,0.0157563247306462
NC(=O)N/N=C/c1ccc([N+](=O)[O-])o1,CO,288.15,-2.302493314803506,0.012,2,0.0157563247306462
NC(=O)N/N=C/c1ccc([N+](=O)[O-])o1,CO,293.15,-2.2315961906679096,0.012,2,0.0157563247306462
NC(=O)N/N=C/c1ccc([N+](=O)[O-])o1,CO,298.15,-2.1612536561866875,0.012,2,0.0157563247306462
NC(=O)N/N=C/c1ccc([N+](=O)[O-])o1,CO,303.15,-2.091468345616722,0.012317248631013451,2,0.0157563247306462
NC(=O)N/N=C/c1ccc([N+](=O)[O-])o1,CO,308.15,-2.0222417461020825,0.017098660228087093,2,0.0157563247306462
NC(=O)N/N=C/c1ccc([N+](=O)[O-])o1,CO,313.15,-1.9535743360184998,0.021351504003414522,2,0.0157563247306462
NC(=O)N/N=C/c1ccc([N+](=O)[O-])o1,NC=O,278.15,-1.4212955581168325,0.07605625960607902,2,0.057082926018833
NC(=O)N/N=C/c1ccc([N+](=O)[O-])o1,NC=O,283.15,-1.3637834626977297,0.06506671354777693,2,0.057082926018833
NC(=O)N/N=C/c1ccc([N+](=O)[O-])o1,NC=O,288.15,-1.3075528600256483,0.054528076831095715,2,0.057082926018833
NC(=O)N/N=C/c1ccc([N+](=O)[O-])o1,NC=O,293.15,-1.2525503646252885,0.04441609119944336,2,0.057082926018833
NC(=O)N/N=C/c1ccc([N+](=O)[O-])o1,NC=O,298.15,-1.1987257633426713,0.0347081654316488,2,0.057082926018833
NC(=O)N/N=C/c1ccc([N+](=O)[O-])o1,NC=O,303.15,-1.1460317739631742,0.025383235896956027,2,0.057082926018833
NC(=O)N/N=C/c1ccc([N+](=O)[O-])o1,NC=O,308.15,-1.0944238260159613,0.016421640813527687,2,0.057082926018833
NC(=O)N/N=C/c1ccc([N+](=O)[O-])o1,NC=O,313.15,-1.0438598613899703,0.012,2,0.057082926018833
NC(=O)c1cnccn1,CC(C)=O,278.15,-1.4591255694480019,,1,0.0372163340821515
NC(=O)c1cnccn1,CC(C)=O,283.15,-1.4239850399251477,0.06122032607078086,2,0.0372163340821515
NC(=O)c1cnccn1,CC(C)=O,288.15,-1.339827505998091,0.04733159793832151,2,0.0372163340821515
NC(=O)c1cnccn1,CC(C)=O,293.15,-1.259828271333257,0.03386432122304613,2,0.0372163340821515
NC(=O)c1cnccn1,CC(C)=O,298.15,-1.1837565373072145,0.020798170164916335,2,0.0372163340821515
NC(=O)c1cnccn1,CC(C)=O,303.15,-1.1113974443992376,0.012,2,0.0372163340821515
NC(=O)c1cnccn1,CC(C)=O,308.15,-1.042550744377989,0.012,2,0.0372163340821515
NC(=O)c1cnccn1,CC(C)=O,313.15,-0.9770296019094058,0.01617772662413881,2,0.0372163340821515
NC(=O)c1cnccn1,CC(C)=O,318.15,-0.9146595111738733,0.027817909051198242,2,0.0372163340821515
NC(=O)c1cnccn1,CC(C)=O,323.15,-0.8552773148808797,0.039140871842196105,2,0.0372163340821515
NC(=O)c1cnccn1,CO,278.15,-1.2733849011698517,,1,0.0103976757706865
NC(=O)c1cnccn1,CO,283.15,-1.1798391763109155,0.012,2,0.0103976757706865
NC(=O)c1cnccn1,CO,288.15,-1.0940016835100064,0.012,2,0.0103976757706865
NC(=O)c1cnccn1,CO,293.15,-1.0097708930880085,0.012,2,0.0103976757706865
NC(=O)c1cnccn1,CO,298.15,-0.9270881337047943,0.012,2,0.0103976757706865
NC(=O)c1cnccn1,CO,303.15,-0.8458978736295784,0.012,2,0.0103976757706865
NC(=O)c1cnccn1,CO,308.15,-0.7661475016247437,0.012,2,0.0103976757706865
NC(=O)c1cnccn1,CO,313.15,-0.6877871265471214,0.012,2,0.0103976757706865
NC(=O)c1cnccn1,CO,318.15,-0.6107693937863008,0.012,2,0.0103976757706865
NC(=O)c1cnccn1,CO,323.15,-0.5288394878918083,,1,0.0103976757706865
NC(=O)c1ncn([C@@H]2O[C@H](CO)[C@@H](O)[C@H]2O)n1,CO,278.15,-2.022524873211612,,1,0.1860917146240193
NC(=O)c1ncn([C@@H]2O[C@H](CO)[C@@H](O)[C@H]2O)n1,CO,283.15,-1.86470432374752,0.030824394985945622,2,0.1860917146240193
NC(=O)c1ncn([C@@H]2O[C@H](CO)[C@@H](O)[C@H]2O)n1,CO,288.15,-1.7707717877566642,0.022851647368929248,2,0.1860917146240193
NC(=O)c1ncn([C@@H]2O[C@H](CO)[C@@H](O)[C@H]2O)n1,CO,293.15,-1.6774405649982258,0.0718125216369064,2,0.1860917146240193
NC(=O)c1ncn([C@@H]2O[C@H](CO)[C@@H](O)[C@H]2O)n1,CO,298.15,-1.5847240589589706,0.11634382139577742,2,0.1860917146240193
NC(=O)c1ncn([C@@H]2O[C@H](CO)[C@@H](O)[C@H]2O)n1,CO,303.15,-1.4926333485693881,0.156710702605471,2,0.1860917146240193
NC(=O)c1ncn([C@@H]2O[C@H](CO)[C@@H](O)[C@H]2O)n1,CO,308.15,-1.4011774469155478,0.1931596193963342,2,0.1860917146240193
NC(=O)c1ncn([C@@H]2O[C@H](CO)[C@@H](O)[C@H]2O)n1,CO,313.15,-1.3103635306866481,0.22591988860417986,2,0.1860917146240193
NC(=O)c1ncn([C@@H]2O[C@H](CO)[C@@H](O)[C@H]2O)n1,CO,318.15,-1.2201971439297559,0.25520510228185256,2,0.1860917146240193
NC(=O)c1ncn([C@@H]2O[C@H](CO)[C@@H](O)[C@H]2O)n1,CO,323.15,-1.329530991951799,,1,0.1860917146240193
NC(=O)c1ncn([C@@H]2O[C@H](CO)[C@@H](O)[C@H]2O)n1,O,278.15,-0.49124548874416263,,1,0.1021390262312274
NC(=O)c1ncn([C@@H]2O[C@H](CO)[C@@H](O)[C@H]2O)n1,O,283.15,-0.33183239512241514,0.03911864198124228,2,0.1021390262312274
NC(=O)c1ncn([C@@H]2O[C@H](CO)[C@@H](O)[C@H]2O)n1,O,288.15,-0.23526529623176273,0.012,2,0.1021390262312274
NC(=O)c1ncn([C@@H]2O[C@H](CO)[C@@H](O)[C@H]2O)n1,O,293.15,-0.14258447386679407,0.033145937945076975,2,0.1021390262312274
NC(=O)c1ncn([C@@H]2O[C@H](CO)[C@@H](O)[C@H]2O)n1,O,298.15,-0.053584476995833796,0.06210926347451129,2,0.1021390262312274
NC(=O)c1ncn([C@@H]2O[C@H](CO)[C@@H](O)[C@H]2O)n1,O,303.15,0.03192626334169901,0.08668727474302554,2,0.1021390262312274
NC(=O)c1ncn([C@@H]2O[C@H](CO)[C@@H](O)[C@H]2O)n1,O,308.15,0.11412657623076328,0.10714909650104154,2,0.1021390262312274
NC(=O)c1ncn([C@@H]2O[C@H](CO)[C@@H](O)[C@H]2O)n1,O,313.15,0.1931835826339956,0.12374488766272869,2,0.1021390262312274
NC(=O)c1ncn([C@@H]2O[C@H](CO)[C@@H](O)[C@H]2O)n1,O,318.15,0.269253628932681,0.13670741545212997,2,0.1021390262312274
NC(=O)c1ncn([C@@H]2O[C@H](CO)[C@@H](O)[C@H]2O)n1,O,323.15,0.23906630674077434,,1,0.1021390262312274
NC(N)=C([N+](=O)[O-])[N+](=O)[O-],CS(C)=O,293.15,0.4832048779220668,0.020316580666279463,2,0.025610489956528
NC(N)=C([N+](=O)[O-])[N+](=O)[O-],CS(C)=O,293.75,0.4842301185979654,0.020111737512008333,2,0.025610489956528
NC(N)=C([N+](=O)[O-])[N+](=O)[O-],CS(C)=O,298.15,0.4918903834117234,0.01882352296937545,2,0.025610489956528
NC(N)=C([N+](=O)[O-])[N+](=O)[O-],CS(C)=O,303.15,0.5008819675223024,0.017797257810886025,2,0.025610489956528
NC(N)=C([N+](=O)[O-])[N+](=O)[O-],CS(C)=O,303.85,0.5021637951696869,0.017689125051229063,2,0.025610489956528
NC(N)=C([N+](=O)[O-])[N+](=O)[O-],CS(C)=O,308.15,0.5101551149659764,0.01720828726950739,2,0.025610489956528
NC(N)=C([N+](=O)[O-])[N+](=O)[O-],CS(C)=O,312.15,0.5177610840803641,0.017033485783053994,2,0.025610489956528
NC(N)=C([N+](=O)[O-])[N+](=O)[O-],CS(C)=O,313.15,0.5196871832947849,0.017029213769904315,2,0.025610489956528
NC(N)=C([N+](=O)[O-])[N+](=O)[O-],CS(C)=O,318.15,0.5294572412518228,0.01723456483463407,2,0.025610489956528
NC(N)=C([N+](=O)[O-])[N+](=O)[O-],CS(C)=O,319.15,0.5314380813822974,0.017319650458056106,2,0.025610489956528
NC(N)=C([N+](=O)[O-])[N+](=O)[O-],CS(C)=O,323.15,0.5394459230257813,0.017800634737095113,2,0.025610489956528
NC(N)=C([N+](=O)[O-])[N+](=O)[O-],CS(C)=O,328.15,0.5496352966443263,0.018705341204764095,2,0.025610489956528
NC(N)=C([N+](=O)[O-])[N+](=O)[O-],CS(C)=O,328.65,0.5506646215044997,0.018813631912076644,2,0.025610489956528
NC(N)=C([N+](=O)[O-])[N+](=O)[O-],CS(C)=O,333.15,0.5600087449597719,0.019928095548471844,2,0.025610489956528
NC(N)=C([N+](=O)[O-])[N+](=O)[O-],CS(C)=O,339.85,0.5897499152504828,,1,0.025610489956528
NC(N)=C([N+](=O)[O-])[N+](=O)[O-],CS(C)=O,343.15,0.5976890977850111,,1,0.025610489956528
NC(N)=C([N+](=O)[O-])[N+](=O)[O-],CS(C)=O,350.15,0.6149940007784949,,1,0.025610489956528
NC(N)=C([N+](=O)[O-])[N+](=O)[O-],CS(C)=O,353.15,0.6225912345184952,,1,0.025610489956528
NC(N)=C([N+](=O)[O-])[N+](=O)[O-],CS(C)=O,354.15,0.6251464675739307,,1,0.025610489956528
NC(N)=C([N+](=O)[O-])[N+](=O)[O-],CS(C)=O,358.15,0.6354770517881931,,1,0.025610489956528
NC(N)=C([N+](=O)[O-])[N+](=O)[O-],CS(C)=O,363.15,0.6486250080414528,,1,0.025610489956528
NC(N)=C([N+](=O)[O-])[N+](=O)[O-],CS(C)=O,367.15,0.659319261777263,,1,0.025610489956528
NC(N)=S,CC(C)O,283.15,-0.7529045603357201,,1,0.0734336466331804
NC(N)=S,CC(C)O,288.15,-0.6979468757729457,,1,0.0734336466331804
NC(N)=S,CC(C)O,293.15,-0.6442995481714071,,1,0.0734336466331804
NC(N)=S,CC(C)O,298.15,-0.5919061186429815,,1,0.0734336466331804
NC(N)=S,CC(C)O,303.15,-0.5047058552738308,0.050922557266370114,2,0.0734336466331804
NC(N)=S,CC(C)O,308.15,-0.45377127875183554,0.052185386272512936,2,0.0734336466331804
NC(N)=S,CC(C)O,313.15,-0.40457850734456446,0.05254618599335563,2,0.0734336466331804
NC(N)=S,CC(C)O,318.15,-0.357043607262038,0.052061028475506414,2,0.0734336466331804
NC(N)=S,CC(C)O,323.15,-0.3110878955177876,0.05078209626072762,2,0.0734336466331804
NC(N)=S,CC(C)O,328.15,-0.23216042640341072,,1,0.0734336466331804
NC(N)=S,CC(C)O,333.15,-0.19107218839985407,,1,0.0734336466331804
NC(N)=S,CC(C)O,338.15,-0.15181970774060005,,1,0.0734336466331804
NC(N)=S,CC(C)O,343.15,-0.11431369423397797,,1,0.0734336466331804
NC(N)=S,CCCCO,283.15,-0.9321921452810749,,1,0.0627836852117457
NC(N)=S,CCCCO,288.15,-0.8797698076307867,,1,0.0627836852117457
NC(N)=S,CCCCO,293.15,-0.8279677023877419,,1,0.0627836852117457
NC(N)=S,CCCCO,298.15,-0.7767742150531269,,1,0.0627836852117457
NC(N)=S,CCCCO,303.15,-0.6844936765284739,0.05895032500146397,2,0.0627836852117457
NC(N)=S,CCCCO,308.15,-0.6400285601023139,0.05110783620892327,2,0.0627836852117457
NC(N)=S,CCCCO,313.15,-0.5956660047201652,0.04393287881888946,2,0.0627836852117457
NC(N)=S,CCCCO,318.15,-0.5514218802385589,0.037387424815982354,2,0.0627836852117457
NC(N)=S,CCCCO,323.15,-0.5073104335007894,0.031436002656536115,2,0.0627836852117457
NC(N)=S,CCCCO,328.15,-0.4449274964010925,,1,0.0627836852117457
NC(N)=S,CCCCO,333.15,-0.4045553296182547,,1,0.0627836852117457
NC(N)=S,CCCCO,338.15,-0.3639960302000773,,1,0.0627836852117457
NC(N)=S,CCCO,283.15,-0.6840446813557932,,1,0.0200767265353532
NC(N)=S,CCCO,288.15,-0.6294461109197016,,1,0.0200767265353532
NC(N)=S,CCCO,293.15,-0.5793655507426223,,1,0.0200767265353532
NC(N)=S,CCCO,298.15,-0.5335311607796953,,1,0.0200767265353532
NC(N)=S,CCCO,303.15,-0.4888810821458982,0.012,2,0.0200767265353532
NC(N)=S,CCCO,308.15,-0.44908350845305023,0.012,2,0.0200767265353532
NC(N)=S,CCCO,313.15,-0.41057637160326976,0.012008913133069342,2,0.0200767265353532
NC(N)=S,CCCO,318.15,-0.37329852323700763,0.02059896296829316,2,0.0200767265353532
NC(N)=S,CCCO,323.15,-0.33719260902700654,0.031982796547254694,2,0.0200767265353532
NC(N)=S,CCCO,328.15,-0.2696877066495702,,1,0.0200767265353532
NC(N)=S,CCCO,333.15,-0.224128177275432,,1,0.0200767265353532
NC(N)=S,CCCO,338.15,-0.17795831465151224,,1,0.0200767265353532
NC(N)=S,CCCO,343.15,-0.13123332486710382,,1,0.0200767265353532
NC(N)=S,CCO,283.15,-0.49876254869621306,,1,0.0059466508270906
NC(N)=S,CCO,288.15,-0.4523071180784868,,1,0.0059466508270906
NC(N)=S,CCO,292.65,-0.4103168984641137,0.012,2,0.0059466508270906
NC(N)=S,CCO,293.15,-0.40558428136351665,0.012,2,0.0059466508270906
NC(N)=S,CCO,293.85,-0.39894349915313043,0.012,2,0.0059466508270906
NC(N)=S,CCO,298.15,-0.35777690199955003,0.012,2,0.0059466508270906
NC(N)=S,CCO,299.45,-0.34520998941997405,0.012,2,0.0059466508270906
NC(N)=S,CCO,302.75,-0.3130712984438482,0.012,2,0.0059466508270906
NC(N)=S,CCO,303.15,-0.3091532604976557,0.012,2,0.0059466508270906
NC(N)=S,CCO,305.85,-0.28258501265341707,0.012,2,0.0059466508270906
NC(N)=S,CCO,308.15,-0.25979192716489763,0.012,2,0.0059466508270906
NC(N)=S,CCO,308.95,-0.25183057039923895,0.012,2,0.0059466508270906
NC(N)=S,CCO,309.4,-0.24734493294882043,0.012,2,0.0059466508270906
NC(N)=S,CCO,311.65,-0.22483902484142604,0.012,2,0.0059466508270906
NC(N)=S,CCO,312.55,-0.21580129761452937,0.012,2,0.0059466508270906
NC(N)=S,CCO,312.75,-0.21379023388835705,0.012,2,0.0059466508270906
NC(N)=S,CCO,313.15,-0.20976521388762492,0.012,2,0.0059466508270906
NC(N)=S,CCO,313.9,-0.20220800556600338,0.012,2,0.0059466508270906
NC(N)=S,CCO,314.35,-0.19766730762177787,0.012,2,0.0059466508270906
NC(N)=S,CCO,315.55,-0.18553580993246754,0.012,2,0.0059466508270906
NC(N)=S,CCO,316.4,-0.1769228108716625,0.012,2,0.0059466508270906
NC(N)=S,CCO,318.15,-0.15913972440379354,0.012,2,0.0059466508270906
NC(N)=S,CCO,318.2,-0.158630657538275,0.012,2,0.0059466508270906
NC(N)=S,CCO,320.0,-0.14026898016075506,0.012,2,0.0059466508270906
NC(N)=S,CCO,323.15,-0.10797684986935252,0.012241355555853596,2,0.0059466508270906
NC(N)=S,CCO,328.15,-0.044937427467942825,,1,0.0059466508270906
NC(N)=S,CCO,333.15,0.010175294153846437,,1,0.0059466508270906
NC(N)=S,CCO,338.15,0.06594998919410244,,1,0.0059466508270906
NC(N)=S,CCO,343.15,0.12232432496200119,,1,0.0059466508270906
NC(N)=S,CO,283.15,0.04393099648512333,,1,0.0202137611788199
NC(N)=S,CO,288.15,0.0825745252898642,,1,0.0202137611788199
NC(N)=S,CO,293.15,0.12283752900653155,,1,0.0202137611788199
NC(N)=S,CO,298.15,0.16458926130015072,,1,0.0202137611788199
NC(N)=S,CO,298.65,0.1591535720658861,0.013700928899029418,2,0.0202137611788199
NC(N)=S,CO,301.45,0.18161355860770811,0.015964279258125387,2,0.0202137611788199
NC(N)=S,CO,303.15,0.19577140496445367,0.016882630099733877,2,0.0202137611788199
NC(N)=S,CO,304.35,0.20599587561170907,0.01732864333938239,2,0.0202137611788199
NC(N)=S,CO,307.85,0.23687444443022088,0.017699824726655777,2,0.0202137611788199
NC(N)=S,CO,308.15,0.23959268560162883,0.01766859965934193,2,0.0202137611788199
NC(N)=S,CO,309.05,0.24781362153448327,0.01751641112463161,2,0.0202137611788199
NC(N)=S,CO,311.25,0.2683205493621692,0.01678028069172578,2,0.0202137611788199
NC(N)=S,CO,313.15,0.28648966649804564,0.015737506407581498,2,0.0202137611788199
NC(N)=S,CO,314.55,0.3001422666556799,0.014733410681458446,2,0.0202137611788199
NC(N)=S,CO,318.15,0.3362470002583855,0.012,2,0.0202137611788199
NC(N)=S,CO,319.45,0.3496274387253244,0.012,2,0.0202137611788199
NC(N)=S,CO,321.25,0.36844476134199766,0.012,2,0.0202137611788199
NC(N)=S,CO,323.15,0.3886648443369154,0.012,2,0.0202137611788199
NC(N)=S,CO,328.15,0.4468897069830575,,1,0.0202137611788199
NC(N)=S,CO,333.15,0.5120107784573804,,1,0.0202137611788199
NC(N)=S,O,283.15,0.0791329153149487,,1,0.0208574311849533
NC(N)=S,O,288.15,0.17579167801285145,,1,0.0208574311849533
NC(N)=S,O,290.75,0.19585138648875589,0.04129471747260153,2,0.0208574311849533
NC(N)=S,O,293.05,0.24368516265455398,0.034488320795906864,2,0.0208574311849533
NC(N)=S,O,293.15,0.24574568584250223,0.03420309963199949,2,0.0208574311849533
NC(N)=S,O,296.65,0.316876480911497,0.024768534914630443,2,0.0208574311849533
NC(N)=S,O,298.15,0.34678373643861526,0.0210444123877272,2,0.0208574311849533
NC(N)=S,O,300.25,0.3880861921570693,0.01614284915511179,2,0.0208574311849533
NC(N)=S,O,303.15,0.4440583156428266,0.012,2,0.0208574311849533
NC(N)=S,O,307.1,0.5183697624393302,0.012,2,0.0208574311849533
NC(N)=S,O,308.15,0.5377596065767101,0.012,2,0.0208574311849533
NC(N)=S,O,310.15,0.5742798250529013,0.012,2,0.0208574311849533
NC(N)=S,O,313.15,0.6280654227761984,0.012,2,0.0208574311849533
NC(N)=S,O,315.85,0.6754777494506286,0.012,2,0.0208574311849533
NC(N)=S,O,318.15,0.7151421907066746,0.012111276886940638,2,0.0208574311849533
NC(N)=S,O,318.35,0.7185603366044893,0.01230125199696768,2,0.0208574311849533
NC(N)=S,O,320.75,0.759198148872021,0.01438208508152645,2,0.0208574311849533
NC(N)=S,O,323.15,0.7991458404138232,0.016103173131345478,2,0.0208574311849533
NC(N)=S,O,323.25,0.8122275473973133,,1,0.0208574311849533
NC(N)=S,O,326.05,0.8590461199739678,,1,0.0208574311849533
NC(N)=S,O,328.45,0.8982063497683797,,1,0.0208574311849533
NC(N)=S,O,330.55,0.9317551614385522,,1,0.0208574311849533
NC(N)=S,O,333.25,0.9739305643053129,,1,0.0208574311849533
NC(N)=S,O,336.45,1.0225565847664981,,1,0.0208574311849533
NC(N)=S,O,340.75,1.0856530574429897,,1,0.0208574311849533
NC(N)=S,O,343.55,1.1254018600950602,,1,0.0208574311849533
NC(N)=S,O,347.35,1.1777189797453786,,1,0.0208574311849533
NC(N)=S,O,351.15,1.2282241561135905,,1,0.0208574311849533
NC(N)=S,O,353.45,1.2579405753248238,,1,0.0208574311849533
NC(N)=S,O,355.75,1.2870312326702233,,1,0.0208574311849533
NCC(CC(=O)O)c1ccc(Cl)cc1,CC(C)O,273.15,-3.3725706563308044,,1,0.038732626585133
NCC(CC(=O)O)c1ccc(Cl)cc1,CC(C)O,278.15,-3.3141767806385296,,1,0.038732626585133
NCC(CC(=O)O)c1ccc(Cl)cc1,CC(C)O,283.15,-3.258730655124058,,1,0.038732626585133
NCC(CC(=O)O)c1ccc(Cl)cc1,CC(C)O,288.15,-3.206063464954015,,1,0.038732626585133
NCC(CC(=O)O)c1ccc(Cl)cc1,CC(C)O,293.15,-3.156018436847873,,1,0.038732626585133
NCC(CC(=O)O)c1ccc(Cl)cc1,CC(C)O,293.2,-3.1413234591013532,0.02009211030970014,2,0.038732626585133
NCC(CC(=O)O)c1ccc(Cl)cc1,CC(C)O,298.15,-3.0887900276316955,0.0278031209707601,2,0.038732626585133
NCC(CC(=O)O)c1ccc(Cl)cc1,CC(C)O,298.2,-3.088288944069249,0.027856063322319054,2,0.038732626585133
NCC(CC(=O)O)c1ccc(Cl)cc1,CC(C)O,303.15,-3.041489531614147,0.03073416672937189,2,0.038732626585133
NCC(CC(=O)O)c1ccc(Cl)cc1,CC(C)O,303.2,-3.0410445879225563,0.030739893834939795,2,0.038732626585133
NCC(CC(=O)O)c1ccc(Cl)cc1,CC(C)O,308.15,-2.999635175165321,0.029094616588867715,2,0.038732626585133
NCC(CC(=O)O)c1ccc(Cl)cc1,CC(C)O,308.2,-2.999243021330992,0.02905613990234794,2,0.038732626585133
NCC(CC(=O)O)c1ccc(Cl)cc1,CC(C)O,313.15,-2.9629036320586257,0.02317486911493082,2,0.038732626585133
NCC(CC(=O)O)c1ccc(Cl)cc1,CC(C)O,313.2,-2.96256115055483,0.023094986126945855,2,0.038732626585133
NCC(CC(=O)O)c1ccc(Cl)cc1,CC(C)O,318.15,-2.940359367399541,,1,0.038732626585133
NCC(CC(=O)O)c1ccc(Cl)cc1,CCCO,273.15,-3.454958282955832,,1,0.0491972668874803
NCC(CC(=O)O)c1ccc(Cl)cc1,CCCO,278.15,-3.3894746758844536,,1,0.0491972668874803
NCC(CC(=O)O)c1ccc(Cl)cc1,CCCO,283.15,-3.326474159953429,,1,0.0491972668874803
NCC(CC(=O)O)c1ccc(Cl)cc1,CCCO,288.15,-3.265824517570133,,1,0.0491972668874803
NCC(CC(=O)O)c1ccc(Cl)cc1,CCCO,293.15,-3.2074026525095225,,1,0.0491972668874803
NCC(CC(=O)O)c1ccc(Cl)cc1,CCCO,293.2,-3.165416800880113,0.05856610272312696,2,0.0491972668874803
NCC(CC(=O)O)c1ccc(Cl)cc1,CCCO,298.15,-3.120952310702494,0.0426265312484182,2,0.0491972668874803
NCC(CC(=O)O)c1ccc(Cl)cc1,CCCO,298.2,-3.120495445050626,0.04249087949657813,2,0.0491972668874803
NCC(CC(=O)O)c1ccc(Cl)cc1,CCCO,303.15,-3.0745420911684618,0.03146461439601722,2,0.0491972668874803
NCC(CC(=O)O)c1ccc(Cl)cc1,CCCO,303.2,-3.074070810849321,0.031376985978052975,2,0.0491972668874803
NCC(CC(=O)O)c1ccc(Cl)cc1,CCCO,308.15,-3.0267490173344793,0.02495368672376788,2,0.0491972668874803
NCC(CC(=O)O)c1ccc(Cl)cc1,CCCO,308.2,-3.0262644907719034,0.024911061711950018,2,0.0491972668874803
NCC(CC(=O)O)c1ccc(Cl)cc1,CCCO,313.15,-2.9776854597049107,0.022802480264617498,2,0.0491972668874803
NCC(CC(=O)O)c1ccc(Cl)cc1,CCCO,313.2,-2.977188766334902,0.02280205226386697,2,0.0491972668874803
NCC(CC(=O)O)c1ccc(Cl)cc1,CCCO,318.15,-2.944949230732285,,1,0.0491972668874803
NCC(CC(=O)O)c1ccc(Cl)cc1,CCO,273.15,-3.4713629243688544,,1,0.0400388139616511
NCC(CC(=O)O)c1ccc(Cl)cc1,CCO,278.15,-3.406731288654079,,1,0.0400388139616511
NCC(CC(=O)O)c1ccc(Cl)cc1,CCO,283.15,-3.3457980985308566,,1,0.0400388139616511
NCC(CC(=O)O)c1ccc(Cl)cc1,CCO,288.15,-3.288346256352881,,1,0.0400388139616511
NCC(CC(=O)O)c1ccc(Cl)cc1,CCO,293.15,-3.2341743141277774,,1,0.0400388139616511
NCC(CC(=O)O)c1ccc(Cl)cc1,CCO,293.2,-3.241736131871077,0.012,2,0.0400388139616511
NCC(CC(=O)O)c1ccc(Cl)cc1,CCO,298.15,-3.170387192458602,0.01797172221227207,2,0.0400388139616511
NCC(CC(=O)O)c1ccc(Cl)cc1,CCO,298.2,-3.1697264584628844,0.018205012374869035,2,0.0400388139616511
NCC(CC(=O)O)c1ccc(Cl)cc1,CCO,303.15,-3.1100036484897213,0.03525768434389277,2,0.0400388139616511
NCC(CC(=O)O)c1ccc(Cl)cc1,CCO,303.2,-3.1094566438280182,0.03537022853926868,2,0.0400388139616511
NCC(CC(=O)O)c1ccc(Cl)cc1,CCO,308.15,-3.0606436187050363,0.040852433339066324,2,0.0400388139616511
NCC(CC(=O)O)c1ccc(Cl)cc1,CCO,308.2,-3.0602033702824514,0.04085188137202245,2,0.0400388139616511
NCC(CC(=O)O)c1ccc(Cl)cc1,CCO,313.15,-3.021634337520487,0.035493712742504874,2,0.0400388139616511
NCC(CC(=O)O)c1ccc(Cl)cc1,CCO,313.2,-3.021294360948035,0.03538717213645027,2,0.0400388139616511
NCC(CC(=O)O)c1ccc(Cl)cc1,CCO,318.15,-3.006398185482407,,1,0.0400388139616511
NCC(CC(=O)O)c1ccc(Cl)cc1,CO,273.15,-2.559756435103072,,1,0.0626183439811755
NCC(CC(=O)O)c1ccc(Cl)cc1,CO,278.15,-2.5332405516865997,,1,0.0626183439811755
NCC(CC(=O)O)c1ccc(Cl)cc1,CO,283.15,-2.5067666683731193,,1,0.0626183439811755
NCC(CC(=O)O)c1ccc(Cl)cc1,CO,288.15,-2.4803481211693565,,1,0.0626183439811755
NCC(CC(=O)O)c1ccc(Cl)cc1,CO,293.15,-2.4539968066562743,,1,0.0626183439811755
NCC(CC(=O)O)c1ccc(Cl)cc1,CO,293.2,-2.4837546018631844,0.04245600909500013,2,0.0626183439811755
NCC(CC(=O)O)c1ccc(Cl)cc1,CO,298.15,-2.463397751615,0.05045125181916755,2,0.0626183439811755
NCC(CC(=O)O)c1ccc(Cl)cc1,CO,298.2,-2.463162017984537,0.05048883483004004,2,0.0626183439811755
NCC(CC(=O)O)c1ccc(Cl)cc1,CO,303.15,-2.436977594096181,0.05012038126405706,2,0.0626183439811755
NCC(CC(=O)O)c1ccc(Cl)cc1,CO,303.2,-2.4366850106270768,0.05007626981123592,2,0.0626183439811755
NCC(CC(=O)O)c1ccc(Cl)cc1,CO,308.15,-2.4050621150781915,0.04188264108448377,2,0.0626183439811755
NCC(CC(=O)O)c1ccc(Cl)cc1,CO,308.2,-2.404716465399515,0.04176207419476603,2,0.0626183439811755
NCC(CC(=O)O)c1ccc(Cl)cc1,CO,313.15,-2.368015983696724,0.026243203187137534,2,0.0626183439811755
NCC(CC(=O)O)c1ccc(Cl)cc1,CO,313.2,-2.367620778830563,0.02605104697320582,2,0.0626183439811755
NCC(CC(=O)O)c1ccc(Cl)cc1,CO,318.15,-2.323581607494255,,1,0.0626183439811755
NCCS(=O)(=O)O,O,278.05,-0.3387616403652913,,1,0.0540580472571776
NCCS(=O)(=O)O,O,278.15,-0.3822475772585463,0.06382989290215324,2,0.0540580472571776
NCCS(=O)(=O)O,O,281.25,-0.3293092991842217,0.06013792443092572,2,0.0540580472571776
NCCS(=O)(=O)O,O,283.15,-0.2976089723392157,0.05789482558861056,2,0.0540580472571776
NCCS(=O)(=O)O,O,288.15,-0.21679397398045186,0.05206191139361497,2,0.0540580472571776
NCCS(=O)(=O)O,O,288.75,-0.20734295359306643,0.05136866040946131,2,0.0540580472571776
NCCS(=O)(=O)O,O,289.85,-0.19015000045259,0.05010137178677078,2,0.0540580472571776
NCCS(=O)(=O)O,O,293.15,-0.13959181627062645,0.04632769422794317,2,0.0540580472571776
NCCS(=O)(=O)O,O,298.15,-0.06580637868995876,0.040688890432348634,2,0.0540580472571776
NCCS(=O)(=O)O,O,303.15,0.0047450467558487475,0.03514237749767452,2,0.0540580472571776
NCCS(=O)(=O)O,O,305.35,0.03480746477430863,0.032730378645930265,2,0.0540580472571776
NCCS(=O)(=O)O,O,308.15,0.0722328667466865,0.029685183692291506,2,0.0540580472571776
NCCS(=O)(=O)O,O,308.25,0.07355248518759261,0.029576931202943656,2,0.0540580472571776
NCCS(=O)(=O)O,O,310.95,0.10874760471996492,0.026667109197221657,2,0.0540580472571776
NCCS(=O)(=O)O,O,313.15,0.13681618993101186,0.02431447851064131,2,0.0540580472571776
NCCS(=O)(=O)O,O,314.85,0.158139588348992,0.02250765773100264,2,0.0540580472571776
NCCS(=O)(=O)O,O,318.15,0.1986437342698446,0.019027563866143467,2,0.0540580472571776
NCCS(=O)(=O)O,O,318.35,0.2010615148640742,0.0188177933137312,2,0.0540580472571776
NCCS(=O)(=O)O,O,321.55,0.23918373521512848,0.015479004881231172,2,0.0540580472571776
NCCS(=O)(=O)O,O,323.15,0.25785464893605425,0.013821865959956502,2,0.0540580472571776
NCCS(=O)(=O)O,O,331.75,0.35752193660302467,,1,0.0540580472571776
NCCS(=O)(=O)O,O,340.95,0.44640073979927664,,1,0.0540580472571776
NCCS(=O)(=O)O,O,345.15,0.4846479175574956,,1,0.0540580472571776
NCCS(=O)(=O)O,O,350.25,0.5292438622897144,,1,0.0540580472571776
NCCS(=O)(=O)O,O,353.55,0.557063310543839,,1,0.0540580472571776
NNC(=O)c1ccncc1,CCO,283.15,-1.3391608583507235,,1,0.0461356277438547
NNC(=O)c1ccncc1,CCO,288.15,-1.255763909329012,,1,0.0461356277438547
NNC(=O)c1ccncc1,CCO,293.15,-1.1765135045392228,,1,0.0461356277438547
NNC(=O)c1ccncc1,CCO,298.15,-1.1011791987620185,,1,0.0461356277438547
NNC(=O)c1ccncc1,CCO,301.0,-1.0466980736509068,0.01868173811152739,2,0.0461356277438547
NNC(=O)c1ccncc1,CCO,303.0,-1.0166492889623235,0.021205071195613146,2,0.0461356277438547
NNC(=O)c1ccncc1,CCO,303.15,-1.014378888381053,0.02145020022384803,2,0.0461356277438547
NNC(=O)c1ccncc1,CCO,308.0,-0.9397575236327835,0.03344992346122529,2,0.0461356277438547
NNC(=O)c1ccncc1,CCO,308.15,-0.9374132122571783,0.03394421182744285,2,0.0461356277438547
NNC(=O)c1ccncc1,CCO,311.0,-0.8924735046837124,0.04469193941081127,2,0.0461356277438547
NNC(=O)c1ccncc1,CCO,313.0,-0.8604977797707587,0.053739553254109194,2,0.0461356277438547
NNC(=O)c1ccncc1,CCO,313.15,-0.8965994456146049,,1,0.0461356277438547
NNC(=O)c1ccncc1,CCO,318.15,-0.8349244141254069,,1,0.0461356277438547
NNC(=O)c1ccncc1,CCO,323.15,-0.776227427104125,,1,0.0461356277438547
NNC(=O)c1ccncc1,CCOC(C)=O,283.15,-1.9935949907813324,,1,0.0511884866986786
NNC(=O)c1ccncc1,CCOC(C)=O,288.15,-1.920690217366463,,1,0.0511884866986786
NNC(=O)c1ccncc1,CCOC(C)=O,293.15,-1.848264003311833,,1,0.0511884866986786
NNC(=O)c1ccncc1,CCOC(C)=O,298.15,-1.776325956254233,,1,0.0511884866986786
NNC(=O)c1ccncc1,CCOC(C)=O,301.0,-1.7632507936687425,0.03918504934021543,2,0.0511884866986786
NNC(=O)c1ccncc1,CCOC(C)=O,303.0,-1.7349330260433256,0.039475095801445564,2,0.0511884866986786
NNC(=O)c1ccncc1,CCOC(C)=O,303.15,-1.732788498483579,0.03946300692313985,2,0.0511884866986786
NNC(=O)c1ccncc1,CCOC(C)=O,308.0,-1.6619482394614202,0.03660429468404954,2,0.0511884866986786
NNC(=O)c1ccncc1,CCOC(C)=O,308.15,-1.6597121257337406,0.036441260068991975,2,0.0511884866986786
NNC(=O)c1ccncc1,CCOC(C)=O,311.0,-1.6167316660271318,0.03252167868966301,2,0.0511884866986786
NNC(=O)c1ccncc1,CCOC(C)=O,313.0,-1.586023576105962,0.028858661611144,2,0.0511884866986786
NNC(=O)c1ccncc1,CCOC(C)=O,313.15,-1.563511868131883,,1,0.0511884866986786
NNC(=O)c1ccncc1,CCOC(C)=O,318.15,-1.4935904672779259,,1,0.0511884866986786
NNC(=O)c1ccncc1,CCOC(C)=O,323.15,-1.4241826910131223,,1,0.0511884866986786
NNC(=O)c1ccncc1,CO,283.15,-0.843180356595898,,1,0.0211590316741256
NNC(=O)c1ccncc1,CO,288.15,-0.7712312363972487,,1,0.0211590316741256
NNC(=O)c1ccncc1,CO,293.15,-0.700208552112958,,1,0.0211590316741256
NNC(=O)c1ccncc1,CO,298.15,-0.6300913201894325,,1,0.0211590316741256
NNC(=O)c1ccncc1,CO,301.0,-0.5849366405305148,0.012,2,0.0211590316741256
NNC(=O)c1ccncc1,CO,303.0,-0.5557490792172146,0.012,2,0.0211590316741256
NNC(=O)c1ccncc1,CO,303.15,-0.5535636144892138,0.012,2,0.0211590316741256
NNC(=O)c1ccncc1,CO,308.0,-0.48317172118893126,0.01606385825634389,2,0.0211590316741256
NNC(=O)c1ccncc1,CO,308.15,-0.48100305951716216,0.016247774883984545,2,0.0211590316741256
NNC(=O)c1ccncc1,CO,311.0,-0.43989448775374385,0.01981010858090215,2,0.0211590316741256
NNC(=O)c1ccncc1,CO,313.0,-0.41115536075740167,0.022385200028445063,2,0.0211590316741256
NNC(=O)c1ccncc1,CO,313.15,-0.42497056929711974,,1,0.0211590316741256
NNC(=O)c1ccncc1,CO,318.15,-0.3582760376899081,,1,0.0211590316741256
NNC(=O)c1ccncc1,CO,323.15,-0.2923900404176578,,1,0.0211590316741256
NS(=O)(=O)Cc1noc2ccccc12,CC#N,273.15,-0.9541048226095583,,1,0.0192470084761311
NS(=O)(=O)Cc1noc2ccccc12,CC#N,278.15,-0.8719396208796484,0.012,2,0.0192470084761311
NS(=O)(=O)Cc1noc2ccccc12,CC#N,283.15,-0.8003568542852277,0.012,2,0.0192470084761311
NS(=O)(=O)Cc1noc2ccccc12,CC#N,288.15,-0.7330546385153034,0.013787985335084381,2,0.0192470084761311
NS(=O)(=O)Cc1noc2ccccc12,CC#N,293.15,-0.6697833033268479,0.01686978949094171,2,0.0192470084761311
NS(=O)(=O)Cc1noc2ccccc12,CC#N,298.15,-0.6103109543134733,0.018009411175815494,2,0.0192470084761311
NS(=O)(=O)Cc1noc2ccccc12,CC#N,303.15,-0.554421956108424,0.01733328185182647,2,0.0192470084761311
NS(=O)(=O)Cc1noc2ccccc12,CC#N,308.15,-0.5019155665580559,0.01495864270005049,2,0.0192470084761311
NS(=O)(=O)Cc1noc2ccccc12,CC#N,313.15,-0.4526047047284165,0.012,2,0.0192470084761311
NS(=O)(=O)Cc1noc2ccccc12,CC#N,318.15,-0.41023323946492596,,1,0.0192470084761311
NS(=O)(=O)Cc1noc2ccccc12,CC#N,323.15,-0.36195955888694087,,1,0.0192470084761311
NS(=O)(=O)Cc1noc2ccccc12,CC(C)O,273.15,-2.0810214294248652,,1,0.0222322627639336
NS(=O)(=O)Cc1noc2ccccc12,CC(C)O,278.15,-1.9773477638159986,0.012,2,0.0222322627639336
NS(=O)(=O)Cc1noc2ccccc12,CC(C)O,283.15,-1.8901685678924145,0.012,2,0.0222322627639336
NS(=O)(=O)Cc1noc2ccccc12,CC(C)O,288.15,-1.8079822628135773,0.015380423214865605,2,0.0222322627639336
NS(=O)(=O)Cc1noc2ccccc12,CC(C)O,293.15,-1.7304998108346994,0.019867860919974813,2,0.0222322627639336
NS(=O)(=O)Cc1noc2ccccc12,CC(C)O,298.15,-1.6574526887254348,0.02171922273049171,2,0.0222322627639336
NS(=O)(=O)Cc1noc2ccccc12,CC(C)O,303.15,-1.588591140276412,0.021105942412230454,2,0.0222322627639336
NS(=O)(=O)Cc1noc2ccccc12,CC(C)O,308.15,-1.5236826025503383,0.018186996397384508,2,0.0222322627639336
NS(=O)(=O)Cc1noc2ccccc12,CC(C)O,313.15,-1.4625102861696466,0.01310996205462959,2,0.0222322627639336
NS(=O)(=O)Cc1noc2ccccc12,CC(C)O,318.15,-1.4091229987213043,,1,0.0222322627639336
NS(=O)(=O)Cc1noc2ccccc12,CC(C)O,323.15,-1.3484716821290215,,1,0.0222322627639336
NS(=O)(=O)Cc1noc2ccccc12,CCO,273.15,-1.7075675719789203,,1,0.0128376609485018
NS(=O)(=O)Cc1noc2ccccc12,CCO,278.15,-1.6230304169806975,0.012,2,0.0128376609485018
NS(=O)(=O)Cc1noc2ccccc12,CCO,283.15,-1.5548198575894143,0.012,2,0.0128376609485018
NS(=O)(=O)Cc1noc2ccccc12,CCO,288.15,-1.4901227502286196,0.012,2,0.0128376609485018
NS(=O)(=O)Cc1noc2ccccc12,CCO,293.15,-1.428739764608122,0.012,2,0.0128376609485018
NS(=O)(=O)Cc1noc2ccccc12,CCO,298.15,-1.3704855974792558,0.012,2,0.0128376609485018
NS(=O)(=O)Cc1noc2ccccc12,CCO,303.15,-1.3151877834004262,0.013204649059493038,2,0.0128376609485018
NS(=O)(=O)Cc1noc2ccccc12,CCO,308.15,-1.2626856233880455,0.014300972196719986,2,0.0128376609485018
NS(=O)(=O)Cc1noc2ccccc12,CCO,313.15,-1.2128292181088742,0.014425022497393818,2,0.0128376609485018
NS(=O)(=O)Cc1noc2ccccc12,CCO,318.15,-1.1751216717744812,,1,0.0128376609485018
NS(=O)(=O)Cc1noc2ccccc12,CCO,323.15,-1.1289842233331413,,1,0.0128376609485018
NS(=O)(=O)Cc1noc2ccccc12,CN(C)C=O,273.15,-0.5728872400105729,,1,0.0429922855958719
NS(=O)(=O)Cc1noc2ccccc12,CN(C)C=O,278.15,-0.41609772300201797,0.02290643129418976,2,0.0429922855958719
NS(=O)(=O)Cc1noc2ccccc12,CN(C)C=O,283.15,-0.31168983607236456,0.012,2,0.0429922855958719
NS(=O)(=O)Cc1noc2ccccc12,CN(C)C=O,288.15,-0.21512177411079847,0.027808835418770154,2,0.0429922855958719
NS(=O)(=O)Cc1noc2ccccc12,CN(C)C=O,293.15,-0.1259204629197921,0.040389920833915335,2,0.0429922855958719
NS(=O)(=O)Cc1noc2ccccc12,CN(C)C=O,298.15,-0.04364697495217129,0.04519631027849338,2,0.0429922855958719
NS(=O)(=O)Cc1noc2ccccc12,CN(C)C=O,303.15,0.032106406078575844,0.04273398276450153,2,0.0429922855958719
NS(=O)(=O)Cc1noc2ccccc12,CN(C)C=O,308.15,0.10171882706107915,0.03347214111308489,2,0.0429922855958719
NS(=O)(=O)Cc1noc2ccccc12,CN(C)C=O,313.15,0.1655432472477436,0.017846336532086608,2,0.0429922855958719
NS(=O)(=O)Cc1noc2ccccc12,CN(C)C=O,318.15,0.22655225860523487,,1,0.0429922855958719
NS(=O)(=O)Cc1noc2ccccc12,CN(C)C=O,323.15,0.2989759348282597,,1,0.0429922855958719
N[C@@H](Cc1c[nH]c2ccccc12)C(=O)O,CCO,278.15,-2.7045829808325905,,1,0.0148818297248797
N[C@@H](Cc1c[nH]c2ccccc12)C(=O)O,CCO,283.15,-2.6451798151492625,,1,0.0148818297248797
N[C@@H](Cc1c[nH]c2ccccc12)C(=O)O,CCO,288.15,-2.5970234610494174,0.01729182335252444,2,0.0148818297248797
N[C@@H](Cc1c[nH]c2ccccc12)C(=O)O,CCO,293.15,-2.5225101443215507,0.012,2,0.0148818297248797
N[C@@H](Cc1c[nH]c2ccccc12)C(=O)O,CCO,298.15,-2.4530838885986306,0.012,2,0.0148818297248797
N[C@@H](Cc1c[nH]c2ccccc12)C(=O)O,CCO,303.15,-2.3884502967201016,0.014554648783142039,2,0.0148818297248797
N[C@@H](Cc1c[nH]c2ccccc12)C(=O)O,CCO,308.15,-2.3283354643793253,0.012,2,0.0148818297248797
N[C@@H](Cc1c[nH]c2ccccc12)C(=O)O,CCO,313.15,-2.2714607690835322,,1,0.0148818297248797
N[C@@H](Cc1c[nH]c2ccccc12)C(=O)O,CCO,318.15,-2.20706380597462,,1,0.0148818297248797
N[C@@H](Cc1c[nH]c2ccccc12)C(=O)O,CCO,323.15,-2.1422456277138906,,1,0.0148818297248797
N[C@@H](Cc1c[nH]c2ccccc12)C(=O)O,CCO,328.15,-2.0770622733593385,,1,0.0148818297248797
N[C@@H](Cc1c[nH]c2ccccc12)C(=O)O,CCO,333.15,-2.0115653134884255,,1,0.0148818297248797
N[C@@H](Cc1c[nH]c2ccccc12)C(=O)O,O,278.15,-1.2699689682946342,,1,0.0605984714581246
N[C@@H](Cc1c[nH]c2ccccc12)C(=O)O,O,283.15,-1.2359303349902149,,1,0.0605984714581246
N[C@@H](Cc1c[nH]c2ccccc12)C(=O)O,O,288.15,-1.1941605084084665,0.012,2,0.0605984714581246
N[C@@H](Cc1c[nH]c2ccccc12)C(=O)O,O,293.15,-1.1685981991399301,0.016160595414013653,2,0.0605984714581246
N[C@@H](Cc1c[nH]c2ccccc12)C(=O)O,O,298.15,-1.1416086429388517,0.040504335522926954,2,0.0605984714581246
N[C@@H](Cc1c[nH]c2ccccc12)C(=O)O,O,303.15,-1.11330014539359,0.06708890109144847,2,0.0605984714581246
N[C@@H](Cc1c[nH]c2ccccc12)C(=O)O,O,308.15,-1.0837727595806754,0.09575582049147335,2,0.0605984714581246
N[C@@H](Cc1c[nH]c2ccccc12)C(=O)O,O,313.15,-0.9637701780286676,,1,0.0605984714581246
N[C@@H](Cc1c[nH]c2ccccc12)C(=O)O,O,318.15,-0.9091639974451908,,1,0.0605984714581246
N[C@@H](Cc1c[nH]c2ccccc12)C(=O)O,O,323.15,-0.8524132297560811,,1,0.0605984714581246
N[C@@H](Cc1c[nH]c2ccccc12)C(=O)O,O,328.15,-0.793674334902704,,1,0.0605984714581246
N[C@@H](Cc1c[nH]c2ccccc12)C(=O)O,O,333.15,-0.7330926260181343,,1,0.0605984714581246
N[C@@H](Cc1ccccc1)C(=O)O,CCO,283.15,-2.6665929106627004,,1,0.1462001250680091
N[C@@H](Cc1ccccc1)C(=O)O,CCO,288.15,-2.720639677264213,0.13413833631531977,2,0.1462001250680091
N[C@@H](Cc1ccccc1)C(=O)O,CCO,293.15,-2.676180044158004,0.124886083546459,2,0.1462001250680091
N[C@@H](Cc1ccccc1)C(=O)O,CCO,298.15,-2.629293301743191,0.10836065843094433,2,0.1462001250680091
N[C@@H](Cc1ccccc1)C(=O)O,CCO,303.15,-2.5801641769067523,0.08504703092715568,2,0.1462001250680091
N[C@@H](Cc1ccccc1)C(=O)O,CCO,308.15,-2.5289633093985557,0.05539463481613704,2,0.1462001250680091
N[C@@H](Cc1ccccc1)C(=O)O,CCO,313.15,-2.4618333382806483,,1,0.1462001250680091
N[C@@H](Cc1ccccc1)C(=O)O,CCO,318.15,-2.4360189541141075,,1,0.1462001250680091
N[C@@H](Cc1ccccc1)C(=O)O,CCO,323.15,-2.4122310344068083,,1,0.1462001250680091
N[C@@H](Cc1ccccc1)C(=O)O,O,283.15,-0.8153733561988297,,1,0.0656619809748236
N[C@@H](Cc1ccccc1)C(=O)O,O,288.15,-0.853650518671456,0.0850833776966904,2,0.0656619809748236
N[C@@H](Cc1ccccc1)C(=O)O,O,293.15,-0.8167031149044375,0.06470741433582557,2,0.0656619809748236
N[C@@H](Cc1ccccc1)C(=O)O,O,298.15,-0.7800355402605508,0.04557174074598521,2,0.0656619809748236
N[C@@H](Cc1ccccc1)C(=O)O,O,303.15,-0.7436497738957284,0.027605801120074446,2,0.0656619809748236
N[C@@H](Cc1ccccc1)C(=O)O,O,308.15,-0.7075471528847732,0.012,2,0.0656619809748236
N[C@@H](Cc1ccccc1)C(=O)O,O,313.15,-0.6753170969516553,,1,0.0656619809748236
N[C@@H](Cc1ccccc1)C(=O)O,O,318.15,-0.650271291270407,,1,0.0656619809748236
N[C@@H](Cc1ccccc1)C(=O)O,O,323.15,-0.6248501719312713,,1,0.0656619809748236
Nc1ccc(O)c(C(=O)O)c1,O,293.15,-2.3054460078033117,,1,0.0726239701676362
Nc1ccc(O)c(C(=O)O)c1,O,293.2,-2.2424803861367764,0.06446759787319638,3,0.0726239701676362
Nc1ccc(O)c(C(=O)O)c1,O,298.15,-2.1930969406562846,0.048729527052216864,3,0.0726239701676362
Nc1ccc(O)c(C(=O)O)c1,O,298.2,-2.1926193877947355,0.048637442191923674,3,0.0726239701676362
Nc1ccc(O)c(C(=O)O)c1,O,303.15,-2.147364349806992,0.0457826991963391,3,0.0726239701676362
Nc1ccc(O)c(C(=O)O)c1,O,303.2,-2.1469272490988565,0.04581513529894488,3,0.0726239701676362
Nc1ccc(O)c(C(=O)O)c1,O,308.15,-2.1055591168880645,0.05475083011041734,3,0.0726239701676362
Nc1ccc(O)c(C(=O)O)c1,O,308.2,-2.105160115776883,0.05489753728236279,3,0.0726239701676362
Nc1ccc(O)c(C(=O)O)c1,O,313.15,-2.0674541056015507,0.07479650647798822,3,0.0726239701676362
Nc1ccc(O)c(C(=O)O)c1,O,313.2,-2.0670910132235085,0.07505084008763467,3,0.0726239701676362
Nc1ccc(S(=O)(=O)Nc2ccccn2)cc1,O,293.15,-2.891569897792346,,1,0.0807055870527672
Nc1ccc(S(=O)(=O)Nc2ccccn2)cc1,O,298.15,-2.901844610230064,0.10528225669856514,2,0.0807055870527672
Nc1ccc(S(=O)(=O)Nc2ccccn2)cc1,O,303.15,-2.8131199129210365,0.06693018157401032,2,0.0807055870527672
Nc1ccc(S(=O)(=O)Nc2ccccn2)cc1,O,308.15,-2.7351579968557576,0.040357851905309675,2,0.0807055870527672
Nc1ccc(S(=O)(=O)Nc2ccccn2)cc1,O,313.15,-2.667317435355326,0.024832786085418904,2,0.0807055870527672
Nc1ccc(S(=O)(=O)Nc2ncccn2)cc1,CO,278.15,-2.74354855308286,,1,0.0979240685423128
Nc1ccc(S(=O)(=O)Nc2ncccn2)cc1,CO,283.15,-2.6190277831382787,,1,0.0979240685423128
Nc1ccc(S(=O)(=O)Nc2ncccn2)cc1,CO,288.15,-2.5061097603554288,,1,0.0979240685423128
Nc1ccc(S(=O)(=O)Nc2ncccn2)cc1,CO,293.15,-2.4040765870894916,,1,0.0979240685423128
Nc1ccc(S(=O)(=O)Nc2ncccn2)cc1,CO,294.15,-2.285747168283857,0.14024689033009152,2,0.0979240685423128
Nc1ccc(S(=O)(=O)Nc2ncccn2)cc1,CO,298.15,-2.2341510776090168,0.11046650014398686,2,0.0979240685423128
Nc1ccc(S(=O)(=O)Nc2ncccn2)cc1,CO,303.15,-2.1741528899838443,0.0790508663837396,2,0.0979240685423128
Nc1ccc(S(=O)(=O)Nc2ncccn2)cc1,CO,308.15,-2.118880850113799,0.05371821385445284,2,0.0979240685423128
Nc1ccc(S(=O)(=O)Nc2ncccn2)cc1,CO,313.15,-2.0680641965092637,0.03409631069558971,2,0.0979240685423128
Nc1ccc(S(=O)(=O)Nc2ncccn2)cc1,CO,318.15,-2.0214505837109087,0.01983886655281657,2,0.0979240685423128
Nc1ccc(S(=O)(=O)Nc2ncccn2)cc1,O,278.15,-4.01856125738812,0.06294676199192442,2,0.0243604757232164
Nc1ccc(S(=O)(=O)Nc2ncccn2)cc1,O,283.15,-3.897301439542532,0.047467841416415295,2,0.0243604757232164
Nc1ccc(S(=O)(=O)Nc2ncccn2)cc1,O,288.15,-3.780062775216582,0.03337054059845578,2,0.0243604757232164
Nc1ccc(S(=O)(=O)Nc2ncccn2)cc1,O,293.15,-3.666642699570207,0.020569760070030876,2,0.0243604757232164
Nc1ccc(S(=O)(=O)Nc2ncccn2)cc1,O,298.15,-3.561310604109861,0.012,3,0.0243604757232164
Nc1ccc(S(=O)(=O)Nc2ncccn2)cc1,O,303.15,-3.459757407958795,0.016042338006652446,3,0.0243604757232164
Nc1ccc(S(=O)(=O)Nc2ncccn2)cc1,O,308.15,-3.3519920020725658,0.012,3,0.0243604757232164
Nc1ccc(S(=O)(=O)Nc2ncccn2)cc1,O,313.15,-3.238463775834487,0.02076327072643505,3,0.0243604757232164
Nc1ccc(S(=O)(=O)Nc2ncccn2)cc1,O,318.15,-3.13183533559514,,1,0.0243604757232164
Nc1ccc(S(=O)(=O)Nc2ncccn2)cc1,O,323.15,-3.033162323178244,,1,0.0243604757232164
Nc1ccc(S(=O)(=O)Nc2ncccn2)cc1,O,328.15,-2.9378117464438205,,1,0.0243604757232164
Nc1ccc(S(=O)(=O)Nc2ncccn2)cc1,O,333.15,-2.845629278228177,,1,0.0243604757232164
Nc1ccc(S(=O)(=O)c2ccc(N)cc2)cc1,CC(C)=O,278.15,-0.13123096497674425,,1,0.0148539887737121
Nc1ccc(S(=O)(=O)c2ccc(N)cc2)cc1,CC(C)=O,283.15,-0.0464836811724858,0.02333870405632865,2,0.0148539887737121
Nc1ccc(S(=O)(=O)c2ccc(N)cc2)cc1,CC(C)=O,288.15,0.008822110697241925,0.012,2,0.0148539887737121
Nc1ccc(S(=O)(=O)c2ccc(N)cc2)cc1,CC(C)=O,293.15,0.06730230493920786,0.012,2,0.0148539887737121
Nc1ccc(S(=O)(=O)c2ccc(N)cc2)cc1,CC(C)=O,298.15,0.128712314794182,0.013662102088044865,2,0.0148539887737121
Nc1ccc(S(=O)(=O)c2ccc(N)cc2)cc1,CC(C)=O,303.15,0.1928264902488337,0.01631781584939425,2,0.0148539887737121
Nc1ccc(S(=O)(=O)c2ccc(N)cc2)cc1,CC(C)=O,308.15,0.25943644536891597,0.014647717607945109,2,0.0148539887737121
Nc1ccc(S(=O)(=O)c2ccc(N)cc2)cc1,CC(C)=O,313.15,0.32834955458437065,0.012,2,0.0148539887737121
Nc1ccc(S(=O)(=O)c2ccc(N)cc2)cc1,CC(C)=O,318.15,0.39938759865608375,0.012,2,0.0148539887737121
Nc1ccc(S(=O)(=O)c2ccc(N)cc2)cc1,CC(C)=O,323.15,0.47238554350146345,0.013663825237316733,2,0.0148539887737121
Nc1ccc(S(=O)(=O)c2ccc(N)cc2)cc1,CCO,278.15,-1.2821545697394825,,1,0.0163613976040441
Nc1ccc(S(=O)(=O)c2ccc(N)cc2)cc1,CCO,283.15,-1.2114747719660448,0.020373288110063285,2,0.0163613976040441
Nc1ccc(S(=O)(=O)c2ccc(N)cc2)cc1,CCO,288.15,-1.1680023552001035,0.012,2,0.0163613976040441
Nc1ccc(S(=O)(=O)c2ccc(N)cc2)cc1,CCO,293.15,-1.1225931525960657,0.012,2,0.0163613976040441
Nc1ccc(S(=O)(=O)c2ccc(N)cc2)cc1,CCO,298.15,-1.0754019590382118,0.014877708314355424,2,0.0163613976040441
Nc1ccc(S(=O)(=O)c2ccc(N)cc2)cc1,CCO,303.15,-1.0265714647535198,0.018287435691318563,2,0.0163613976040441
Nc1ccc(S(=O)(=O)c2ccc(N)cc2)cc1,CCO,308.15,-0.9762333294805954,0.017968082819528563,2,0.0163613976040441
Nc1ccc(S(=O)(=O)c2ccc(N)cc2)cc1,CCO,313.15,-0.9245091478471679,0.014156053813205291,2,0.0163613976040441
Nc1ccc(S(=O)(=O)c2ccc(N)cc2)cc1,CCO,318.15,-0.8715113183871273,0.012,2,0.0163613976040441
Nc1ccc(S(=O)(=O)c2ccc(N)cc2)cc1,CCO,323.15,-0.8173438270462317,0.012,2,0.0163613976040441
Nc1ccc(S(=O)(=O)c2ccc(N)cc2)cc1,CCOC(C)=O,278.15,-0.9940886759332823,,1,0.0054503228045076
Nc1ccc(S(=O)(=O)c2ccc(N)cc2)cc1,CCOC(C)=O,283.15,-0.9758071904577446,0.012,2,0.0054503228045076
Nc1ccc(S(=O)(=O)c2ccc(N)cc2)cc1,CCOC(C)=O,288.15,-0.9653702986454162,0.012,2,0.0054503228045076
Nc1ccc(S(=O)(=O)c2ccc(N)cc2)cc1,CCOC(C)=O,293.15,-0.9543538861007832,0.012,2,0.0054503228045076
Nc1ccc(S(=O)(=O)c2ccc(N)cc2)cc1,CCOC(C)=O,298.15,-0.9428027993792553,0.012,2,0.0054503228045076
Nc1ccc(S(=O)(=O)c2ccc(N)cc2)cc1,CCOC(C)=O,303.15,-0.9307584086687783,0.012,2,0.0054503228045076
Nc1ccc(S(=O)(=O)c2ccc(N)cc2)cc1,CCOC(C)=O,308.15,-0.9182589150284275,0.012,2,0.0054503228045076
Nc1ccc(S(=O)(=O)c2ccc(N)cc2)cc1,CCOC(C)=O,313.15,-0.9053396265833408,0.012,2,0.0054503228045076
Nc1ccc(S(=O)(=O)c2ccc(N)cc2)cc1,CCOC(C)=O,318.15,-0.8920332072176353,0.012,2,0.0054503228045076
Nc1ccc(S(=O)(=O)c2ccc(N)cc2)cc1,CCOC(C)=O,323.15,-0.8783699008568132,0.012,2,0.0054503228045076
Nc1ccc(S(=O)(=O)c2ccc(N)cc2)cc1,CO,278.15,-0.8851586111752843,,1,0.0277929318833071
Nc1ccc(S(=O)(=O)c2ccc(N)cc2)cc1,CO,283.15,-0.7919253828013639,0.03418962362900673,2,0.0277929318833071
Nc1ccc(S(=O)(=O)c2ccc(N)cc2)cc1,CO,288.15,-0.7409896705914512,0.012,2,0.0277929318833071
Nc1ccc(S(=O)(=O)c2ccc(N)cc2)cc1,CO,293.15,-0.6882882404779469,0.012,2,0.0277929318833071
Nc1ccc(S(=O)(=O)c2ccc(N)cc2)cc1,CO,298.15,-0.6339686816780885,0.017582959529711815,2,0.0277929318833071
Nc1ccc(S(=O)(=O)c2ccc(N)cc2)cc1,CO,303.15,-0.5781669079233072,0.024916518190917197,2,0.0277929318833071
Nc1ccc(S(=O)(=O)c2ccc(N)cc2)cc1,CO,308.15,-0.5210081990596565,0.027810135384294336,2,0.0277929318833071
Nc1ccc(S(=O)(=O)c2ccc(N)cc2)cc1,CO,313.15,-0.46260813683334767,0.026543583600393203,2,0.0277929318833071
Nc1ccc(S(=O)(=O)c2ccc(N)cc2)cc1,CO,318.15,-0.40307344697607483,0.021376938603775326,2,0.0277929318833071
Nc1ccc(S(=O)(=O)c2ccc(N)cc2)cc1,CO,323.15,-0.3425027581608808,0.01255220116423706,2,0.0277929318833071
Nc1ccc(S(N)(=O)=O)cc1,CC(C)=O,278.15,0.10193675117178103,,1,0.0081947991802959
Nc1ccc(S(N)(=O)=O)cc1,CC(C)=O,283.15,0.11145897118896642,,1,0.0081947991802959
Nc1ccc(S(N)(=O)=O)cc1,CC(C)=O,283.45,0.12536648951972218,0.018800943258103775,2,0.0081947991802959
Nc1ccc(S(N)(=O)=O)cc1,CC(C)=O,288.15,0.131705837820407,0.013346139993044629,2,0.0081947991802959
Nc1ccc(S(N)(=O)=O)cc1,CC(C)=O,288.45,0.13217019675551533,0.013030646829567887,2,0.0081947991802959
Nc1ccc(S(N)(=O)=O)cc1,CC(C)=O,293.15,0.1403383300335701,0.012,2,0.0081947991802959
Nc1ccc(S(N)(=O)=O)cc1,CC(C)=O,293.35,0.1407222453132384,0.012,2,0.0081947991802959
Nc1ccc(S(N)(=O)=O)cc1,CC(C)=O,298.15,0.1507859686481332,0.012,2,0.0081947991802959
Nc1ccc(S(N)(=O)=O)cc1,CC(C)=O,303.15,0.16292422257658323,0.012,2,0.0081947991802959
Nc1ccc(S(N)(=O)=O)cc1,CC(C)=O,308.15,0.17663777000597136,0.012,2,0.0081947991802959
Nc1ccc(S(N)(=O)=O)cc1,CC(C)=O,313.15,0.19181970920246982,0.012,2,0.0081947991802959
Nc1ccc(S(N)(=O)=O)cc1,CC(C)=O,318.15,0.20837084712748144,0.012,2,0.0081947991802959
Nc1ccc(S(N)(=O)=O)cc1,CC(C)=O,323.15,0.22543212566142046,,1,0.0081947991802959
Nc1ccc(S(N)(=O)=O)cc1,CC(C)O,278.15,-2.578909269192252,,1,0.0520856274384539
Nc1ccc(S(N)(=O)=O)cc1,CC(C)O,283.15,-2.3174387784001738,,1,0.0520856274384539
Nc1ccc(S(N)(=O)=O)cc1,CC(C)O,283.25,-2.2359119781860457,0.10828820911269521,2,0.0520856274384539
Nc1ccc(S(N)(=O)=O)cc1,CC(C)O,288.15,-2.039797393141896,0.060063588521086855,2,0.0520856274384539
Nc1ccc(S(N)(=O)=O)cc1,CC(C)O,288.95,-2.0093536421119467,0.05319891643899941,2,0.0520856274384539
Nc1ccc(S(N)(=O)=O)cc1,CC(C)O,293.15,-1.856483359985937,0.021603907125931267,2,0.0520856274384539
Nc1ccc(S(N)(=O)=O)cc1,CC(C)O,293.65,-1.8390457508100724,0.018327956325327747,2,0.0520856274384539
Nc1ccc(S(N)(=O)=O)cc1,CC(C)O,298.15,-1.6891247147921788,0.012,2,0.0520856274384539
Nc1ccc(S(N)(=O)=O)cc1,CC(C)O,303.15,-1.5367702107122625,0.025478131173275916,2,0.0520856274384539
Nc1ccc(S(N)(=O)=O)cc1,CC(C)O,308.15,-1.3985355904504644,0.03535195711577152,2,0.0520856274384539
Nc1ccc(S(N)(=O)=O)cc1,CC(C)O,313.15,-1.2735979866849476,0.03687446461311178,2,0.0520856274384539
Nc1ccc(S(N)(=O)=O)cc1,CC(C)O,318.15,-1.1611908663175683,0.030565701688910617,2,0.0520856274384539
Nc1ccc(S(N)(=O)=O)cc1,CC(C)O,323.15,-1.0725563662409883,,1,0.0520856274384539
Nc1ccc(S(N)(=O)=O)cc1,CCC(C)O,278.15,-2.922070748387114,,1,0.1010143057447229
Nc1ccc(S(N)(=O)=O)cc1,CCC(C)O,283.15,-2.6255658965440034,,1,0.1010143057447229
Nc1ccc(S(N)(=O)=O)cc1,CCC(C)O,283.25,-2.5169534976214507,0.14582135435601268,2,0.1010143057447229
Nc1ccc(S(N)(=O)=O)cc1,CCC(C)O,288.15,-2.3358019928522253,0.04867919027934396,2,0.1010143057447229
Nc1ccc(S(N)(=O)=O)cc1,CCC(C)O,293.15,-2.170162892498496,0.023691645595543473,2,0.1010143057447229
Nc1ccc(S(N)(=O)=O)cc1,CCC(C)O,293.25,-2.167039744860382,0.024875580831116406,2,0.1010143057447229
Nc1ccc(S(N)(=O)=O)cc1,CCC(C)O,298.15,-2.0227393220599126,0.07078280521385608,2,0.1010143057447229
Nc1ccc(S(N)(=O)=O)cc1,CCC(C)O,303.15,-1.8924211420976178,0.09422208894306684,2,0.1010143057447229
Nc1ccc(S(N)(=O)=O)cc1,CCC(C)O,308.15,-1.7781770427852166,0.09551941289353612,2,0.1010143057447229
Nc1ccc(S(N)(=O)=O)cc1,CCC(C)O,313.15,-1.6790479259153415,0.07607680622161184,2,0.1010143057447229
Nc1ccc(S(N)(=O)=O)cc1,CCC(C)O,318.15,-1.5941409313685924,0.03719742888009068,2,0.1010143057447229
Nc1ccc(S(N)(=O)=O)cc1,CCC(C)O,323.15,-1.508548170212407,,1,0.1010143057447229
Nc1ccc(S(N)(=O)=O)cc1,CCCCCCCCO,278.15,-2.6954496840779143,,1,0.0150808825906381
Nc1ccc(S(N)(=O)=O)cc1,CCCCCCCCO,283.15,-2.647523841497417,,1,0.0150808825906381
Nc1ccc(S(N)(=O)=O)cc1,CCCCCCCCO,288.15,-2.595726449019992,,1,0.0150808825906381
Nc1ccc(S(N)(=O)=O)cc1,CCCCCCCCO,293.15,-2.5403500187655794,,1,0.0150808825906381
Nc1ccc(S(N)(=O)=O)cc1,CCCCCCCCO,298.15,-2.488983860356779,0.012,2,0.0150808825906381
Nc1ccc(S(N)(=O)=O)cc1,CCCCCCCCO,303.15,-2.4177766070242583,0.012,2,0.0150808825906381
Nc1ccc(S(N)(=O)=O)cc1,CCCCCCCCO,308.15,-2.3456286398508297,0.013736479775560806,2,0.0150808825906381
Nc1ccc(S(N)(=O)=O)cc1,CCCCCCCCO,313.15,-2.2726369401798614,0.021935775148051707,2,0.0150808825906381
Nc1ccc(S(N)(=O)=O)cc1,CCCCCCCCO,318.15,-2.2185333803559075,,1,0.0150808825906381
Nc1ccc(S(N)(=O)=O)cc1,CCCCO,278.15,-1.875314046178005,,1,0.0815001062612762
Nc1ccc(S(N)(=O)=O)cc1,CCCCO,283.15,-1.9530216317055178,0.17171093148866873,2,0.0815001062612762
Nc1ccc(S(N)(=O)=O)cc1,CCCCO,288.15,-1.8720729528220765,0.12540464570778154,2,0.0815001062612762
Nc1ccc(S(N)(=O)=O)cc1,CCCCO,288.75,-1.8624230565702717,0.12034276215565913,2,0.0815001062612762
Nc1ccc(S(N)(=O)=O)cc1,CCCCO,293.15,-1.7920707853502016,0.08632327104365146,2,0.0815001062612762
Nc1ccc(S(N)(=O)=O)cc1,CCCCO,293.25,-1.7904802782255622,0.08561213281990084,2,0.0815001062612762
Nc1ccc(S(N)(=O)=O)cc1,CCCCO,298.15,-1.7129979478675779,0.05400863902221764,2,0.0815001062612762
Nc1ccc(S(N)(=O)=O)cc1,CCCCO,298.25,-1.7114258529109776,0.0534283963957372,2,0.0815001062612762
Nc1ccc(S(N)(=O)=O)cc1,CCCCO,303.15,-1.6348373882835823,0.028035932048786724,2,0.0815001062612762
Nc1ccc(S(N)(=O)=O)cc1,CCCCO,308.15,-1.557572222237546,0.012,2,0.0815001062612762
Nc1ccc(S(N)(=O)=O)cc1,CCCCO,313.15,-1.4811857646951552,0.012,2,0.0815001062612762
Nc1ccc(S(N)(=O)=O)cc1,CCCCO,318.15,-1.4056615557369447,0.015636612966563275,2,0.0815001062612762
Nc1ccc(S(N)(=O)=O)cc1,CCCCO,323.15,-1.3168998876116476,,1,0.0815001062612762
Nc1ccc(S(N)(=O)=O)cc1,CCCO,278.15,-1.8832312802155684,,1,0.0410002616722131
Nc1ccc(S(N)(=O)=O)cc1,CCCO,283.15,-1.7472256532008146,,1,0.0410002616722131
Nc1ccc(S(N)(=O)=O)cc1,CCCO,283.35,-1.711010964554088,0.043876230964917044,2,0.0410002616722131
Nc1ccc(S(N)(=O)=O)cc1,CCCO,288.15,-1.610065552487491,0.018338548833034825,2,0.0410002616722131
Nc1ccc(S(N)(=O)=O)cc1,CCCO,288.55,-1.6019701985327988,0.016426732196756978,2,0.0410002616722131
Nc1ccc(S(N)(=O)=O)cc1,CCCO,293.15,-1.5122389526532096,0.012,2,0.0410002616722131
Nc1ccc(S(N)(=O)=O)cc1,CCCO,298.15,-1.4214513663356385,0.020102441185345543,2,0.0410002616722131
Nc1ccc(S(N)(=O)=O)cc1,CCCO,298.35,-1.417960370806501,0.020680846955036383,2,0.0410002616722131
Nc1ccc(S(N)(=O)=O)cc1,CCCO,303.15,-1.3372925133239164,0.032465044477186455,2,0.0410002616722131
Nc1ccc(S(N)(=O)=O)cc1,CCCO,308.15,-1.25938075386202,0.04063789703733741,2,0.0410002616722131
Nc1ccc(S(N)(=O)=O)cc1,CCCO,313.15,-1.1873607057825168,0.04488218600242284,2,0.0410002616722131
Nc1ccc(S(N)(=O)=O)cc1,CCCO,318.15,-1.1209010923934386,0.045440777633691726,2,0.0410002616722131
Nc1ccc(S(N)(=O)=O)cc1,CCCO,323.15,-1.0897729222415151,,1,0.0410002616722131
Nc1ccc(S(N)(=O)=O)cc1,CCO,278.15,-1.000425115704278,0.025957155609581374,2,0.0501352833653847
Nc1ccc(S(N)(=O)=O)cc1,CCO,283.15,-0.9269176443432521,0.020459583627245363,2,0.0501352833653847
Nc1ccc(S(N)(=O)=O)cc1,CCO,288.15,-0.8524212853938771,0.014558082024651182,2,0.0501352833653847
Nc1ccc(S(N)(=O)=O)cc1,CCO,293.15,-0.8196604144920201,0.07404060796188368,3,0.0501352833653847
Nc1ccc(S(N)(=O)=O)cc1,CCO,298.15,-0.7326097761659843,0.054941840906070745,3,0.0501352833653847
Nc1ccc(S(N)(=O)=O)cc1,CCO,303.15,-0.6471105920327105,0.04009470517004003,3,0.0501352833653847
Nc1ccc(S(N)(=O)=O)cc1,CCO,308.15,-0.5631087624778246,0.02988091423143247,3,0.0501352833653847
Nc1ccc(S(N)(=O)=O)cc1,CCO,313.15,-0.48055295892062827,0.02496622249085433,3,0.0501352833653847
Nc1ccc(S(N)(=O)=O)cc1,CCO,318.15,-0.39939443833020266,0.025197500995442636,3,0.0501352833653847
Nc1ccc(S(N)(=O)=O)cc1,CCO,323.15,-0.3357788646886206,,1,0.0501352833653847
Nc1ccc(S(N)(=O)=O)cc1,CO,278.15,-0.5548568171508492,0.015997987277491302,2,0.0209644144549566
Nc1ccc(S(N)(=O)=O)cc1,CO,283.15,-0.46001838410313667,0.012,2,0.0209644144549566
Nc1ccc(S(N)(=O)=O)cc1,CO,288.15,-0.3701469822427761,0.0156418947214495,2,0.0209644144549566
Nc1ccc(S(N)(=O)=O)cc1,CO,293.15,-0.28495987222952124,0.02298921203151842,2,0.0209644144549566
Nc1ccc(S(N)(=O)=O)cc1,CO,298.15,-0.20419423984451868,0.02518158914301743,2,0.0209644144549566
Nc1ccc(S(N)(=O)=O)cc1,CO,303.15,-0.12760550536212278,0.02255506093510324,2,0.0209644144549566
Nc1ccc(S(N)(=O)=O)cc1,CO,308.15,-0.05496580059398681,0.015421224608754586,2,0.0209644144549566
Nc1ccc(S(N)(=O)=O)cc1,CO,313.15,0.013937405381160062,0.012,2,0.0209644144549566
Nc1ccc(S(N)(=O)=O)cc1,CO,318.15,0.07930254837790685,0.012,2,0.0209644144549566
Nc1ccc(S(N)(=O)=O)cc1,Cc1ccccc1,278.15,-4.428499006326717,0.029197264486845394,2,0.022511156473305
Nc1ccc(S(N)(=O)=O)cc1,Cc1ccccc1,283.15,-4.2628149806430855,0.012,2,0.022511156473305
Nc1ccc(S(N)(=O)=O)cc1,Cc1ccccc1,288.15,-4.115683250464215,0.012,2,0.022511156473305
Nc1ccc(S(N)(=O)=O)cc1,Cc1ccccc1,293.15,-3.985936144705093,0.01312986805831659,2,0.022511156473305
Nc1ccc(S(N)(=O)=O)cc1,Cc1ccccc1,298.15,-3.872491645654904,0.0193450867081797,2,0.022511156473305
Nc1ccc(S(N)(=O)=O)cc1,Cc1ccccc1,303.15,-3.7743459628190834,0.022034936038159786,2,0.022511156473305
Nc1ccc(S(N)(=O)=O)cc1,Cc1ccccc1,308.15,-3.690566853272685,0.021424902981707097,2,0.022511156473305
Nc1ccc(S(N)(=O)=O)cc1,Cc1ccccc1,313.15,-3.6202876032094196,0.017724352437311647,2,0.022511156473305
Nc1ccc(S(N)(=O)=O)cc1,Cc1ccccc1,318.15,-3.562701596274252,0.012,2,0.022511156473305
Nc1ccc(S(N)(=O)=O)cc1,O,278.15,-1.768781943855501,,1,0.0303491181823967
Nc1ccc(S(N)(=O)=O)cc1,O,283.15,-1.6639883528105628,,1,0.0303491181823967
Nc1ccc(S(N)(=O)=O)cc1,O,288.15,-1.558583347159768,,1,0.0303491181823967
Nc1ccc(S(N)(=O)=O)cc1,O,293.15,-1.4369446387890292,0.02223997634339727,2,0.0303491181823967
Nc1ccc(S(N)(=O)=O)cc1,O,298.15,-1.336937499216982,0.03733092795598621,3,0.0303491181823967
Nc1ccc(S(N)(=O)=O)cc1,O,303.15,-1.221260373845605,0.03141727998633935,3,0.0303491181823967
Nc1ccc(S(N)(=O)=O)cc1,O,308.15,-1.1138806550290685,0.02327704636976843,3,0.0303491181823967
Nc1ccc(S(N)(=O)=O)cc1,O,313.15,-1.0143283426764402,0.012,3,0.0303491181823967
Nc1ccc(S(N)(=O)=O)cc1,O,318.15,-0.9250638816261798,0.012,2,0.0303491181823967
Nc1ccc(S(N)(=O)=O)cc1,O,323.15,-0.8709736769762628,,1,0.0303491181823967
Nc1cccc(C(=O)O)c1O,O,293.2,-2.19288583569357,0.015715544272739447,2,0.0196791126938902
Nc1cccc(C(=O)O)c1O,O,298.2,-2.1570267985786558,0.012,2,0.0196791126938902
Nc1cccc(C(=O)O)c1O,O,303.2,-2.1168939721137434,0.013373213463372374,2,0.0196791126938902
Nc1cccc(C(=O)O)c1O,O,308.2,-2.072783890078444,0.020626986380027426,2,0.0196791126938902
Nc1cccc(C(=O)O)c1O,O,313.2,-2.0249713235077245,0.023424405776022113,2,0.0196791126938902
Nc1ccccn1,CCO,273.15,0.9964349381514239,,1,0.0600061826170183
Nc1ccccn1,CCO,278.15,1.0588184688707543,,1,0.0600061826170183
Nc1ccccn1,CCO,283.15,1.1265494937350695,,1,0.0600061826170183
Nc1ccccn1,CCO,288.15,1.2169500500993706,0.025076045172785923,2,0.0600061826170183
Nc1ccccn1,CCO,293.15,1.2878991520568377,0.016193227763215114,2,0.0600061826170183
Nc1ccccn1,CCO,298.15,1.3728024508616556,0.021085771804957916,2,0.0600061826170183
Nc1ccccn1,CCO,303.15,1.4707000590573358,0.03884975532714219,2,0.0600061826170183
Nc1ccccn1,CCO,308.15,1.580703133796547,0.06864713938678361,2,0.0600061826170183
Nc1ccccn1,CCO,313.15,1.7019877861251587,0.10970016268651221,2,0.0600061826170183
Nc1ccccn1,CCO,318.15,1.9478362178202815,,1,0.0600061826170183
O=C(/C=C/C=C/c1ccc2c(c1)OCO2)N1CCCCC1,CCO,278.15,-1.1397234713293258,,1,0.0159274326626425
O=C(/C=C/C=C/c1ccc2c(c1)OCO2)N1CCCCC1,CCO,283.15,-1.0579532076381284,,1,0.0159274326626425
O=C(/C=C/C=C/c1ccc2c(c1)OCO2)N1CCCCC1,CCO,288.15,-0.9815410329649765,,1,0.0159274326626425
O=C(/C=C/C=C/c1ccc2c(c1)OCO2)N1CCCCC1,CCO,293.15,-0.9101697915185483,,1,0.0159274326626425
O=C(/C=C/C=C/c1ccc2c(c1)OCO2)N1CCCCC1,CCO,298.15,-0.8435450445693817,,1,0.0159274326626425
O=C(/C=C/C=C/c1ccc2c(c1)OCO2)N1CCCCC1,CCO,298.2,-0.8262068859138019,0.02361020852130942,2,0.0159274326626425
O=C(/C=C/C=C/c1ccc2c(c1)OCO2)N1CCCCC1,CCO,303.15,-0.7753115664399708,0.012,2,0.0159274326626425
O=C(/C=C/C=C/c1ccc2c(c1)OCO2)N1CCCCC1,CCO,303.2,-0.7748082918037422,0.012,2,0.0159274326626425
O=C(/C=C/C=C/c1ccc2c(c1)OCO2)N1CCCCC1,CCO,308.15,-0.7260181651520643,0.012,2,0.0159274326626425
O=C(/C=C/C=C/c1ccc2c(c1)OCO2)N1CCCCC1,CCO,308.2,-0.7255355970025441,0.012,2,0.0159274326626425
O=C(/C=C/C=C/c1ccc2c(c1)OCO2)N1CCCCC1,CCO,313.15,-0.6787425878983555,0.013061610570398991,2,0.0159274326626425
O=C(/C=C/C=C/c1ccc2c(c1)OCO2)N1CCCCC1,CCO,313.2,-0.6782796709998014,0.013142599507072422,2,0.0159274326626425
O=C(/C=C/C=C/c1ccc2c(c1)OCO2)N1CCCCC1,CCO,318.15,-0.6333827253047666,0.01989664366618172,2,0.0159274326626425
O=C(/C=C/C=C/c1ccc2c(c1)OCO2)N1CCCCC1,CCO,318.2,-0.6470469241917343,,1,0.0159274326626425
O=C(Nc1ccc(F)cc1F)c1cccnc1Oc1cccc(C(F)(F)F)c1,CC(C)O,278.15,-3.224001645886765,0.018508206698510343,2,0.014897466801195
O=C(Nc1ccc(F)cc1F)c1cccnc1Oc1cccc(C(F)(F)F)c1,CC(C)O,283.15,-3.017284220229123,0.012,2,0.014897466801195
O=C(Nc1ccc(F)cc1F)c1cccnc1Oc1cccc(C(F)(F)F)c1,CC(C)O,288.15,-2.816005323657679,0.012,2,0.014897466801195
O=C(Nc1ccc(F)cc1F)c1cccnc1Oc1cccc(C(F)(F)F)c1,CC(C)O,293.15,-2.619916278215073,0.012,2,0.014897466801195
O=C(Nc1ccc(F)cc1F)c1cccnc1Oc1cccc(C(F)(F)F)c1,CC(C)O,298.15,-2.428784094321041,0.012,2,0.014897466801195
O=C(Nc1ccc(F)cc1F)c1cccnc1Oc1cccc(C(F)(F)F)c1,CC(C)O,303.15,-2.242390226136992,0.012,2,0.014897466801195
O=C(Nc1ccc(F)cc1F)c1cccnc1Oc1cccc(C(F)(F)F)c1,CC(C)O,308.15,-2.0605294449118876,0.013817723163493126,2,0.014897466801195
O=C(Nc1ccc(F)cc1F)c1cccnc1Oc1cccc(C(F)(F)F)c1,CC(C)O,313.15,-1.8830088173776964,0.01469538062488019,2,0.014897466801195
O=C(Nc1ccc(F)cc1F)c1cccnc1Oc1cccc(C(F)(F)F)c1,CC(C)O,318.15,-1.7096467778646307,0.014493932106500813,2,0.014897466801195
O=C(Nc1ccc(F)cc1F)c1cccnc1Oc1cccc(C(F)(F)F)c1,CC(C)O,323.15,-1.5402722841875383,0.01327973881700137,2,0.014897466801195
O=C(Nc1ccc(F)cc1F)c1cccnc1Oc1cccc(C(F)(F)F)c1,CCO,278.15,-2.361343061905995,0.012240992112997262,2,0.0094325498117576
O=C(Nc1ccc(F)cc1F)c1cccnc1Oc1cccc(C(F)(F)F)c1,CCO,283.15,-2.248506849710693,0.012,2,0.0094325498117576
O=C(Nc1ccc(F)cc1F)c1cccnc1Oc1cccc(C(F)(F)F)c1,CCO,288.15,-2.1387487089020425,0.012,2,0.0094325498117576
O=C(Nc1ccc(F)cc1F)c1cccnc1Oc1cccc(C(F)(F)F)c1,CCO,293.15,-2.031925430948752,0.012,2,0.0094325498117576
O=C(Nc1ccc(F)cc1F)c1cccnc1Oc1cccc(C(F)(F)F)c1,CCO,298.15,-1.9279029343919096,0.012,2,0.0094325498117576
O=C(Nc1ccc(F)cc1F)c1cccnc1Oc1cccc(C(F)(F)F)c1,CCO,303.15,-1.8265555358844705,0.012,2,0.0094325498117576
O=C(Nc1ccc(F)cc1F)c1cccnc1Oc1cccc(C(F)(F)F)c1,CCO,308.15,-1.7277652906585832,0.012,2,0.0094325498117576
O=C(Nc1ccc(F)cc1F)c1cccnc1Oc1cccc(C(F)(F)F)c1,CCO,313.15,-1.6314213947839722,0.012,2,0.0094325498117576
O=C(Nc1ccc(F)cc1F)c1cccnc1Oc1cccc(C(F)(F)F)c1,CCO,318.15,-1.5374196425291906,0.012,2,0.0094325498117576
O=C(Nc1ccc(F)cc1F)c1cccnc1Oc1cccc(C(F)(F)F)c1,CCO,323.15,-1.4456619329551403,0.012,2,0.0094325498117576
O=C(Nc1ccc(F)cc1F)c1cccnc1Oc1cccc(C(F)(F)F)c1,CO,278.15,-2.237705560477162,0.012,2,0.0190740220702455
O=C(Nc1ccc(F)cc1F)c1cccnc1Oc1cccc(C(F)(F)F)c1,CO,283.15,-2.130937760526016,0.012,2,0.0190740220702455
O=C(Nc1ccc(F)cc1F)c1cccnc1Oc1cccc(C(F)(F)F)c1,CO,288.15,-2.0262711513953366,0.012,2,0.0190740220702455
O=C(Nc1ccc(F)cc1F)c1cccnc1Oc1cccc(C(F)(F)F)c1,CO,293.15,-1.9236255810231386,0.013072108145803884,2,0.0190740220702455
O=C(Nc1ccc(F)cc1F)c1cccnc1Oc1cccc(C(F)(F)F)c1,CO,298.15,-1.8229253560990788,0.01710614878750289,2,0.0190740220702455
O=C(Nc1ccc(F)cc1F)c1cccnc1Oc1cccc(C(F)(F)F)c1,CO,303.15,-1.7240989197883312,0.019216165357789652,2,0.0190740220702455
O=C(Nc1ccc(F)cc1F)c1cccnc1Oc1cccc(C(F)(F)F)c1,CO,308.15,-1.627078557881704,0.019524877137843757,2,0.0190740220702455
O=C(Nc1ccc(F)cc1F)c1cccnc1Oc1cccc(C(F)(F)F)c1,CO,313.15,-1.531800130430387,0.01814623748594188,2,0.0190740220702455
O=C(Nc1ccc(F)cc1F)c1cccnc1Oc1cccc(C(F)(F)F)c1,CO,318.15,-1.438202826271378,0.015186166427053527,2,0.0190740220702455
O=C(Nc1ccc(F)cc1F)c1cccnc1Oc1cccc(C(F)(F)F)c1,CO,323.15,-1.346228938151108,0.012,2,0.0190740220702455
O=C(O)C(=O)O,O,278.15,-0.2898542229559973,,1,0.0437818540827441
O=C(O)C(=O)O,O,283.15,-0.11215468437280796,0.10341374058547266,2,0.0437818540827441
O=C(O)C(=O)O,O,288.15,-0.034056336064142045,0.07118564423267212,2,0.0437818540827441
O=C(O)C(=O)O,O,293.15,0.045501473095790224,0.04596876795055336,2,0.0437818540827441
O=C(O)C(=O)O,O,298.15,0.12637615790536394,0.027311223655493138,2,0.0437818540827441
O=C(O)C(=O)O,O,303.15,0.2084368217548841,0.014794207289154588,2,0.0437818540827441
O=C(O)C(=O)O,O,308.15,0.2915631972514874,0.012,2,0.0437818540827441
O=C(O)C(=O)O,O,313.15,0.3756446954295285,0.012,2,0.0437818540827441
O=C(O)C(=O)O,O,318.15,0.4605795510427283,0.012,2,0.0437818540827441
O=C(O)C(=O)O,O,318.65,0.469116297464511,0.012,2,0.0437818540827441
O=C(O)C(=O)O,O,323.15,0.5462740530346705,0.018761714225379988,2,0.0437818540827441
O=C(O)C(=O)O,O,328.15,0.6102695960773317,,1,0.0437818540827441
O=C(O)C(=O)O,O,333.15,0.6851686970472468,,1,0.0437818540827441
O=C(O)C(=O)O,O,338.15,0.7578102882091369,,1,0.0437818540827441
O=C(O)CC(O)(CC(=O)O)C(=O)O,CCO,288.15,0.7488193954148841,,1,0.0720681878922896
O=C(O)CC(O)(CC(=O)O)C(=O)O,CCO,291.15,0.7775937629522787,,1,0.0720681878922896
O=C(O)CC(O)(CC(=O)O)C(=O)O,CCO,293.7,0.7762036683576525,0.033674101372118855,2,0.0720681878922896
O=C(O)CC(O)(CC(=O)O)C(=O)O,CCO,294.15,0.7794595978612548,0.03439733396464032,2,0.0720681878922896
O=C(O)CC(O)(CC(=O)O)C(=O)O,CCO,297.15,0.7996206267303876,0.039403585718104796,2,0.0720681878922896
O=C(O)CC(O)(CC(=O)O)C(=O)O,CCO,299.15,0.8116031847146559,0.042914878395081194,2,0.0720681878922896
O=C(O)CC(O)(CC(=O)O)C(=O)O,CCO,301.15,0.8224540048989795,0.04656054872763415,2,0.0720681878922896
O=C(O)CC(O)(CC(=O)O)C(=O)O,CCO,303.15,0.8322019034351769,0.050336742836441274,2,0.0720681878922896
O=C(O)CC(O)(CC(=O)O)C(=O)O,CCO,303.3,0.8328893196591807,0.05062511419511792,2,0.0720681878922896
O=C(O)CC(O)(CC(=O)O)C(=O)O,CCO,305.15,0.8408748569006335,0.05423972353296905,2,0.0720681878922896
O=C(O)CC(O)(CC(=O)O)C(=O)O,CCO,307.15,0.8485000312757052,0.05826586621421108,2,0.0720681878922896
O=C(O)CC(O)(CC(=O)O)C(=O)O,CCO,309.15,0.8551038097540271,0.06241165492521783,2,0.0720681878922896
O=C(O)CC(O)(CC(=O)O)C(=O)O,CCO,311.15,0.8607118194391674,0.06667367858074567,2,0.0720681878922896
O=C(O)CC(O)(CC(=O)O)C(=O)O,CCO,313.15,0.8653489569790196,0.0710486273391623,2,0.0720681878922896
O=C(O)CC(O)(CC(=O)O)C(=O)O,CCO,313.4,0.8658615470665225,0.07160327496160168,2,0.0720681878922896
O=C(O)CC(O)(CC(=O)O)C(=O)O,CCO,315.15,0.9224495141293829,,1,0.0720681878922896
O=C(O)CC(O)(CC(=O)O)C(=O)O,CCO,317.15,0.9284633066971537,,1,0.0720681878922896
O=C(O)CC(O)(CC(=O)O)C(=O)O,CCO,319.15,0.933650010020699,,1,0.0720681878922896
O=C(O)CC(O)(CC(=O)O)C(=O)O,CCO,323.15,0.9416221279778227,,1,0.0720681878922896
O=C(O)CC(O)(CC(=O)O)C(=O)O,CCO,327.15,0.9465203705900507,,1,0.0720681878922896
O=C(O)CC(O)(CC(=O)O)C(=O)O,CCO,330.15,0.9482650480010477,,1,0.0720681878922896
O=C(O)CC(O)(CC(=O)O)C(=O)O,CCO,333.15,0.9484218071842179,,1,0.0720681878922896
O=C(O)CC(O)(CC(=O)O)C(=O)O,O,278.15,0.7338865326870732,,1,0.0125996349461674
O=C(O)CC(O)(CC(=O)O)C(=O)O,O,283.15,0.7900945985571965,,1,0.0125996349461674
O=C(O)CC(O)(CC(=O)O)C(=O)O,O,288.15,0.8401833077099501,0.012,2,0.0125996349461674
O=C(O)CC(O)(CC(=O)O)C(=O)O,O,291.15,0.868466250234178,0.012,2,0.0125996349461674
O=C(O)CC(O)(CC(=O)O)C(=O)O,O,293.15,0.8868334690506252,0.012,2,0.0125996349461674
O=C(O)CC(O)(CC(=O)O)C(=O)O,O,293.7,0.8918174425993355,0.012,2,0.0125996349461674
O=C(O)CC(O)(CC(=O)O)C(=O)O,O,294.15,0.8958739826543827,0.012,2,0.0125996349461674
O=C(O)CC(O)(CC(=O)O)C(=O)O,O,297.15,0.9224360248317005,0.012,2,0.0125996349461674
O=C(O)CC(O)(CC(=O)O)C(=O)O,O,298.15,0.9311070300300308,0.012,2,0.0125996349461674
O=C(O)CC(O)(CC(=O)O)C(=O)O,O,299.15,0.9396882393108967,0.012,2,0.0125996349461674
O=C(O)CC(O)(CC(=O)O)C(=O)O,O,301.15,0.9565852702506765,0.012,2,0.0125996349461674
O=C(O)CC(O)(CC(=O)O)C(=O)O,O,303.15,0.9731349790061734,0.012,2,0.0125996349461674
O=C(O)CC(O)(CC(=O)O)C(=O)O,O,303.3,0.9743624202534056,0.012,2,0.0125996349461674
O=C(O)CC(O)(CC(=O)O)C(=O)O,O,305.15,0.9893450099346159,0.012,2,0.0125996349461674
O=C(O)CC(O)(CC(=O)O)C(=O)O,O,307.15,1.0052227976731656,0.012,2,0.0125996349461674
O=C(O)CC(O)(CC(=O)O)C(=O)O,O,308.15,1.0130393680508556,0.012,2,0.0125996349461674
O=C(O)CC(O)(CC(=O)O)C(=O)O,O,309.15,1.0207755741287148,0.012,2,0.0125996349461674
O=C(O)CC(O)(CC(=O)O)C(=O)O,O,311.15,1.0360103751928125,0.012,2,0.0125996349461674
O=C(O)CC(O)(CC(=O)O)C(=O)O,O,313.15,1.0509340471941795,0.012,2,0.0125996349461674
O=C(O)CC(O)(CC(=O)O)C(=O)O,O,313.4,1.0527779637357395,0.012,2,0.0125996349461674
O=C(O)CC(O)(CC(=O)O)C(=O)O,O,315.15,1.0655532531006515,0.012,2,0.0125996349461674
O=C(O)CC(O)(CC(=O)O)C(=O)O,O,317.15,1.0798744784817158,0.012,2,0.0125996349461674
O=C(O)CC(O)(CC(=O)O)C(=O)O,O,318.65,1.0904236523035888,0.012,2,0.0125996349461674
O=C(O)CC(O)(CC(=O)O)C(=O)O,O,319.15,1.0939040372423374,0.012,2,0.0125996349461674
O=C(O)CC(O)(CC(=O)O)C(=O)O,O,322.2,1.1147514247714527,0.012603015966297483,2,0.0125996349461674
O=C(O)CC(O)(CC(=O)O)C(=O)O,O,323.15,1.1211125850816561,0.013954205259034874,2,0.0125996349461674
O=C(O)CC(O)(CC(=O)O)C(=O)O,O,327.15,1.147226178992832,0.020102444492267998,2,0.0125996349461674
O=C(O)CC(O)(CC(=O)O)C(=O)O,O,328.15,1.1535887997449703,0.02175248246866086,2,0.0125996349461674
O=C(O)CC(O)(CC(=O)O)C(=O)O,O,330.15,1.1661198881988075,0.025184100910472077,2,0.0125996349461674
O=C(O)CC(O)(CC(=O)O)C(=O)O,O,333.1,1.1841402997318924,0.030557824908891324,2,0.0125996349461674
O=C(O)CC(O)(CC(=O)O)C(=O)O,O,333.15,1.1844410560609915,0.030652042704091914,2,0.0125996349461674
O=C(O)CC(O)(CC(=O)O)C(=O)O,O,338.15,1.1850535653417609,,1,0.0125996349461674
O=C(O)CCC(=O)O,CC(=O)O,288.15,-0.6987191207033732,,1,0.0672629457462925
O=C(O)CCC(=O)O,CC(=O)O,290.75,-0.6921716801662967,0.061939018070222084,2,0.0672629457462925
O=C(O)CCC(=O)O,CC(=O)O,293.15,-0.6534167037393939,0.06875511023775197,2,0.0672629457462925
O=C(O)CCC(=O)O,CC(=O)O,296.95,-0.5950359505102867,0.07601414823153249,2,0.0672629457462925
O=C(O)CCC(=O)O,CC(=O)O,298.15,-0.577336726574476,0.07743602990581332,2,0.0672629457462925
O=C(O)CCC(=O)O,CC(=O)O,301.35,-0.5547172782810416,0.06866540906678169,3,0.0672629457462925
O=C(O)CCC(=O)O,CC(=O)O,303.15,-0.530505813244087,0.06890606894936335,3,0.0672629457462925
O=C(O)CCC(=O)O,CC(=O)O,303.55,-0.5251764658405023,0.06884364165630194,3,0.0672629457462925
O=C(O)CCC(=O)O,CC(=O)O,305.65,-0.4974969098158925,0.06783545045312214,3,0.0672629457462925
O=C(O)CCC(=O)O,CC(=O)O,308.15,-0.46518966260425526,0.06517367328173113,3,0.0672629457462925
O=C(O)CCC(=O)O,CC(=O)O,309.65,-0.4461344808044269,0.06283278985105782,3,0.0672629457462925
O=C(O)CCC(=O)O,CC(=O)O,310.25,-0.43858042624636556,0.06174323646710889,3,0.0672629457462925
O=C(O)CCC(=O)O,CC(=O)O,313.75,-0.39527482443706674,0.05368501397549863,3,0.0672629457462925
O=C(O)CCC(=O)O,CC(=O)O,315.15,-0.37830891468213207,0.04966822239231506,3,0.0672629457462925
O=C(O)CCC(=O)O,CC(=O)O,316.55,-0.36154224002471835,0.0452120365464808,3,0.0672629457462925
O=C(O)CCC(=O)O,CC(=O)O,317.15,-0.354416804953073,0.04317027886966569,3,0.0672629457462925
O=C(O)CCC(=O)O,CC(=O)O,318.15,-0.34262063605286147,0.039594736721928585,3,0.0672629457462925
O=C(O)CCC(=O)O,CC(=O)O,321.15,-0.30781954675066814,0.027624923541863418,3,0.0672629457462925
O=C(O)CCC(=O)O,CC(=O)O,322.65,-0.2907433225770302,0.02100059394633347,3,0.0672629457462925
O=C(O)CCC(=O)O,CC(=O)O,323.15,-0.28509848938492627,0.01871514812301406,3,0.0672629457462925
O=C(O)CCC(=O)O,CC(=O)O,328.95,-0.21461100378516562,0.012,2,0.0672629457462925
O=C(O)CCC(=O)O,CC(=O)O,329.25,-0.21038972256805977,0.012,2,0.0672629457462925
O=C(O)CCC(=O)O,CC(=O)O,332.45,-0.1652657624888203,0.017804384769400085,2,0.0672629457462925
O=C(O)CCC(=O)O,CC(=O)O,334.55,-0.13556158886270886,0.022385644906267647,2,0.0672629457462925
O=C(O)CCC(=O)O,CC(=O)O,335.55,-0.10394594724289163,,1,0.0672629457462925
O=C(O)CCC(=O)O,CC(=O)O,340.25,-0.028927632141261483,,1,0.0672629457462925
O=C(O)CCC(=O)O,CC(C)=O,282.85,-0.7685462616179954,,1,0.0397478261916268
O=C(O)CCC(=O)O,CC(C)=O,288.15,-0.7547349269551713,0.06255845769279487,2,0.0397478261916268
O=C(O)CCC(=O)O,CC(C)=O,289.15,-0.7420751144148277,0.06005122579018868,2,0.0397478261916268
O=C(O)CCC(=O)O,CC(C)=O,293.15,-0.6916793110987776,0.05007461394301342,2,0.0397478261916268
O=C(O)CCC(=O)O,CC(C)=O,294.15,-0.6791410384986065,0.04759347566969098,2,0.0397478261916268
O=C(O)CCC(=O)O,CC(C)=O,298.05,-0.6304725826512527,0.037966407380365545,2,0.0397478261916268
O=C(O)CCC(=O)O,CC(C)=O,298.15,-0.6292294910186378,0.037720588449879286,2,0.0397478261916268
O=C(O)CCC(=O)O,CC(C)=O,302.95,-0.5698428832512832,0.025981318234777187,2,0.0397478261916268
O=C(O)CCC(=O)O,CC(C)=O,303.15,-0.5673803843350171,0.02549472303200174,2,0.0397478261916268
O=C(O)CCC(=O)O,CC(C)=O,308.15,-0.5061264306102498,0.01339531246656796,2,0.0397478261916268
O=C(O)CCC(=O)O,CC(C)=O,313.15,-0.44546166822067157,0.012,2,0.0397478261916268
O=C(O)CCC(=O)O,CC(C)=O,315.15,-0.42135933645272416,0.012,2,0.0397478261916268
O=C(O)CCC(=O)O,CC(C)=O,317.75,-0.39016505352426556,0.012,2,0.0397478261916268
O=C(O)CCC(=O)O,CC(C)=O,318.15,-0.3780038754413724,,1,0.0397478261916268
O=C(O)CCC(=O)O,CC(C)=O,323.15,-0.3102035544445556,,1,0.0397478261916268
O=C(O)CCC(=O)O,CCO,278.15,-0.19672445415696416,,1,0.1176151053855617
O=C(O)CCC(=O)O,CCO,283.15,-0.16376857137100842,,1,0.1176151053855617
O=C(O)CCC(=O)O,CCO,284.25,-0.23228723723612887,0.10911629544568054,2,0.1176151053855617
O=C(O)CCC(=O)O,CCO,288.15,-0.22994077402882418,0.09638055293849727,3,0.1176151053855617
O=C(O)CCC(=O)O,CCO,288.25,-0.22873902659377876,0.09614010583621177,3,0.1176151053855617
O=C(O)CCC(=O)O,CCO,293.15,-0.16811534728777447,0.08719944699852714,3,0.1176151053855617
O=C(O)CCC(=O)O,CCO,294.45,-0.15147841979835283,0.08571889808632589,3,0.1176151053855617
O=C(O)CCC(=O)O,CCO,298.05,-0.10425758749789556,0.08341682090909791,3,0.1176151053855617
O=C(O)CCC(=O)O,CCO,298.15,-0.1029224191116332,0.08338896060834936,3,0.1176151053855617
O=C(O)CCC(=O)O,CCO,303.15,-0.03461836679282312,0.08430478030754746,3,0.1176151053855617
O=C(O)CCC(=O)O,CCO,304.55,-0.014968423466354372,0.08533250424218754,3,0.1176151053855617
O=C(O)CCC(=O)O,CCO,308.15,0.03655998515225415,0.08942647766724339,3,0.1176151053855617
O=C(O)CCC(=O)O,CCO,308.45,0.04091722087972075,0.08985946763104993,3,0.1176151053855617
O=C(O)CCC(=O)O,CCO,311.25,0.08203730146902248,0.09456393487531768,3,0.1176151053855617
O=C(O)CCC(=O)O,CCO,313.15,0.11039366444877412,0.09842825687007527,3,0.1176151053855617
O=C(O)CCC(=O)O,CCO,315.15,0.1406247179309279,0.10307312835444392,3,0.1176151053855617
O=C(O)CCC(=O)O,CCO,318.15,0.18668001965652672,0.11113471435891262,3,0.1176151053855617
O=C(O)CCC(=O)O,CCO,319.15,0.20221484470067827,0.11411038010573614,3,0.1176151053855617
O=C(O)CCC(=O)O,CCO,321.65,0.24143872862436785,0.1221726612858191,3,0.1176151053855617
O=C(O)CCC(=O)O,CCO,323.15,0.2652313388929321,0.12743289919227974,3,0.1176151053855617
O=C(O)CCC(=O)O,CCO,328.15,0.3975180803056375,0.16534388553507134,2,0.1176151053855617
O=C(O)CCC(=O)O,CCO,331.95,0.46818135270844863,0.18086130281318968,2,0.1176151053855617
O=C(O)CCC(=O)O,CCO,333.15,0.6224648791803133,,1,0.1176151053855617
O=C(O)CCC(=O)O,O,278.15,-0.5900801155825404,0.10091665410671656,2,0.1006844258478632
O=C(O)CCC(=O)O,O,283.15,-0.482910192658486,0.08834907968296798,2,0.1006844258478632
O=C(O)CCC(=O)O,O,288.15,-0.3791211615999419,0.07760359784258415,2,0.1006844258478632
O=C(O)CCC(=O)O,O,288.25,-0.377078698407904,0.07740645580083995,2,0.1006844258478632
O=C(O)CCC(=O)O,O,292.65,-0.2884632542575227,0.06939377448248824,2,0.1006844258478632
O=C(O)CCC(=O)O,O,293.15,-0.2785457992716136,0.06856333388426987,2,0.1006844258478632
O=C(O)CCC(=O)O,O,295.95,-0.2469958126155305,0.060890304829633084,3,0.1006844258478632
O=C(O)CCC(=O)O,O,298.05,-0.20828834169701751,0.061662212668609516,3,0.1006844258478632
O=C(O)CCC(=O)O,O,298.15,-0.2064555286831394,0.0617051210066968,3,0.1006844258478632
O=C(O)CCC(=O)O,O,299.85,-0.17544067171334396,0.06250819275992738,3,0.1006844258478632
O=C(O)CCC(=O)O,O,302.05,-0.13569989465387522,0.0637222268673328,3,0.1006844258478632
O=C(O)CCC(=O)O,O,303.15,-0.11599460605941658,0.06438767615817143,3,0.1006844258478632
O=C(O)CCC(=O)O,O,305.45,-0.07514246130209716,0.06587197827205273,3,0.1006844258478632
O=C(O)CCC(=O)O,O,308.15,-0.027778791896736266,0.06772212520195033,3,0.1006844258478632
O=C(O)CCC(=O)O,O,308.45,-0.022555099741833118,0.06793221972739355,3,0.1006844258478632
O=C(O)CCC(=O)O,O,310.05,0.0051748154915340905,0.06906136403849746,3,0.1006844258478632
O=C(O)CCC(=O)O,O,311.95,0.037823299103142936,0.07041090647096383,3,0.1006844258478632
O=C(O)CCC(=O)O,O,313.15,0.05828842920448215,0.07126189087048537,3,0.1006844258478632
O=C(O)CCC(=O)O,O,315.35,0.09550092226144653,0.07280761264947302,3,0.1006844258478632
O=C(O)CCC(=O)O,O,318.15,0.14229785196958922,0.07472767430706148,3,0.1006844258478632
O=C(O)CCC(=O)O,O,318.65,0.150588950822056,0.07506326463275893,3,0.1006844258478632
O=C(O)CCC(=O)O,O,319.15,0.15886041345089966,0.0753963582538054,3,0.1006844258478632
O=C(O)CCC(=O)O,O,319.45,0.16381389986643136,0.07559497496742718,3,0.1006844258478632
O=C(O)CCC(=O)O,O,322.75,0.21784265948421103,0.07771305206554235,3,0.1006844258478632
O=C(O)CCC(=O)O,O,323.15,0.22433497692894674,0.07796094316368699,3,0.1006844258478632
O=C(O)CCC(=O)O,O,324.65,0.2485736873390104,0.07887248139874553,3,0.1006844258478632
O=C(O)CCC(=O)O,O,328.15,0.3044803988886553,0.08088484069920099,3,0.1006844258478632
O=C(O)CCC(=O)O,O,328.75,0.3139743836144368,0.08121341311240113,3,0.1006844258478632
O=C(O)CCC(=O)O,O,331.55,0.3579377237963654,0.08268325021609654,3,0.1006844258478632
O=C(O)CCC(=O)O,O,331.95,0.3641726967247448,0.08288476635285102,3,0.1006844258478632
O=C(O)CCC(=O)O,O,333.15,0.38281016131236595,0.08347684058613479,3,0.1006844258478632
O=C(O)CCC(=O)O,O,336.85,0.4339377254214867,0.119659991248028,2,0.1006844258478632
O=C(O)CCC(=O)O,O,338.15,0.5390109120937687,,1,0.1006844258478632
O=C(O)CCC(=O)O,O=C1CCCCC1,294.15,-1.0685541037219295,,1,0.0083936200041169
O=C(O)CCC(=O)O,O=C1CCCCC1,295.25,-1.0482801397076003,0.012,2,0.0083936200041169
O=C(O)CCC(=O)O,O=C1CCCCC1,298.45,-0.9823861819933484,0.012,2,0.0083936200041169
O=C(O)CCC(=O)O,O=C1CCCCC1,298.55,-0.9729854357433337,0.012901447934415979,3,0.0083936200041169
O=C(O)CCC(=O)O,O=C1CCCCC1,299.85,-0.9482672303910201,0.012,3,0.0083936200041169
O=C(O)CCC(=O)O,O=C1CCCCC1,302.45,-0.8999152589081744,0.012,3,0.0083936200041169
O=C(O)CCC(=O)O,O=C1CCCCC1,303.95,-0.8726643204074236,0.012,3,0.0083936200041169
O=C(O)CCC(=O)O,O=C1CCCCC1,304.05,-0.8708640930153884,0.012,3,0.0083936200041169
O=C(O)CCC(=O)O,O=C1CCCCC1,307.15,-0.8160623162111827,0.012,3,0.0083936200041169
O=C(O)CCC(=O)O,O=C1CCCCC1,308.05,-0.8005114002297583,0.012,3,0.0083936200041169
O=C(O)CCC(=O)O,O=C1CCCCC1,309.75,-0.7715692933739836,0.012,3,0.0083936200041169
O=C(O)CCC(=O)O,O=C1CCCCC1,312.25,-0.730014100979688,0.012,3,0.0083936200041169
O=C(O)CCC(=O)O,O=C1CCCCC1,312.45,-0.7295619275842622,0.012,2,0.0083936200041169
O=C(O)CCC(=O)O,O=C1CCCCC1,316.05,-0.6733110223276135,0.012,2,0.0083936200041169
O=C(O)CCC(=O)O,O=C1CCCCC1,317.05,-0.6580689033788119,0.012,2,0.0083936200041169
O=C(O)CCC(=O)O,O=C1CCCCC1,319.35,-0.6236286818649912,0.012,2,0.0083936200041169
O=C(O)CCC(=O)O,O=C1CCCCC1,321.75,-0.5885890405865428,0.012,2,0.0083936200041169
O=C(O)CCC(=O)O,O=C1CCCCC1,323.85,-0.5586636680545425,0.012307378623257167,2,0.0083936200041169
O=C(O)CCC(=O)O,O=C1CCCCC1,326.35,-0.5239099851923701,0.01286040652957641,2,0.0083936200041169
O=C(O)CCC(=O)O,O=C1CCCCC1,328.55,-0.494092054579216,0.0130727602481148,2,0.0083936200041169
O=C(O)CCC(=O)O,O=C1CCCCC1,331.55,-0.45455522689020533,0.012961210312562425,2,0.0083936200041169
O=C(O)CCC(=O)O,O=C1CCCCC1,333.75,-0.42636489688254997,0.012593923355816427,2,0.0083936200041169
O=C(O)CCC(=O)O,O=C1CCCCC1,335.25,-0.40752502447299754,0.012208696966172298,2,0.0083936200041169
O=C(O)CCC(=O)O,O=C1CCCCC1,337.15,-0.3922753201348854,,1,0.0083936200041169
O=C(O)CCC(=O)O,O=C1CCCCC1,340.85,-0.34679019494165786,,1,0.0083936200041169
O=C(O)CCCC(=O)O,CC(=O)O,288.15,0.5714689651813813,,1,0.070558277817426
O=C(O)CCCC(=O)O,CC(=O)O,292.75,0.5838201339096116,0.05339605269646144,2,0.070558277817426
O=C(O)CCCC(=O)O,CC(=O)O,293.15,0.5880969168078778,0.05370473986411136,2,0.070558277817426
O=C(O)CCCC(=O)O,CC(=O)O,297.84,0.6407255915573344,0.05602462786880775,2,0.070558277817426
O=C(O)CCCC(=O)O,CC(=O)O,298.15,0.6443612548454922,0.05609561004165935,2,0.070558277817426
O=C(O)CCCC(=O)O,CC(=O)O,301.3,0.6823648255478716,0.05625848266145529,2,0.070558277817426
O=C(O)CCCC(=O)O,CC(=O)O,303.15,0.7055613376214893,0.05589125353058902,2,0.070558277817426
O=C(O)CCCC(=O)O,CC(=O)O,304.47,0.7224969303730049,0.05542562933364669,2,0.070558277817426
O=C(O)CCCC(=O)O,CC(=O)O,307.28,0.759585046996051,0.05388442617213878,2,0.070558277817426
O=C(O)CCCC(=O)O,CC(=O)O,308.15,0.7713466931234123,0.05325883355206511,2,0.070558277817426
O=C(O)CCCC(=O)O,CC(=O)O,310.19,0.7994284941778957,0.051523551160298754,2,0.070558277817426
O=C(O)CCCC(=O)O,CC(=O)O,313.64,0.848474990612651,0.047756041988223204,2,0.070558277817426
O=C(O)CCCC(=O)O,CC(=O)O,315.15,0.8705360302011442,0.045787655717967,2,0.070558277817426
O=C(O)CCCC(=O)O,CC(=O)O,316.5,0.8905565471025625,0.04386764284182991,2,0.070558277817426
O=C(O)CCCC(=O)O,CC(=O)O,318.15,0.9153986506875782,0.04131955706261372,2,0.070558277817426
O=C(O)CCCC(=O)O,CC(=O)O,319.05,0.9291183795062636,0.03983787831032286,2,0.070558277817426
O=C(O)CCCC(=O)O,CC(=O)O,321.38,0.9651799943990866,0.03570717239301213,2,0.070558277817426
O=C(O)CCCC(=O)O,CC(=O)O,323.15,0.9930852353985458,0.03229103979029898,2,0.070558277817426
O=C(O)CCCC(=O)O,CC(=O)O,325.45,1.010537497256962,,1,0.070558277817426
O=C(O)CCCC(=O)O,CC(=O)O,327.38,1.045093070467857,,1,0.070558277817426
O=C(O)CCCC(=O)O,CC(=O)O,332.97,1.148871067540881,,1,0.070558277817426
O=C(O)CCCC(=O)O,CC(=O)O,335.25,1.1927042342502148,,1,0.070558277817426
O=C(O)CCCC(=O)O,CC(=O)O,338.05,1.2476690316964607,,1,0.070558277817426
O=C(O)CCCC(=O)O,CC(=O)O,341.94,1.3260211892485074,,1,0.070558277817426
O=C(O)CCCC(=O)O,CC(=O)O,344.21,1.372768735147588,,1,0.070558277817426
O=C(O)CCCC(=O)O,CC(=O)O,347.24,1.4362951504979549,,1,0.070558277817426
O=C(O)CCCC(=O)O,CC(=O)O,349.88,1.492657525987397,,1,0.070558277817426
O=C(O)CCCC(=O)O,CC(=O)O,353.36,1.5683334145653873,,1,0.070558277817426
O=C(O)CCCC(=O)O,O,279.15,0.6538287020811246,,1,0.0336406902035662
O=C(O)CCCC(=O)O,O,281.15,0.6931263890346315,,1,0.0336406902035662
O=C(O)CCCC(=O)O,O,284.15,0.7514718919201719,,1,0.0336406902035662
O=C(O)CCCC(=O)O,O,286.15,0.7899756364716488,,1,0.0336406902035662
O=C(O)CCCC(=O)O,O,288.05,0.8668354339811426,0.05737090991332311,2,0.0336406902035662
O=C(O)CCCC(=O)O,O,289.15,0.8862481230881176,0.05528782051168311,2,0.0336406902035662
O=C(O)CCCC(=O)O,O,291.15,0.9213245415820772,0.05151993251290178,2,0.0336406902035662
O=C(O)CCCC(=O)O,O,292.95,0.9526543788511272,0.048150165460693714,2,0.0336406902035662
O=C(O)CCCC(=O)O,O,293.15,0.9561216439846856,0.04777698341457202,2,0.0336406902035662
O=C(O)CCCC(=O)O,O,297.85,1.0368198877642385,0.03907736140569189,2,0.0336406902035662
O=C(O)CCCC(=O)O,O,298.15,1.0419205507823754,0.03852658432777742,2,0.0336406902035662
O=C(O)CCCC(=O)O,O,302.15,1.1093658293162996,0.031233696424543968,2,0.0336406902035662
O=C(O)CCCC(=O)O,O,303.25,1.127731956330793,0.029244532607105536,2,0.0336406902035662
O=C(O)CCCC(=O)O,O,304.15,1.1427014801297801,0.027622223660995444,2,0.0336406902035662
O=C(O)CCCC(=O)O,O,307.15,1.1922319994838322,0.022247898653073868,2,0.0336406902035662
O=C(O)CCCC(=O)O,O,308.05,1.206982092099878,0.020645511715234387,2,0.0336406902035662
O=C(O)CCCC(=O)O,O,310.15,1.2412060930865056,0.016924174382519554,2,0.0336406902035662
O=C(O)CCCC(=O)O,O,312.15,1.273552375956827,0.013402669631474965,2,0.0336406902035662
O=C(O)CCCC(=O)O,O,312.95,1.2864239451801929,0.012000185906678671,2,0.0336406902035662
O=C(O)CCCC(=O)O,O,316.15,1.3375331861203197,0.012,2,0.0336406902035662
O=C(O)CCCC(=O)O,O,317.15,1.3533825852283243,0.012,2,0.0336406902035662
O=C(O)CCCC(=O)O,O,318.05,1.3675978793343226,0.012,2,0.0336406902035662
O=C(O)CCCC(=O)O,O,318.15,1.369174494956539,0.012,2,0.0336406902035662
O=C(O)CCCC(=O)O,O,320.55,1.4068429562106495,0.012,2,0.0336406902035662
O=C(O)CCCC(=O)O,O,322.25,1.4333288840754346,0.012,2,0.0336406902035662
O=C(O)CCCC(=O)O,O,323.15,1.4472858464377065,0.012,2,0.0336406902035662
O=C(O)CCCC(=O)O,O,326.75,1.5026701522287915,0.012,2,0.0336406902035662
O=C(O)CCCC(=O)O,O,327.65,1.5164067222366935,0.013169861486396126,2,0.0336406902035662
O=C(O)CCCC(=O)O,O,329.15,1.5392050050493378,0.01567633846440896,2,0.0336406902035662
O=C(O)CCCC(=O)O,O,330.85,1.5648993466494794,0.018503643499609417,2,0.0336406902035662
O=C(O)CCCC(=O)O,O,332.15,1.599052122858879,,1,0.0336406902035662
O=C(O)CCCC(=O)O,O,334.25,1.6328894892047252,,1,0.0336406902035662
O=C(O)CCCC(=O)O,O,336.15,1.6632973135089912,,1,0.0336406902035662
O=C(O)CCCC(=O)O,O,342.15,1.758059612579256,,1,0.0336406902035662
O=C(O)CCCC(=O)O,O=C1CCCCC1,294.0,0.2827551210505419,,1,0.0404237236952654
O=C(O)CCCC(=O)O,O=C1CCCCC1,294.15,0.25951993142172114,0.03525022047763509,2,0.0404237236952654
O=C(O)CCCC(=O)O,O=C1CCCCC1,295.35,0.2797945566926406,0.02839491476364168,3,0.0404237236952654
O=C(O)CCCC(=O)O,O=C1CCCCC1,298.45,0.31289370404563027,0.02817074204933373,3,0.0404237236952654
O=C(O)CCCC(=O)O,O=C1CCCCC1,299.35,0.3231759101475215,0.028308859601096862,3,0.0404237236952654
O=C(O)CCCC(=O)O,O=C1CCCCC1,299.7,0.32725464804438315,0.02837903029702959,3,0.0404237236952654
O=C(O)CCCC(=O)O,O=C1CCCCC1,302.45,0.3608337970756755,0.029141514428416438,3,0.0404237236952654
O=C(O)CCCC(=O)O,O=C1CCCCC1,303.65,0.3763213328941504,0.029543977337502227,3,0.0404237236952654
O=C(O)CCCC(=O)O,O=C1CCCCC1,304.5,0.3875917412919705,0.029842044152698834,3,0.0404237236952654
O=C(O)CCCC(=O)O,O=C1CCCCC1,307.15,0.4242915511522938,0.030820872688243527,3,0.0404237236952654
O=C(O)CCCC(=O)O,O=C1CCCCC1,307.75,0.4329232644589827,0.03105451579663845,3,0.0404237236952654
O=C(O)CCCC(=O)O,O=C1CCCCC1,308.05,0.4372830175938513,0.03117365226220227,3,0.0404237236952654
O=C(O)CCCC(=O)O,O=C1CCCCC1,311.85,0.4949850805559966,0.03291384483822958,3,0.0404237236952654
O=C(O)CCCC(=O)O,O=C1CCCCC1,311.94,0.4916660410885214,0.04514706460164246,2,0.0404237236952654
O=C(O)CCCC(=O)O,O=C1CCCCC1,312.45,0.49941967601598947,0.0453397738384261,2,0.0404237236952654
O=C(O)CCCC(=O)O,O=C1CCCCC1,314.15,0.5256663717927523,0.04594847405905636,2,0.0404237236952654
O=C(O)CCCC(=O)O,O=C1CCCCC1,317.05,0.5718307964065161,0.04686979550604047,2,0.0404237236952654
O=C(O)CCCC(=O)O,O=C1CCCCC1,317.54,0.5798000187837857,0.04701119372678671,2,0.0404237236952654
O=C(O)CCCC(=O)O,O=C1CCCCC1,320.3,0.6255744074048835,0.04773247912658473,2,0.0404237236952654
O=C(O)CCCC(=O)O,O=C1CCCCC1,321.75,0.6502126028807282,0.04806123394251318,2,0.0404237236952654
O=C(O)CCCC(=O)O,O=C1CCCCC1,325.05,0.7077480132974614,0.048684449424165235,2,0.0404237236952654
O=C(O)CCCC(=O)O,O=C1CCCCC1,326.35,0.7309556028061621,0.04888343021563642,2,0.0404237236952654
O=C(O)CCCC(=O)O,O=C1CCCCC1,326.95,0.7417676298402114,0.048966582244782064,2,0.0404237236952654
O=C(O)CCCC(=O)O,O=C1CCCCC1,330.5,0.807008840475774,0.0493487508907354,2,0.0404237236952654
O=C(O)CCCC(=O)O,O=C1CCCCC1,331.55,0.8267118260532129,0.049426527173954585,2,0.0404237236952654
O=C(O)CCCC(=O)O,O=C1CCCCC1,333.81,0.8697293307946126,0.049540801689124184,2,0.0404237236952654
O=C(O)CCCC(=O)O,O=C1CCCCC1,335.23,0.8971741795659511,0.049576181446031486,2,0.0404237236952654
O=C(O)CCCC(=O)O,O=C1CCCCC1,335.25,0.8975629804746461,0.04957648196375789,2,0.0404237236952654
O=C(O)CCCC(=O)O,O=C1CCCCC1,338.35,0.9936106630978827,,1,0.0404237236952654
O=C(O)CCCC(=O)O,O=C1CCCCC1,342.65,1.080418739220903,,1,0.0404237236952654
O=C(O)CCCC(=O)O,O=C1CCCCC1,346.8,1.1665000254235736,,1,0.0404237236952654
O=C(O)CCCC(=O)O,O=C1CCCCC1,347.65,1.184397872437387,,1,0.0404237236952654
O=C(O)CCCC(=O)O,O=C1CCCCC1,349.7,1.2279239780280022,,1,0.0404237236952654
O=C(O)CCCC(=O)O,O=C1CCCCC1,351.5,1.2665531407771198,,1,0.0404237236952654
O=C(O)CCCC(=O)O,O=C1CCCCC1,353.65,1.3131830471105275,,1,0.0404237236952654
O=C(O)CCCCC(=O)O,CC(=O)O,288.15,-0.5481728410346491,,1,0.0251083493778705
O=C(O)CCCCC(=O)O,CC(=O)O,293.15,-0.47259537026814513,,1,0.0251083493778705
O=C(O)CCCCC(=O)O,CC(=O)O,297.93,-0.4235665945074345,0.033196107134083615,2,0.0251083493778705
O=C(O)CCCCC(=O)O,CC(=O)O,298.15,-0.42010752691416897,0.03303040524513325,2,0.0251083493778705
O=C(O)CCCCC(=O)O,CC(=O)O,301.75,-0.3668396534445601,0.02227743920529675,3,0.0251083493778705
O=C(O)CCCCC(=O)O,CC(=O)O,301.85,-0.36523791991200955,0.02221694434250767,3,0.0251083493778705
O=C(O)CCCCC(=O)O,CC(=O)O,302.7,-0.3516276473929049,0.021711884351736807,3,0.0251083493778705
O=C(O)CCCCC(=O)O,CC(=O)O,303.15,-0.3444254696566489,0.021451161945757632,3,0.0251083493778705
O=C(O)CCCCC(=O)O,CC(=O)O,305.55,-0.3060528185117614,0.020139709108863337,3,0.0251083493778705
O=C(O)CCCCC(=O)O,CC(=O)O,306.25,-0.29487340529368566,0.019782656028055307,3,0.0251083493778705
O=C(O)CCCCC(=O)O,CC(=O)O,306.65,-0.2884877746373178,0.019583862434491194,3,0.0251083493778705
O=C(O)CCCCC(=O)O,CC(=O)O,308.15,-0.2645587630034285,0.018872671693988024,3,0.0251083493778705
O=C(O)CCCCC(=O)O,CC(=O)O,308.85,-0.2534012529872148,0.018559503454883216,3,0.0251083493778705
O=C(O)CCCCC(=O)O,CC(=O)O,311.67,-0.20851422175100254,0.017420828050315175,3,0.0251083493778705
O=C(O)CCCCC(=O)O,CC(=O)O,312.35,-0.19770549586114092,0.017176136088414812,3,0.0251083493778705
O=C(O)CCCCC(=O)O,CC(=O)O,314.65,-0.16119112242933178,0.016435787626963266,3,0.0251083493778705
O=C(O)CCCCC(=O)O,CC(=O)O,315.15,-0.15326244223286287,0.016292761884694213,3,0.0251083493778705
O=C(O)CCCCC(=O)O,CC(=O)O,315.2,-0.15246975745557023,0.01627881208776326,3,0.0251083493778705
O=C(O)CCCCC(=O)O,CC(=O)O,315.85,-0.1421679007915936,0.016103301880192333,3,0.0251083493778705
O=C(O)CCCCC(=O)O,CC(=O)O,318.15,-0.1057610878664832,0.015569101769632101,3,0.0251083493778705
O=C(O)CCCCC(=O)O,CC(=O)O,319.33,-0.08711099929661259,0.015347180083663441,3,0.0251083493778705
O=C(O)CCCCC(=O)O,CC(=O)O,319.75,-0.08047750590063174,0.015276619656956024,3,0.0251083493778705
O=C(O)CCCCC(=O)O,CC(=O)O,321.05,-0.059960960900594294,0.015085880563902766,3,0.0251083493778705
O=C(O)CCCCC(=O)O,CC(=O)O,322.95,-0.030018400545441654,0.014880634040064808,3,0.0251083493778705
O=C(O)CCCCC(=O)O,CC(=O)O,323.15,-0.0268695637848045,0.014863978723760995,3,0.0251083493778705
O=C(O)CCCCC(=O)O,CC(=O)O,323.49,-0.027154964893128408,0.015800579545214983,2,0.0251083493778705
O=C(O)CCCCC(=O)O,CC(=O)O,325.65,0.007287782701506984,0.016573189051325737,2,0.0251083493778705
O=C(O)CCCCC(=O)O,CC(=O)O,326.57,0.02192758372423853,0.01690326932306928,2,0.0251083493778705
O=C(O)CCCCC(=O)O,CC(=O)O,328.55,0.053373487424192234,0.01761562363052692,2,0.0251083493778705
O=C(O)CCCCC(=O)O,CC(=O)O,329.3,0.06526284409798322,0.01788613656643418,2,0.0251083493778705
O=C(O)CCCCC(=O)O,CC(=O)O,330.55,0.085051559362185,0.01833779956366077,2,0.0251083493778705
O=C(O)CCCCC(=O)O,CC(=O)O,332.85,0.12137483631608603,0.019171415010299227,2,0.0251083493778705
O=C(O)CCCCC(=O)O,CC(=O)O,333.55,0.13240708351596808,0.019425760457853367,2,0.0251083493778705
O=C(O)CCCCC(=O)O,CC(=O)O,334.05,0.14028077605109956,0.01960761278536458,2,0.0251083493778705
O=C(O)CCCCC(=O)O,CC(=O)O,335.77,0.1673249709064386,0.020234286194569497,2,0.0251083493778705
O=C(O)CCCCC(=O)O,CC(=O)O,338.25,0.20620607396280732,0.02114075845667417,2,0.0251083493778705
O=C(O)CCCCC(=O)O,CC(=O)O,339.55,0.22653397174020284,0.02161723378969161,2,0.0251083493778705
O=C(O)CCCCC(=O)O,CC(=O)O,340.05,0.24975805722731081,,1,0.0251083493778705
O=C(O)CCCCC(=O)O,CC(C)=O,288.15,-0.6404798956229172,,1,0.104849436226608
O=C(O)CCCCC(=O)O,CC(C)=O,293.15,-0.5758384163255172,,1,0.104849436226608
O=C(O)CCCCC(=O)O,CC(C)=O,298.15,-0.570875548985633,0.08573668119951688,2,0.104849436226608
O=C(O)CCCCC(=O)O,CC(C)=O,300.15,-0.5450241684668775,0.08662264666720955,2,0.104849436226608
O=C(O)CCCCC(=O)O,CC(C)=O,302.15,-0.5184909401223727,0.08672776252031528,2,0.104849436226608
O=C(O)CCCCC(=O)O,CC(C)=O,303.15,-0.5049749651371442,0.08649391977157316,2,0.104849436226608
O=C(O)CCCCC(=O)O,CC(C)=O,304.15,-0.4912960489839797,0.08607249024766296,2,0.104849436226608
O=C(O)CCCCC(=O)O,CC(C)=O,306.15,-0.46345906464198094,0.08467669057802038,2,0.104849436226608
O=C(O)CCCCC(=O)O,CC(C)=O,308.15,-0.43499896293057105,0.08255964426253636,2,0.104849436226608
O=C(O)CCCCC(=O)O,CC(C)=O,310.15,-0.40593414672990136,0.0797400720198338,2,0.104849436226608
O=C(O)CCCCC(=O)O,CC(C)=O,312.15,-0.3762824659261881,0.07623615368256116,2,0.104849436226608
O=C(O)CCCCC(=O)O,CC(C)=O,314.15,-0.3460612365682465,0.07206554658166792,2,0.104849436226608
O=C(O)CCCCC(=O)O,CC(C)=O,315.15,-0.3307423110163974,0.06973561414890511,2,0.104849436226608
O=C(O)CCCCC(=O)O,CC(C)=O,316.15,-0.31528725925775447,0.06724540320351356,2,0.104849436226608
O=C(O)CCCCC(=O)O,CC(C)=O,318.15,-0.28397683680809394,0.06179238815260396,2,0.104849436226608
O=C(O)CCCCC(=O)O,CC(C)=O,323.15,-0.20345652565437078,0.04549618540053436,2,0.104849436226608
O=C(O)CCCCC(=O)O,O,278.15,-1.1672882214086542,,1,0.1607674708487655
O=C(O)CCCCC(=O)O,O,283.15,-1.0783459702664118,,1,0.1607674708487655
O=C(O)CCCCC(=O)O,O,288.15,-0.9842913058334375,,1,0.1607674708487655
O=C(O)CCCCC(=O)O,O,293.15,-0.8032398049855889,0.11636980101929371,2,0.1607674708487655
O=C(O)CCCCC(=O)O,O,298.15,-0.693241890552903,0.12611537181650487,2,0.1607674708487655
O=C(O)CCCCC(=O)O,O,298.35,-0.6888281058579153,0.1264040623773875,2,0.1607674708487655
O=C(O)CCCCC(=O)O,O,303.15,-0.582610660525452,0.13109961891987731,2,0.1607674708487655
O=C(O)CCCCC(=O)O,O,303.85,-0.567077550269909,0.13143502864934759,2,0.1607674708487655
O=C(O)CCCCC(=O)O,O,307.25,-0.4914908822463744,0.131847606465704,2,0.1607674708487655
O=C(O)CCCCC(=O)O,O,308.15,-0.4714461011122264,0.13162635904149006,2,0.1607674708487655
O=C(O)CCCCC(=O)O,O,310.55,-0.417924816310574,0.13037950396614495,2,0.1607674708487655
O=C(O)CCCCC(=O)O,O,313.15,-0.3598396039315812,0.1279777039594652,2,0.1607674708487655
O=C(O)CCCCC(=O)O,O,316.15,-0.2926986469471249,0.12389418234894732,2,0.1607674708487655
O=C(O)CCCCC(=O)O,O,318.65,-0.23666155173824066,0.11945400975936224,2,0.1607674708487655
O=C(O)CCCCC(=O)O,O,320.55,-0.19402702969386887,0.11546853041257503,2,0.1607674708487655
O=C(O)CCCCC(=O)O,O,323.15,-0.13562798804803755,0.1091848398881851,2,0.1607674708487655
O=C(O)CCCCC(=O)O,O,325.65,-0.0794210027830271,0.1022649879665476,2,0.1607674708487655
O=C(O)CCCCC(=O)O,O,328.15,-0.023169310065027204,0.09451179992063916,2,0.1607674708487655
O=C(O)CCCCC(=O)O,O,331.35,0.04888564364816439,0.08341309619266779,2,0.1607674708487655
O=C(O)CCCCC(=O)O,O,333.15,0.08943722481586747,0.07660852969638669,2,0.1607674708487655
O=C(O)CCCCC(=O)O,O,336.75,0.17057235118119785,0.06182945891708378,2,0.1607674708487655
O=C(O)CCCCC(=O)O,O,338.15,0.16276648244337366,,1,0.1607674708487655
O=C(O)CCCCC(=O)O,O=C1CCCCC1,292.75,-0.9821258521204257,,1,0.0163848104266912
O=C(O)CCCCC(=O)O,O=C1CCCCC1,293.75,-0.9380891975670984,0.035031923296503786,2,0.0163848104266912
O=C(O)CCCCC(=O)O,O=C1CCCCC1,294.15,-0.9207264445693895,0.030026288941616075,3,0.0163848104266912
O=C(O)CCCCC(=O)O,O=C1CCCCC1,294.55,-0.9141085873259058,0.029076665842210393,3,0.0163848104266912
O=C(O)CCCCC(=O)O,O=C1CCCCC1,297.23,-0.8697189789014814,0.022958867723670354,3,0.0163848104266912
O=C(O)CCCCC(=O)O,O=C1CCCCC1,297.75,-0.8610965340560218,0.021820085487853212,3,0.0163848104266912
O=C(O)CCCCC(=O)O,O=C1CCCCC1,298.45,-0.849484795224439,0.020311309467527093,3,0.0163848104266912
O=C(O)CCCCC(=O)O,O=C1CCCCC1,298.75,-0.8445067585105619,0.01967312093038598,3,0.0163848104266912
O=C(O)CCCCC(=O)O,O=C1CCCCC1,300.25,-0.8258719079694139,0.018437931507749427,4,0.0163848104266912
O=C(O)CCCCC(=O)O,O=C1CCCCC1,301.25,-0.8083759102785063,0.01603755897207333,4,0.0163848104266912
O=C(O)CCCCC(=O)O,O=C1CCCCC1,302.05,-0.7943972423927422,0.014175744910181188,4,0.0163848104266912
O=C(O)CCCCC(=O)O,O=C1CCCCC1,302.35,-0.789159402598736,0.013490933870272613,4,0.0163848104266912
O=C(O)CCCCC(=O)O,O=C1CCCCC1,302.45,-0.7874139607143268,0.01326428474219955,4,0.0163848104266912
O=C(O)CCCCC(=O)O,O=C1CCCCC1,304.09,-0.7588247656762721,0.012,4,0.0163848104266912
O=C(O)CCCCC(=O)O,O=C1CCCCC1,305.45,-0.7351682932011813,0.012,4,0.0163848104266912
O=C(O)CCCCC(=O)O,O=C1CCCCC1,306.65,-0.7143339080133463,0.012,4,0.0163848104266912
O=C(O)CCCCC(=O)O,O=C1CCCCC1,307.15,-0.7056637147246415,0.012,4,0.0163848104266912
O=C(O)CCCCC(=O)O,O=C1CCCCC1,309.75,-0.660681331803627,0.012,4,0.0163848104266912
O=C(O)CCCCC(=O)O,O=C1CCCCC1,309.95,-0.6572282888580365,0.012,4,0.0163848104266912
O=C(O)CCCCC(=O)O,O=C1CCCCC1,310.55,-0.6468752888116214,0.012,4,0.0163848104266912
O=C(O)CCCCC(=O)O,O=C1CCCCC1,312.45,-0.6128987217936593,0.012,3,0.0163848104266912
O=C(O)CCCCC(=O)O,O=C1CCCCC1,312.55,-0.611129041684063,0.012,3,0.0163848104266912
O=C(O)CCCCC(=O)O,O=C1CCCCC1,313.95,-0.586385286320171,0.012,3,0.0163848104266912
O=C(O)CCCCC(=O)O,O=C1CCCCC1,314.45,-0.5775625929695046,0.012,3,0.0163848104266912
O=C(O)CCCCC(=O)O,O=C1CCCCC1,317.05,-0.5318062718107416,0.012945925732685552,3,0.0163848104266912
O=C(O)CCCCC(=O)O,O=C1CCCCC1,317.85,-0.5177684165462667,0.013827314083564487,3,0.0163848104266912
O=C(O)CCCCC(=O)O,O=C1CCCCC1,318.25,-0.5107567171381232,0.014249017544576711,3,0.0163848104266912
O=C(O)CCCCC(=O)O,O=C1CCCCC1,318.4,-0.5081285716194476,0.01440391746200394,3,0.0163848104266912
O=C(O)CCCCC(=O)O,O=C1CCCCC1,321.15,-0.46006579547979065,0.016936894849272594,3,0.0163848104266912
O=C(O)CCCCC(=O)O,O=C1CCCCC1,321.75,-0.44960954874722586,0.017413939488103585,3,0.0163848104266912
O=C(O)CCCCC(=O)O,O=C1CCCCC1,324.35,-0.4044237629413763,0.01918110514130758,3,0.0163848104266912
O=C(O)CCCCC(=O)O,O=C1CCCCC1,326.35,-0.36980296120199885,0.020222214007113395,3,0.0163848104266912
O=C(O)CCCCC(=O)O,O=C1CCCCC1,327.55,-0.3490877227889677,0.020720807625153694,3,0.0163848104266912
O=C(O)CCCCC(=O)O,O=C1CCCCC1,327.65,-0.347363387898551,0.020758229268915445,3,0.0163848104266912
O=C(O)CCCCC(=O)O,O=C1CCCCC1,331.55,-0.2803459496414411,0.021751889105302517,3,0.0163848104266912
O=C(O)CCCCC(=O)O,O=C1CCCCC1,331.65,-0.2786334808938055,0.021766077628248292,3,0.0163848104266912
O=C(O)CCCCC(=O)O,O=C1CCCCC1,334.75,-0.22569341217591146,0.021958148347171864,3,0.0163848104266912
O=C(O)CCCCC(=O)O,O=C1CCCCC1,335.25,-0.21718121552486838,0.02194773259436597,3,0.0163848104266912
O=C(O)CCCCC(=O)O,O=C1CCCCC1,338.55,-0.14915081181467316,0.012,2,0.0163848104266912
O=C(O)CCCCC(=O)O,O=C1CCCCC1,339.05,-0.14079596592193933,0.012,2,0.0163848104266912
O=C(O)CCCCC(=O)O,O=C1CCCCC1,340.45,-0.11748729635633492,0.012,2,0.0163848104266912
O=C(O)CCCCC(=O)O,O=C1CCCCC1,341.35,-0.1025687748424271,0.012,2,0.0163848104266912
O=C(O)CCCCC(=O)O,O=C1CCCCC1,342.85,-0.07781766161865322,0.012668043926489202,2,0.0163848104266912
O=C(O)CCCCC(=O)O,O=C1CCCCC1,344.53,-0.05026260884027223,0.014572092128744845,2,0.0163848104266912
O=C(O)CCCCC(=O)O,O=C1CCCCC1,344.95,-0.04340104858277982,0.01506346774087972,2,0.0163848104266912
O=C(O)CCCCC(=O)O,O=C1CCCCC1,347.65,0.013438987332399677,,1,0.0163848104266912
O=C(O)CCCCC(=O)O,O=C1CCCCC1,349.85,0.05087693840331298,,1,0.0163848104266912
O=C(O)CCCCC(=O)O,O=C1CCCCC1,355.15,0.1403506117622726,,1,0.0163848104266912
O=C(O)CCCCCC(=O)O,CCO,288.15,0.10224384056769154,,1,0.0476091976621654
O=C(O)CCCCCC(=O)O,CCO,293.15,0.20017277815157541,,1,0.0476091976621654
O=C(O)CCCCCC(=O)O,CCO,298.15,0.2936990206352377,,1,0.0476091976621654
O=C(O)CCCCCC(=O)O,CCO,298.45,0.3318378217069533,0.046191026523982964,2,0.0476091976621654
O=C(O)CCCCCC(=O)O,CCO,301.45,0.3824547045813542,0.04147141255500674,2,0.0476091976621654
O=C(O)CCCCCC(=O)O,CCO,303.15,0.4107303234174875,0.039133360006925806,2,0.0476091976621654
O=C(O)CCCCCC(=O)O,CCO,304.25,0.42887221358528826,0.037746981087289515,2,0.0476091976621654
O=C(O)CCCCCC(=O)O,CCO,305.75,0.45341868946986885,0.036013695614471535,2,0.0476091976621654
O=C(O)CCCCCC(=O)O,CCO,307.55,0.4825853850061588,0.034168777692399135,2,0.0476091976621654
O=C(O)CCCCCC(=O)O,CCO,308.15,0.49223839722080065,0.03360984169820767,2,0.0476091976621654
O=C(O)CCCCCC(=O)O,CCO,310.25,0.5257552173489763,0.0318700358328956,2,0.0476091976621654
O=C(O)CCCCCC(=O)O,CCO,312.15,0.5557249082571918,0.030580491286849403,2,0.0476091976621654
O=C(O)CCCCCC(=O)O,CCO,314.85,0.5977451470123185,0.029200063239331088,2,0.0476091976621654
O=C(O)CCCCCC(=O)O,CCO,315.15,0.6023735034133999,0.029078772330534044,2,0.0476091976621654
O=C(O)CCCCCC(=O)O,CCO,316.25,0.6192756135785586,0.02868801016315897,2,0.0476091976621654
O=C(O)CCCCCC(=O)O,CCO,317.95,0.6451872357040553,0.028248776798809362,2,0.0476091976621654
O=C(O)CCCCCC(=O)O,CCO,318.15,0.648219064297118,0.028210084324714505,2,0.0476091976621654
O=C(O)CCCCCC(=O)O,CCO,320.95,0.6903029715037796,0.027949795649161877,2,0.0476091976621654
O=C(O)CCCCCC(=O)O,CCO,323.15,0.7229026284484181,0.028105920767719384,2,0.0476091976621654
O=C(O)CCCCCC(=O)O,CCO,323.55,0.7487040004875176,,1,0.0476091976621654
O=C(O)CCCCCC(=O)O,CCO,325.65,0.7797241195297744,,1,0.0476091976621654
O=C(O)CCCCCC(=O)O,CCO,327.55,0.8076473950631993,,1,0.0476091976621654
O=C(O)CCCCCC(=O)O,CCO,329.25,0.8325176475762994,,1,0.0476091976621654
O=C(O)CCCCCCC(=O)O,CC(C)=O,283.15,-1.0774152277451776,,1,0.1125904107127173
O=C(O)CCCCCCC(=O)O,CC(C)=O,288.15,-0.932039016906991,0.06491552793764133,2,0.1125904107127173
O=C(O)CCCCCCC(=O)O,CC(C)=O,289.95,-0.8908032969173476,0.07298879044199039,2,0.1125904107127173
O=C(O)CCCCCCC(=O)O,CC(C)=O,293.15,-0.8199768874110944,0.08434987433850971,2,0.1125904107127173
O=C(O)CCCCCCC(=O)O,CC(C)=O,296.85,-0.7419082462625504,0.09289563680947163,2,0.1125904107127173
O=C(O)CCCCCCC(=O)O,CC(C)=O,298.15,-0.7154211437190021,0.09477163603380162,2,0.1125904107127173
O=C(O)CCCCCCC(=O)O,CC(C)=O,303.15,-0.6179385462566813,0.09676467082097867,2,0.1125904107127173
O=C(O)CCCCCCC(=O)O,CC(C)=O,303.75,-0.6066965089867367,0.09646355715221683,2,0.1125904107127173
O=C(O)CCCCCCC(=O)O,CC(C)=O,308.15,-0.5271259806452733,0.09087046603889554,2,0.1125904107127173
O=C(O)CCCCCCC(=O)O,CC(C)=O,310.75,-0.4824137568159941,0.08485677875001178,2,0.1125904107127173
O=C(O)CCCCCCC(=O)O,CC(C)=O,315.15,-0.4104839861009104,0.07031835071388451,2,0.1125904107127173
O=C(O)CCCCCCC(=O)O,CC(C)=O,317.55,-0.37316033543877225,0.060169761592201505,2,0.1125904107127173
O=C(O)CCCCCCC(=O)O,CC(C)=O,318.15,-0.36403434848405425,0.05739566443156954,2,0.1125904107127173
O=C(O)CCCCCCC(=O)O,CC(C)=O,322.75,-0.2967154246700936,0.033079999353883,2,0.1125904107127173
O=C(O)CCCCCCC(=O)O,CC(C)=O,323.15,-0.2693582663079894,,1,0.1125904107127173
O=C(O)CCCCCCC(=O)O,CCO,283.25,-0.5604789096808869,,1,0.0204419943907018
O=C(O)CCCCCCC(=O)O,CCO,288.15,-0.44838144012010783,0.026487262022201054,2,0.0204419943907018
O=C(O)CCCCCCC(=O)O,CCO,290.35,-0.4110429902698183,0.021219991351799337,2,0.0204419943907018
O=C(O)CCCCCCC(=O)O,CCO,293.15,-0.36340132684850524,0.015738403540643965,2,0.0204419943907018
O=C(O)CCCCCCC(=O)O,CCO,297.05,-0.2968433423183585,0.012,2,0.0204419943907018
O=C(O)CCCCCCC(=O)O,CCO,298.15,-0.27803271831501686,0.012,2,0.0204419943907018
O=C(O)CCCCCCC(=O)O,CCO,303.15,-0.1923482606399558,0.012,2,0.0204419943907018
O=C(O)CCCCCCC(=O)O,CCO,303.85,-0.18033107419085947,0.012,2,0.0204419943907018
O=C(O)CCCCCCC(=O)O,CCO,308.15,-0.10641415104440544,0.012,2,0.0204419943907018
O=C(O)CCCCCCC(=O)O,CCO,310.95,-0.05820471876739397,0.012,2,0.0204419943907018
O=C(O)CCCCCCC(=O)O,CCO,315.15,0.014199141618562727,0.015025454693611728,2,0.0204419943907018
O=C(O)CCCCCCC(=O)O,CCO,317.85,0.06078864326288258,0.01952707801687265,2,0.0204419943907018
O=C(O)CCCCCCC(=O)O,CCO,318.15,0.06596695365638006,0.020082680226424936,2,0.0204419943907018
O=C(O)CCCCCCC(=O)O,CCO,323.15,0.1523087185553278,0.030919659778354407,2,0.0204419943907018
O=C(O)CCCCCCC(=O)O,CCO,324.85,0.1567417677940366,,1,0.0204419943907018
O=C(O)CCCCCCC(=O)O,CCOC(C)=O,283.15,-1.7648179322781061,,1,0.0472002827890427
O=C(O)CCCCCCC(=O)O,CCOC(C)=O,288.15,-1.6395962592528068,0.03627911708478496,2,0.0472002827890427
O=C(O)CCCCCCC(=O)O,CCOC(C)=O,289.95,-1.6010590907491817,0.0394979320833849,2,0.0472002827890427
O=C(O)CCCCCCC(=O)O,CCOC(C)=O,293.15,-1.533155383685827,0.04364486291882053,2,0.0472002827890427
O=C(O)CCCCCCC(=O)O,CCOC(C)=O,296.85,-1.455590335785372,0.04602266454216994,2,0.0472002827890427
O=C(O)CCCCCCC(=O)O,CCOC(C)=O,298.15,-1.4285746814842994,0.046265039383280276,2,0.0472002827890427
O=C(O)CCCCCCC(=O)O,CCOC(C)=O,303.15,-1.3257903148235055,0.044448662716694336,2,0.0472002827890427
O=C(O)CCCCCCC(=O)O,CCOC(C)=O,303.95,-1.3095074230362993,0.04376577430293663,2,0.0472002827890427
O=C(O)CCCCCCC(=O)O,CCOC(C)=O,308.15,-1.2247416737660028,0.03848228457703602,2,0.0472002827890427
O=C(O)CCCCCCC(=O)O,CCOC(C)=O,310.95,-1.1688910139256485,0.033428329757253114,2,0.0472002827890427
O=C(O)CCCCCCC(=O)O,CCOC(C)=O,315.15,-1.086080473419349,0.02366018638831733,2,0.0472002827890427
O=C(O)CCCCCCC(=O)O,CCOC(C)=O,317.75,-1.0353852801467607,0.01635196865989857,2,0.0472002827890427
O=C(O)CCCCCCC(=O)O,CCOC(C)=O,318.15,-1.0276240025217795,0.015144673269152486,2,0.0472002827890427
O=C(O)CCCCCCC(=O)O,CCOC(C)=O,323.15,-0.9314480527084488,0.012,2,0.0472002827890427
O=C(O)CCCCCCC(=O)O,CCOC(C)=O,324.85,-0.8932769335145565,,1,0.0472002827890427
O=C(O)CCCCCCC(=O)O,CCOC(C)=O,331.75,-0.7425719237208881,,1,0.0472002827890427
O=C(O)CCCCCCC(=O)O,O,280.15,-2.2417738137313705,,1,0.1160422118277759
O=C(O)CCCCCCC(=O)O,O,283.25,-2.2387068325102497,0.07786319081416768,2,0.1160422118277759
O=C(O)CCCCCCC(=O)O,O,285.85,-2.1848345174257666,0.07046676000048481,2,0.1160422118277759
O=C(O)CCCCCCC(=O)O,O,290.25,-2.0925684131192597,0.05606347275280755,2,0.1160422118277759
O=C(O)CCCCCCC(=O)O,O,291.85,-2.058695213580073,0.05026204068357095,2,0.1160422118277759
O=C(O)CCCCCCC(=O)O,O,297.15,-1.9453592966279913,0.02901075327274232,2,0.1160422118277759
O=C(O)CCCCCCC(=O)O,O,298.15,-1.9237912082501865,0.024663745193713116,2,0.1160422118277759
O=C(O)CCCCCCC(=O)O,O,303.85,-1.7998325018350663,0.012,2,0.1160422118277759
O=C(O)CCCCCCC(=O)O,O,305.65,-1.760349176615275,0.012,2,0.1160422118277759
O=C(O)CCCCCCC(=O)O,O,307.65,-1.7163016938681714,0.021586537026741584,2,0.1160422118277759
O=C(O)CCCCCCC(=O)O,O,310.85,-1.645458444253034,0.03905655675270225,2,0.1160422118277759
O=C(O)CCCCCCC(=O)O,O,313.15,-1.5942767275386274,0.05216091945102235,2,0.1160422118277759
O=C(O)CCCCCCC(=O)O,O,317.65,-1.4935514100411247,0.07906380924589465,2,0.1160422118277759
O=C(O)CCCCCCC(=O)O,O,318.15,-1.4823145522021974,0.08215277262536713,2,0.1160422118277759
O=C(O)CCCCCCC(=O)O,O,323.35,-1.3649601626783863,0.11540516425624049,2,0.1160422118277759
O=C(O)CCCCCCC(=O)O,O,325.15,-1.3241419132487948,0.12737816640348149,2,0.1160422118277759
O=C(O)CCCCCCC(=O)O,O,325.85,-1.3082428028944904,0.132096280235044,2,0.1160422118277759
O=C(O)CCCCCCC(=O)O,O,332.45,-1.1576948263694327,0.17821581248009868,2,0.1160422118277759
O=C(O)CCCCCCC(=O)O,O,334.65,-1.107276500363156,0.19421714873014176,2,0.1160422118277759
O=C(O)CCCCCCC(=O)O,O,337.15,-1.0498552750290528,0.21276193775608226,2,0.1160422118277759
O=C(O)CCCCCCC(=O)O,O,339.15,-1.0038271098908353,0.22786605317186479,2,0.1160422118277759
O=C(O)CCCCCCC(=O)O,O,343.25,-1.0927649818237555,,1,0.1160422118277759
O=C(O)CCCCCCC(=O)O,O,349.65,-0.9808277656755351,,1,0.1160422118277759
O=C(O)CCCCCCCC(=O)O,CC(=O)O,288.15,-0.21825380696490626,,1,0.1342643128297336
O=C(O)CCCCCCCC(=O)O,CC(=O)O,289.05,-0.30415395224502006,0.14554370798684724,2,0.1342643128297336
O=C(O)CCCCCCCC(=O)O,CC(=O)O,293.15,-0.2202859909314583,0.1355744594287485,2,0.1342643128297336
O=C(O)CCCCCCCC(=O)O,CC(=O)O,293.95,-0.2039638281004308,0.1335041986723827,2,0.1342643128297336
O=C(O)CCCCCCCC(=O)O,CC(=O)O,298.15,-0.11850476719977365,0.12199445894938105,2,0.1342643128297336
O=C(O)CCCCCCCC(=O)O,CC(=O)O,298.85,-0.10430006412950732,0.11997434812240361,2,0.1342643128297336
O=C(O)CCCCCCCC(=O)O,CC(=O)O,303.15,-0.017288764463559758,0.10695464608270024,2,0.1342643128297336
O=C(O)CCCCCCCC(=O)O,CC(=O)O,303.45,-0.011234180770410163,0.10600810278783743,2,0.1342643128297336
O=C(O)CCCCCCCC(=O)O,CC(=O)O,308.15,0.08334422033461486,0.09055703911681556,2,0.1342643128297336
O=C(O)CCCCCCCC(=O)O,CC(=O)O,308.35,0.08735718958822147,0.08987425364284884,2,0.1342643128297336
O=C(O)CCCCCCCC(=O)O,CC(=O)O,313.35,0.18736773115390548,0.0721647020258161,2,0.1342643128297336
O=C(O)CCCCCCCC(=O)O,CC(=O)O,315.15,0.22322240900912504,0.0654979286592811,2,0.1342643128297336
O=C(O)CCCCCCCC(=O)O,CC(=O)O,318.15,0.2828025958837159,0.0540596305794055,2,0.1342643128297336
O=C(O)CCCCCCCC(=O)O,CC(=O)O,318.85,0.29667249451190436,0.05133340577322456,2,0.1342643128297336
O=C(O)CCCCCCCC(=O)O,CC(=O)O,323.15,0.3816042558837651,0.03412882709912987,2,0.1342643128297336
O=C(O)CCCCCCCC(=O)O,CC(=O)O,325.35,0.4071770827542025,,1,0.1342643128297336
O=C(O)CCCCCCCC(=O)O,CC(=O)O,330.95,0.5337445719055722,,1,0.1342643128297336
O=C(O)CCCCCCCC(=O)O,CC(=O)O,337.35,0.6783932407635405,,1,0.1342643128297336
O=C(O)CCCCCCCC(=O)O,CC(=O)O,341.75,0.7777882018156816,,1,0.1342643128297336
O=C(O)CCCCCCCC(=O)O,CC(C)=O,276.65,-0.895151221516187,,1,0.1398472335768627
O=C(O)CCCCCCCC(=O)O,CC(C)=O,279.45,-0.8338680786534098,,1,0.1398472335768627
O=C(O)CCCCCCCC(=O)O,CC(C)=O,283.15,-0.7517405995254762,,1,0.1398472335768627
O=C(O)CCCCCCCC(=O)O,CC(C)=O,286.95,-0.6661265325601278,,1,0.1398472335768627
O=C(O)CCCCCCCC(=O)O,CC(C)=O,288.15,-0.5115790869383758,0.1799730227981104,2,0.1398472335768627
O=C(O)CCCCCCCC(=O)O,CC(C)=O,293.15,-0.4256317574077144,0.13901508263231652,2,0.1398472335768627
O=C(O)CCCCCCCC(=O)O,CC(C)=O,294.15,-0.40733410886927146,0.13207522149813175,2,0.1398472335768627
O=C(O)CCCCCCCC(=O)O,CC(C)=O,297.55,-0.3424845585272891,0.1114736427994887,2,0.1398472335768627
O=C(O)CCCCCCCC(=O)O,CC(C)=O,298.15,-0.3306276817941196,0.10830794781798195,2,0.1398472335768627
O=C(O)CCCCCCCC(=O)O,CC(C)=O,303.05,-0.2293587473091847,0.08753011978785702,2,0.1398472335768627
O=C(O)CCCCCCCC(=O)O,CC(C)=O,303.15,-0.22721193350865576,0.08719797618458036,2,0.1398472335768627
O=C(O)CCCCCCCC(=O)O,CC(C)=O,306.55,-0.15239085694253873,0.07801382930956482,2,0.1398472335768627
O=C(O)CCCCCCCC(=O)O,CC(C)=O,308.15,-0.11598132649238835,0.07507870168551362,2,0.1398472335768627
O=C(O)CCCCCCCC(=O)O,CC(C)=O,312.05,-0.02415339225033364,0.07150322402374593,2,0.1398472335768627
O=C(O)CCCCCCCC(=O)O,CC(C)=O,315.15,0.05182588213413908,0.07215120831277955,2,0.1398472335768627
O=C(O)CCCCCCCC(=O)O,CC(C)=O,316.15,0.07687818993264273,0.0729974741933097,2,0.1398472335768627
O=C(O)CCCCCCCC(=O)O,CC(C)=O,318.15,0.12775396288179053,0.07559868779104173,2,0.1398472335768627
O=C(O)CCCCCCCC(=O)O,CC(C)=O,320.95,0.2006594702825879,0.08122659643841265,2,0.1398472335768627
O=C(O)CCCCCCCC(=O)O,CC(C)=O,323.15,0.2592708949945859,0.08722686261482265,2,0.1398472335768627
O=C(O)CCCCCCCC(=O)O,CC(C)=O,325.35,0.25213680186726606,,1,0.1398472335768627
O=C(O)CCCCCCCC(=O)O,CCO,276.75,-0.4146733083221079,,1,0.1075017394384517
O=C(O)CCCCCCCC(=O)O,CCO,280.05,-0.3492199401486076,,1,0.1075017394384517
O=C(O)CCCCCCCC(=O)O,CCO,283.25,-0.28626388631292343,,1,0.1075017394384517
O=C(O)CCCCCCCC(=O)O,CCO,288.15,-0.10181561751920398,0.1258823162702164,2,0.1075017394384517
O=C(O)CCCCCCCC(=O)O,CCO,293.05,-0.026305640701782096,0.09932531071607885,2,0.1075017394384517
O=C(O)CCCCCCCC(=O)O,CCO,293.15,-0.02472316640984573,0.09885862334248853,2,0.1075017394384517
O=C(O)CCCCCCCC(=O)O,CCO,297.55,0.04646731621109623,0.0811843461033091,2,0.1075017394384517
O=C(O)CCCCCCCC(=O)O,CCO,298.15,0.05640540226032087,0.07919792215292297,2,0.1075017394384517
O=C(O)CCCCCCCC(=O)O,CCO,303.15,0.14126115248771853,0.06642938640427491,2,0.1075017394384517
O=C(O)CCCCCCCC(=O)O,CCO,304.05,0.15690864197973653,0.06482878009741272,2,0.1075017394384517
O=C(O)CCCCCCCC(=O)O,CCO,307.35,0.21521095505901755,0.06070958823714322,2,0.1075017394384517
O=C(O)CCCCCCCC(=O)O,CCO,308.15,0.22955874438073565,0.06011620470905806,2,0.1075017394384517
O=C(O)CCCCCCCC(=O)O,CCO,312.05,0.3006497820807432,0.05941122998658366,2,0.1075017394384517
O=C(O)CCCCCCCC(=O)O,CCO,315.15,0.35845918551495615,0.061355823023639115,2,0.1075017394384517
O=C(O)CCCCCCCC(=O)O,CCO,317.05,0.39443389358028114,0.063603292162733,2,0.1075017394384517
O=C(O)CCCCCCCC(=O)O,CCO,318.15,0.41544395680523394,0.0652617276731416,2,0.1075017394384517
O=C(O)CCCCCCCC(=O)O,CCO,322.05,0.49097413611286456,0.07319200637281903,2,0.1075017394384517
O=C(O)CCCCCCCC(=O)O,CCO,323.15,0.5125613942662639,0.07599233285935716,2,0.1075017394384517
O=C(O)CCCCCCCC(=O)O,CCO,326.85,0.5244121830379953,,1,0.1075017394384517
O=C(O)CCCCCCCC(=O)O,CCO,332.05,0.6156462314314979,,1,0.1075017394384517
O=C(O)CCCCCCCC(=O)O,CCO,336.55,0.6937281973459832,,1,0.1075017394384517
O=C(O)CCCCCCCCCCC(=O)O,CC(=O)O,288.15,-1.249100525341948,0.012,2,0.0299508504491932
O=C(O)CCCCCCCCCCC(=O)O,CC(=O)O,293.15,-1.1164860171659612,0.012,2,0.0299508504491932
O=C(O)CCCCCCCCCCC(=O)O,CC(=O)O,298.15,-0.9858008225558166,0.012,2,0.0299508504491932
O=C(O)CCCCCCCCCCC(=O)O,CC(=O)O,303.15,-0.8569910225984323,0.017113511617069855,2,0.0299508504491932
O=C(O)CCCCCCCCCCC(=O)O,CC(=O)O,308.15,-0.7300048495304168,0.02288727926154192,2,0.0299508504491932
O=C(O)CCCCCCCCCCC(=O)O,CC(=O)O,313.15,-0.6047925796025133,0.0292184926547259,2,0.0299508504491932
O=C(O)CCCCCCCCCCC(=O)O,CC(=O)O,318.15,-0.4813064319846667,0.03606921020275557,2,0.0299508504491932
O=C(O)CCCCCCCCCCC(=O)O,CC(=O)O,323.15,-0.3595004733716358,0.043404199395235064,2,0.0299508504491932
O=C(O)CCCCCCCCCCC(=O)O,CC(=O)O,328.15,-0.2755278289065899,,1,0.0299508504491932
O=C(O)CCCCCCCCCCC(=O)O,CC(C)=O,288.15,-1.3933642111247941,0.012,2,0.0249781573513195
O=C(O)CCCCCCCCCCC(=O)O,CC(C)=O,293.15,-1.2554786531034097,0.012352088915994213,2,0.0249781573513195
O=C(O)CCCCCCCCCCC(=O)O,CC(C)=O,298.15,-1.1202251029419266,0.014854396553586944,2,0.0249781573513195
O=C(O)CCCCCCCCCCC(=O)O,CC(C)=O,303.15,-0.9875061973098269,0.01710981866017119,2,0.0249781573513195
O=C(O)CCCCCCCCCCC(=O)O,CC(C)=O,308.15,-0.8572298252697976,0.019133039863456203,2,0.0249781573513195
O=C(O)CCCCCCCCCCC(=O)O,CC(C)=O,313.15,-0.7293087600689034,0.020937721752778946,2,0.0249781573513195
O=C(O)CCCCCCCCCCC(=O)O,CC(C)=O,318.15,-0.6036603224363368,0.022536587285124303,2,0.0249781573513195
O=C(O)CCCCCCCCCCC(=O)O,CC(C)=O,323.15,-0.4802060722241279,0.023941497106580896,2,0.0249781573513195
O=C(O)CCCCCCCCCCC(=O)O,CC(C)=O,328.15,-0.3766648202801406,,1,0.0249781573513195
O=C(O)CCCCCCCCCCC(=O)O,CCO,288.15,-0.8539545215107316,0.012,2,0.019739582723837
O=C(O)CCCCCCCCCCC(=O)O,CCO,293.15,-0.73119213359445,0.014044787433561527,2,0.019739582723837
O=C(O)CCCCCCCCCCC(=O)O,CCO,298.15,-0.6112193209842511,0.01667240786621398,2,0.019739582723837
O=C(O)CCCCCCCCCCC(=O)O,CCO,303.15,-0.4939199579174791,0.017555245006596006,2,0.019739582723837
O=C(O)CCCCCCCCCCC(=O)O,CCO,308.15,-0.3791847446837713,0.016805137367995014,2,0.019739582723837
O=C(O)CCCCCCCCCCC(=O)O,CCO,313.15,-0.2669106967334025,0.01452592131481088,2,0.019739582723837
O=C(O)CCCCCCCCCCC(=O)O,CCO,318.15,-0.1570006798186938,0.012,2,0.019739582723837
O=C(O)CCCCCCCCCCC(=O)O,CCO,323.15,-0.04936298634841174,0.012,2,0.019739582723837
O=C(O)CCCCCCCCCCC(=O)O,CCO,328.15,0.056481096402315245,,1,0.019739582723837
O=C(O)CCCCCCCCCCC(=O)O,CCOC(C)=O,288.15,-1.9185163064247543,0.012,2,0.0144375903643419
O=C(O)CCCCCCCCCCC(=O)O,CCOC(C)=O,293.15,-1.7658717508679498,0.012,2,0.0144375903643419
O=C(O)CCCCCCCCCCC(=O)O,CCOC(C)=O,298.15,-1.616718803605984,0.01240318347322693,2,0.0144375903643419
O=C(O)CCCCCCCCCCC(=O)O,CCOC(C)=O,303.15,-1.4709115541037878,0.012074237013076583,2,0.0144375903643419
O=C(O)CCCCCCCCCCC(=O)O,CCOC(C)=O,308.15,-1.3283126902855251,0.012,2,0.0144375903643419
O=C(O)CCCCCCCCCCC(=O)O,CCOC(C)=O,313.15,-1.1887928538450119,0.012,2,0.0144375903643419
O=C(O)CCCCCCCCCCC(=O)O,CCOC(C)=O,318.15,-1.0522300537215088,0.012,2,0.0144375903643419
O=C(O)CCCCCCCCCCC(=O)O,CCOC(C)=O,323.15,-0.9185091316442762,0.012,2,0.0144375903643419
O=C(O)CCCCCCCCCCC(=O)O,CCOC(C)=O,328.15,-0.788192112483749,,1,0.0144375903643419
O=C(O)[C@@H]1CCCN1,CCO,283.15,-1.2601155036383922,,1,0.0211547359395202
O=C(O)[C@@H]1CCCN1,CCO,293.15,-1.1454017524888123,,1,0.0211547359395202
O=C(O)[C@@H]1CCCN1,CCO,298.15,-1.100538929435901,0.01637129379096933,2,0.0211547359395202
O=C(O)[C@@H]1CCCN1,CCO,303.15,-1.0376649922011438,0.012,2,0.0211547359395202
O=C(O)[C@@H]1CCCN1,CCO,308.15,-0.9752225901330451,0.012,2,0.0211547359395202
O=C(O)[C@@H]1CCCN1,CCO,313.15,-0.9132167427050959,0.014136738063796209,2,0.0211547359395202
O=C(O)[C@@H]1CCCN1,CCO,318.15,-0.8516513462588549,0.024708215258344837,2,0.0211547359395202
O=C(O)[C@@H]1CCCN1,CCO,323.15,-0.7905292983864332,0.03545170205375348,2,0.0211547359395202
O=C(O)[C@@H]1CCCN1,CCO,328.15,-0.6970769862966435,,1,0.0211547359395202
O=C(O)[C@@H]1CCCN1,CCO,338.15,-0.5613565502378748,,1,0.0211547359395202
O=C(O)[C@@H]1CCCN1,CCO,348.15,-0.42709281727722015,,1,0.0211547359395202
O=C(O)[C@@H]1CCCN1,CO,283.15,0.08774129373718864,,1,0.0430477604189845
O=C(O)[C@@H]1CCCN1,CO,291.15,0.127702053321876,0.03951299806833929,2,0.0430477604189845
O=C(O)[C@@H]1CCCN1,CO,293.15,0.1470108531959884,0.03665777569831818,2,0.0430477604189845
O=C(O)[C@@H]1CCCN1,CO,301.15,0.22272695225220396,0.028958889719059296,2,0.0430477604189845
O=C(O)[C@@H]1CCCN1,CO,303.15,0.2412877626977128,0.027916734471844642,2,0.0430477604189845
O=C(O)[C@@H]1CCCN1,CO,311.15,0.31412371777114245,0.027011381659948663,2,0.0430477604189845
O=C(O)[C@@H]1CCCN1,CO,313.15,0.3319912206471276,0.02755953981601265,2,0.0430477604189845
O=C(O)[C@@H]1CCCN1,CO,321.15,0.4021540246433499,0.03261953867558221,2,0.0430477604189845
O=C(O)[C@@H]1CCCN1,CO,323.15,0.4193771998673057,0.034565618419528245,2,0.0430477604189845
O=C(O)[C@@H]1CCCN1,CO,331.15,0.4553216911980762,,1,0.0430477604189845
O=C(O)c1cc(O)c(O)c(O)c1,O,292.18,-1.292619790853479,,1,0.1145747250063882
O=C(O)c1cc(O)c(O)c(O)c1,O,293.15,-1.219278591193726,0.051125669875834875,4,0.1145747250063882
O=C(O)c1cc(O)c(O)c(O)c1,O,298.0,-1.1256284443837614,0.055548135171270906,5,0.1145747250063882
O=C(O)c1cc(O)c(O)c(O)c1,O,298.15,-1.1232771374154544,0.05582387789561744,5,0.1145747250063882
O=C(O)c1cc(O)c(O)c(O)c1,O,303.0,-1.046187288807794,0.0750025287486578,5,0.1145747250063882
O=C(O)c1cc(O)c(O)c(O)c1,O,303.09,-1.044737810360337,0.07549213978955571,5,0.1145747250063882
O=C(O)c1cc(O)c(O)c(O)c1,O,303.15,-1.0437711189311403,0.07582034610754461,5,0.1145747250063882
O=C(O)c1cc(O)c(O)c(O)c1,O,308.0,-0.964672791141361,0.10573290236162033,5,0.1145747250063882
O=C(O)c1cc(O)c(O)c(O)c1,O,308.15,-0.9621971737388322,0.10673302362447415,5,0.1145747250063882
O=C(O)c1cc(O)c(O)c(O)c1,O,308.21,-0.9612064493512834,0.10713396166423012,5,0.1145747250063882
O=C(O)c1cc(O)c(O)c(O)c1,O,313.0,-0.8812586421003065,0.14044464092802408,5,0.1145747250063882
O=C(O)c1cc(O)c(O)c(O)c1,O,313.04,-0.8805841108752859,0.14073169456329407,5,0.1145747250063882
O=C(O)c1cc(O)c(O)c(O)c1,O,313.15,-0.8787285770399336,0.1415217349653512,5,0.1145747250063882
O=C(O)c1cc(O)c(O)c(O)c1,O,318.0,-0.7961052707542671,0.17721329565013305,5,0.1145747250063882
O=C(O)c1cc(O)c(O)c(O)c1,O,318.15,-0.7935253781746874,0.1783422843502023,5,0.1145747250063882
O=C(O)c1cc(O)c(O)c(O)c1,O,323.0,-0.6496481746401628,0.012,2,0.1145747250063882
O=C(O)c1cc(O)c(O)c(O)c1,O,323.15,-0.6462673571076181,0.012,2,0.1145747250063882
O=C(O)c1cc(O)c(O)c(O)c1,O,327.85,-0.5377136756123946,0.012,2,0.1145747250063882
O=C(O)c1cc(O)c(O)c(O)c1,O,328.0,-0.5341674924931255,0.012,2,0.1145747250063882
O=C(O)c1cc(O)c(O)c(O)c1,O,333.0,-0.4132011635863222,0.012,2,0.1145747250063882
O=C(O)c1cc(O)c(O)c(O)c1,O,333.15,-0.4094914178430429,0.012,2,0.1145747250063882
O=C(O)c1cc(O)c(O)c(O)c1,O,338.0,-0.28971640033103085,,1,0.1145747250063882
O=C(O)c1cc(O)c(O)c(O)c1,O,343.0,-0.1558267367180406,,1,0.1145747250063882
O=C(O)c1ccc(C(=O)O)cc1,CC(=O)N(C)C,303.2,-0.7585321760207933,,1,0.1302428865230951
O=C(O)c1ccc(C(=O)O)cc1,CC(=O)N(C)C,313.15,-0.7147233979397392,0.10140525185874295,2,0.1302428865230951
O=C(O)c1ccc(C(=O)O)cc1,CC(=O)N(C)C,313.2,-0.7138794439679614,0.10097717085448776,2,0.1302428865230951
O=C(O)c1ccc(C(=O)O)cc1,CC(=O)N(C)C,318.15,-0.6332768795563943,0.06017405953888988,2,0.1302428865230951
O=C(O)c1ccc(C(=O)O)cc1,CC(=O)N(C)C,323.15,-0.5575704325934971,0.02201161380842427,2,0.1302428865230951
O=C(O)c1ccc(C(=O)O)cc1,CC(=O)N(C)C,323.2,-0.5568412842755386,0.021644910060188267,2,0.1302428865230951
O=C(O)c1ccc(C(=O)O)cc1,CC(=O)N(C)C,328.15,-0.48729261181106764,0.013249679658450992,2,0.1302428865230951
O=C(O)c1ccc(C(=O)O)cc1,CC(=O)N(C)C,333.15,-0.42215214180948735,0.04576653386296113,2,0.1302428865230951
O=C(O)c1ccc(C(=O)O)cc1,CC(=O)N(C)C,333.2,-0.4215257433277593,0.046078347263671764,2,0.1302428865230951
O=C(O)c1ccc(C(=O)O)cc1,CC(=O)N(C)C,338.15,-0.3618763604952697,0.07568562134226858,2,0.1302428865230951
O=C(O)c1ccc(C(=O)O)cc1,CC(=O)N(C)C,343.15,-0.30620980243656604,0.10314433939632223,2,0.1302428865230951
O=C(O)c1ccc(C(=O)O)cc1,CC(=O)N(C)C,343.2,-0.30567559017475077,0.10340694442463419,2,0.1302428865230951
O=C(O)c1ccc(C(=O)O)cc1,CC(=O)N(C)C,348.15,-0.2549129077714447,0.12827150743713267,2,0.1302428865230951
O=C(O)c1ccc(C(=O)O)cc1,CC(=O)N(C)C,353.15,-0.20776084397922645,0.15118800332465657,2,0.1302428865230951
O=C(O)c1ccc(C(=O)O)cc1,CC(=O)N(C)C,353.2,-0.20730952928325053,0.15140639436392545,2,0.1302428865230951
O=C(O)c1ccc(C(=O)O)cc1,CC(=O)N(C)C,358.15,-0.16454242926297624,0.17200734477592275,2,0.1302428865230951
O=C(O)c1ccc(C(=O)O)cc1,CC(=O)N(C)C,363.15,-0.12505914754914116,0.19083622125277924,2,0.1302428865230951
O=C(O)c1ccc(C(=O)O)cc1,CC(=O)N(C)C,363.2,-0.25975039820463763,,1,0.1302428865230951
O=C(O)c1ccc(C(=O)O)o1,CC(=O)O,303.55,-2.389627847370762,,1,0.1289705676837085
O=C(O)c1ccc(C(=O)O)o1,CC(=O)O,313.15,-2.3231512523291262,0.11519470404318832,2,0.1289705676837085
O=C(O)c1ccc(C(=O)O)o1,CC(=O)O,313.25,-2.3216103353682076,0.11512055073976935,2,0.1289705676837085
O=C(O)c1ccc(C(=O)O)o1,CC(=O)O,318.15,-2.247010332534201,0.1109811468398558,2,0.1289705676837085
O=C(O)c1ccc(C(=O)O)o1,CC(=O)O,322.95,-2.1756057285260204,0.1060047905542842,2,0.1289705676837085
O=C(O)c1ccc(C(=O)O)o1,CC(=O)O,323.15,-2.1726654822809004,0.10577848897459229,2,0.1289705676837085
O=C(O)c1ccc(C(=O)O)o1,CC(=O)O,328.15,-2.1000431372951938,0.09964900201277489,2,0.1289705676837085
O=C(O)c1ccc(C(=O)O)o1,CC(=O)O,332.75,-2.034692165889473,0.09324124473466579,2,0.1289705676837085
O=C(O)c1ccc(C(=O)O)o1,CC(=O)O,333.15,-2.029073893352106,0.09265070705834569,2,0.1289705676837085
O=C(O)c1ccc(C(=O)O)o1,CC(=O)O,338.15,-1.9596922100844267,0.08483771171786886,2,0.1289705676837085
O=C(O)c1ccc(C(=O)O)o1,CC(=O)O,342.45,-1.9012463693583177,0.0775055340427481,2,0.1289705676837085
O=C(O)c1ccc(C(=O)O)o1,CC(=O)O,343.15,-1.8918361400233121,0.07626051628089167,2,0.1289705676837085
O=C(O)c1ccc(C(=O)O)o1,CC(=O)O,348.15,-1.8254470803818266,0.06696629230652769,2,0.1289705676837085
O=C(O)c1ccc(C(=O)O)o1,CC(=O)O,352.25,-1.7720637221038151,0.05884100394802497,2,0.1289705676837085
O=C(O)c1ccc(C(=O)O)o1,CC(=O)O,353.15,-1.8007740212663919,,1,0.1289705676837085
O=C(O)c1ccc(C(=O)O)o1,CC(=O)O,358.15,-1.729660925222234,,1,0.1289705676837085
O=C(O)c1ccc(C(=O)O)o1,CC(=O)O,363.15,-1.65943755873095,,1,0.1289705676837085
O=C(O)c1ccc(C(=O)O)o1,CO,297.35,-1.0453580041262285,,1,0.0801819148492306
O=C(O)c1ccc(C(=O)O)o1,CO,303.35,-0.988787162151354,,1,0.0801819148492306
O=C(O)c1ccc(C(=O)O)o1,CO,309.35,-0.9293487358496009,,1,0.0801819148492306
O=C(O)c1ccc(C(=O)O)o1,CO,313.15,-0.9443887944015614,0.07643618450569542,2,0.0801819148492306
O=C(O)c1ccc(C(=O)O)o1,CO,315.25,-0.917084836765568,0.06891173139899125,2,0.0801819148492306
O=C(O)c1ccc(C(=O)O)o1,CO,318.15,-0.8803773497138536,0.060605143436444624,2,0.0801819148492306
O=C(O)c1ccc(C(=O)O)o1,CO,321.15,-0.8435878555854686,0.054473592771381626,2,0.0801819148492306
O=C(O)c1ccc(C(=O)O)o1,CO,323.15,-0.819711730295289,0.05173193495209451,2,0.0801819148492306
O=C(O)c1ccc(C(=O)O)o1,CO,326.85,-0.77687062352026,0.049399155466450934,2,0.0801819148492306
O=C(O)c1ccc(C(=O)O)o1,CO,328.15,-0.7622181962051755,0.049399951509999755,2,0.0801819148492306
O=C(O)c1ccc(C(=O)O)o1,CO,332.65,-0.7130514744283687,0.052572162183322134,2,0.0801819148492306
O=C(O)c1ccc(C(=O)O)o1,CO,333.15,-0.7453666770502423,,1,0.0801819148492306
O=C(O)c1ccc(C(=O)O)o1,CO,338.15,-0.700534989984618,,1,0.0801819148492306
O=C(O)c1ccc(C(=O)O)o1,CO,343.15,-0.6622713614850397,,1,0.0801819148492306
O=C(O)c1ccc(C(=O)O)o1,O,303.55,-2.125858716049929,,1,0.047204697116539
O=C(O)c1ccc(C(=O)O)o1,O,313.15,-1.9535077916097543,0.012611237992689088,2,0.047204697116539
O=C(O)c1ccc(C(=O)O)o1,O,313.25,-1.9517688382262586,0.012737611129386033,2,0.047204697116539
O=C(O)c1ccc(C(=O)O)o1,O,318.15,-1.8678599134569924,0.018727426976893998,2,0.047204697116539
O=C(O)c1ccc(C(=O)O)o1,O,322.95,-1.7880593467843,0.024223922744353695,2,0.047204697116539
O=C(O)c1ccc(C(=O)O)o1,O,323.15,-1.7847842217824712,0.024445260703727472,2,0.047204697116539
O=C(O)c1ccc(C(=O)O)o1,O,328.15,-1.704164331802322,0.029786134419994587,2,0.047204697116539
O=C(O)c1ccc(C(=O)O)o1,O,332.75,-1.6320688101777656,0.03438403543682693,2,0.047204697116539
O=C(O)c1ccc(C(=O)O)o1,O,333.15,-1.625890809880861,0.03477006330413955,2,0.047204697116539
O=C(O)c1ccc(C(=O)O)o1,O,338.15,-1.5498606612079548,0.039415788740491675,2,0.047204697116539
O=C(O)c1ccc(C(=O)O)o1,O,342.45,-1.4861948547000567,0.04315403943935828,2,0.047204697116539
O=C(O)c1ccc(C(=O)O)o1,O,343.15,-1.475976862173828,0.04374087505508171,2,0.047204697116539
O=C(O)c1ccc(C(=O)O)o1,O,348.15,-1.4041479329544384,0.04776179768970387,2,0.047204697116539
O=C(O)c1ccc(C(=O)O)o1,O,352.25,-1.3467208486712867,0.050842866348597936,2,0.047204697116539
O=C(O)c1ccc(C(=O)O)o1,O,353.15,-1.370699319662088,,1,0.047204697116539
O=C(O)c1ccc(C(=O)O)o1,O,358.15,-1.3051711612712271,,1,0.047204697116539
O=C(O)c1ccc(C(=O)O)o1,O,363.15,-1.2412687432193588,,1,0.047204697116539
O=C(O)c1ccc(Cl)cc1Cl,CCO,273.15,-0.18105401810986166,,1,0.0658005547941063
O=C(O)c1ccc(Cl)cc1Cl,CCO,278.15,-0.13845347078672177,,1,0.0658005547941063
O=C(O)c1ccc(Cl)cc1Cl,CCO,283.15,-0.0960766543071685,,1,0.0658005547941063
O=C(O)c1ccc(Cl)cc1Cl,CCO,288.15,-0.053934148806874305,,1,0.0658005547941063
O=C(O)c1ccc(Cl)cc1Cl,CCO,293.15,-0.012035054278378254,,1,0.0658005547941063
O=C(O)c1ccc(Cl)cc1Cl,CCO,298.15,0.02728896449743523,0.012,2,0.0658005547941063
O=C(O)c1ccc(Cl)cc1Cl,CCO,303.15,0.0835569785882484,0.017754080930417266,2,0.0658005547941063
O=C(O)c1ccc(Cl)cc1Cl,CCO,308.15,0.1426752981882622,0.043198019366031556,2,0.0658005547941063
O=C(O)c1ccc(Cl)cc1Cl,CCO,313.15,0.20443272051655015,0.07275320751505505,2,0.0658005547941063
O=C(O)c1ccc(Cl)cc1Cl,CCO,318.15,0.26863366709947734,0.10614842210645738,2,0.0658005547941063
O=C(O)c1cccc(C(=O)O)c1,CC(C)O,278.55,-1.5387317976755206,,1,0.0083734888784336
O=C(O)c1cccc(C(=O)O)c1,CC(C)O,279.87,-1.5212838068725159,,1,0.0083734888784336
O=C(O)c1cccc(C(=O)O)c1,CC(C)O,283.25,-1.477067239300995,,1,0.0083734888784336
O=C(O)c1cccc(C(=O)O)c1,CC(C)O,288.15,-1.4141120296717702,,1,0.0083734888784336
O=C(O)c1cccc(C(=O)O)c1,CC(C)O,293.15,-1.3512193630984548,,1,0.0083734888784336
O=C(O)c1cccc(C(=O)O)c1,CC(C)O,298.15,-1.2896334697745306,,1,0.0083734888784336
O=C(O)c1cccc(C(=O)O)c1,CC(C)O,303.05,-1.230497556524199,,1,0.0083734888784336
O=C(O)c1cccc(C(=O)O)c1,CC(C)O,304.65,-1.2170445776078926,0.012,2,0.0083734888784336
O=C(O)c1cccc(C(=O)O)c1,CC(C)O,308.25,-1.173546323108388,0.012,2,0.0083734888784336
O=C(O)c1cccc(C(=O)O)c1,CC(C)O,308.45,-1.1711588628502696,0.012,2,0.0083734888784336
O=C(O)c1cccc(C(=O)O)c1,CC(C)O,310.95,-1.1415689489049754,0.012,2,0.0083734888784336
O=C(O)c1cccc(C(=O)O)c1,CC(C)O,313.15,-1.1159118766847476,0.012,2,0.0083734888784336
O=C(O)c1cccc(C(=O)O)c1,CC(C)O,316.45,-1.07808006739846,0.012,2,0.0083734888784336
O=C(O)c1cccc(C(=O)O)c1,CC(C)O,318.25,-1.0577676902038817,0.012,2,0.0083734888784336
O=C(O)c1cccc(C(=O)O)c1,CC(C)O,319.45,-1.0479308281461392,,1,0.0083734888784336
O=C(O)c1cccc(C(=O)O)c1,CC(C)O,322.15,-1.0183640169596,,1,0.0083734888784336
O=C(O)c1cccc(C(=O)O)c1,CC(C)O,324.85,-0.9894611805961002,,1,0.0083734888784336
O=C(O)c1cccc(C(=O)O)c1,CC(C)O,326.95,-0.9674287982458658,,1,0.0083734888784336
O=C(O)c1cccc(C(=O)O)c1,CC(C)O,331.35,-0.9224973530524174,,1,0.0083734888784336
O=C(O)c1cccc(C(=O)O)c1,CC(C)O,334.35,-0.8927887427463173,,1,0.0083734888784336
O=C(O)c1cccc(C(=O)O)c1,CC(C)O,337.55,-0.861899209377011,,1,0.0083734888784336
O=C(O)c1cccc(C(=O)O)c1,CC(C)O,342.25,-0.817974756792486,,1,0.0083734888784336
O=C(O)c1cccc(C(=O)O)c1,CC(C)O,344.25,-0.7997884583611654,,1,0.0083734888784336
O=C(O)c1cccc(C(=O)O)c1,CCC(C)O,283.05,-1.7920093571168891,,1,0.0945614232656091
O=C(O)c1cccc(C(=O)O)c1,CCC(C)O,288.05,-1.722737388368202,,1,0.0945614232656091
O=C(O)c1cccc(C(=O)O)c1,CCC(C)O,293.15,-1.6562474745615567,,1,0.0945614232656091
O=C(O)c1cccc(C(=O)O)c1,CCC(C)O,298.25,-1.5937220876524734,,1,0.0945614232656091
O=C(O)c1cccc(C(=O)O)c1,CCC(C)O,302.45,-1.5531697481296156,0.012,2,0.0945614232656091
O=C(O)c1cccc(C(=O)O)c1,CCC(C)O,303.45,-1.533512120092979,0.012,2,0.0945614232656091
O=C(O)c1cccc(C(=O)O)c1,CCC(C)O,306.35,-1.4787360186818113,0.03291437068019292,2,0.0945614232656091
O=C(O)c1cccc(C(=O)O)c1,CCC(C)O,308.25,-1.4446057789771132,0.05255923466715027,2,0.0945614232656091
O=C(O)c1cccc(C(=O)O)c1,CCC(C)O,309.25,-1.427188495858573,0.06239010432099459,2,0.0945614232656091
O=C(O)c1cccc(C(=O)O)c1,CCC(C)O,313.25,-1.3611829081243503,0.09830446515464386,2,0.0945614232656091
O=C(O)c1cccc(C(=O)O)c1,CCC(C)O,314.15,-1.3471207571343626,0.10565145609154031,2,0.0945614232656091
O=C(O)c1cccc(C(=O)O)c1,CCC(C)O,317.65,-1.2951002363480377,0.13174723698778668,2,0.0945614232656091
O=C(O)c1cccc(C(=O)O)c1,CCC(C)O,318.15,-1.2880083097583963,0.1351600104054035,2,0.0945614232656091
O=C(O)c1cccc(C(=O)O)c1,CCC(C)O,322.15,-1.1212987997144523,,1,0.0945614232656091
O=C(O)c1cccc(C(=O)O)c1,CCC(C)O,326.25,-1.0571306845200468,,1,0.0945614232656091
O=C(O)c1cccc(C(=O)O)c1,CCC(C)O,331.35,-0.9890479104310828,,1,0.0945614232656091
O=C(O)c1cccc(C(=O)O)c1,CCC(C)O,339.35,-0.90677884739668,,1,0.0945614232656091
O=C(O)c1cccc(C(=O)O)c1,CCC(C)O,342.35,-0.8831867407824063,,1,0.0945614232656091
O=C(O)c1cccc(C(=O)O)c1,CCCCO,278.06,-1.6818214852463598,,1,0.0339775061333572
O=C(O)c1cccc(C(=O)O)c1,CCCCO,283.11,-1.6320869690774202,,1,0.0339775061333572
O=C(O)c1cccc(C(=O)O)c1,CCCCO,288.27,-1.5793919279791453,,1,0.0339775061333572
O=C(O)c1cccc(C(=O)O)c1,CCCCO,293.3,-1.5263550289015768,,1,0.0339775061333572
O=C(O)c1cccc(C(=O)O)c1,CCCCO,298.06,-1.4747758901401085,,1,0.0339775061333572
O=C(O)c1cccc(C(=O)O)c1,CCCCO,303.66,-1.4125165692029356,,1,0.0339775061333572
O=C(O)c1cccc(C(=O)O)c1,CCCCO,308.36,-1.3590604240761621,,1,0.0339775061333572
O=C(O)c1cccc(C(=O)O)c1,CCCCO,309.65,-1.3598392139723785,0.022103717985724403,2,0.0339775061333572
O=C(O)c1cccc(C(=O)O)c1,CCCCO,312.66,-1.3258398367355042,0.0234278653491424,2,0.0339775061333572
O=C(O)c1cccc(C(=O)O)c1,CCCCO,314.35,-1.3066694404185988,0.02429395069551618,2,0.0339775061333572
O=C(O)c1cccc(C(=O)O)c1,CCCCO,317.94,-1.265765747773429,0.026415981486665383,2,0.0339775061333572
O=C(O)c1cccc(C(=O)O)c1,CCCCO,319.95,-1.2623970494134795,,1,0.0339775061333572
O=C(O)c1cccc(C(=O)O)c1,CCCCO,324.45,-1.2130814791861155,,1,0.0339775061333572
O=C(O)c1cccc(C(=O)O)c1,CCCCO,328.05,-1.1736818829161564,,1,0.0339775061333572
O=C(O)c1cccc(C(=O)O)c1,CCCCO,332.15,-1.1288774558359265,,1,0.0339775061333572
O=C(O)c1cccc(C(=O)O)c1,CCCCO,335.25,-1.0950544060352456,,1,0.0339775061333572
O=C(O)c1cccc(C(=O)O)c1,CCCCO,338.05,-1.0645478824714587,,1,0.0339775061333572
O=C(O)c1cccc(C(=O)O)c1,CCCCO,340.95,-1.0329982924491716,,1,0.0339775061333572
O=C(O)c1cccc(C(=O)O)c1,CCCCO,345.45,-0.9841423776368643,,1,0.0339775061333572
O=C(O)c1cccc(C(=O)O)c1,CCCCO,347.95,-0.9570561734808507,,1,0.0339775061333572
O=C(O)c1cccc(C(=O)O)c1,CCCO,278.15,-1.623974094163735,,1,0.0880944591062894
O=C(O)c1cccc(C(=O)O)c1,CCCO,280.84,-1.586024362042373,,1,0.0880944591062894
O=C(O)c1cccc(C(=O)O)c1,CCCO,283.15,-1.4840479787609837,0.09932960784329953,2,0.0880944591062894
O=C(O)c1cccc(C(=O)O)c1,CCCO,283.34,-1.4817749185044669,0.0989005940182752,2,0.0880944591062894
O=C(O)c1cccc(C(=O)O)c1,CCCO,288.15,-1.4250029454081243,0.08932818147877411,2,0.0880944591062894
O=C(O)c1cccc(C(=O)O)c1,CCCO,288.17,-1.4247699407845644,0.0892934384689696,2,0.0880944591062894
O=C(O)c1cccc(C(=O)O)c1,CCCO,293.15,-1.3675151086366775,0.08189029364826801,2,0.0880944591062894
O=C(O)c1cccc(C(=O)O)c1,CCCO,298.15,-1.311513789528167,0.07684969916312441,2,0.0880944591062894
O=C(O)c1cccc(C(=O)O)c1,CCCO,298.35,-1.3093037047907643,0.07669572107005439,2,0.0880944591062894
O=C(O)c1cccc(C(=O)O)c1,CCCO,303.15,-1.2569327192817301,0.07405235038183708,2,0.0880944591062894
O=C(O)c1cccc(C(=O)O)c1,CCCO,303.75,-1.2775125810271462,0.0701477692204287,3,0.0880944591062894
O=C(O)c1cccc(C(=O)O)c1,CCCO,304.05,-1.2742625760702602,0.0700700595699899,3,0.0880944591062894
O=C(O)c1cccc(C(=O)O)c1,CCCO,305.65,-1.2569654925452127,0.06966933185714302,3,0.0880944591062894
O=C(O)c1cccc(C(=O)O)c1,CCCO,308.15,-1.2300605105560483,0.06909124520573837,3,0.0880944591062894
O=C(O)c1cccc(C(=O)O)c1,CCCO,308.25,-1.228987384014573,0.06906943434935431,3,0.0880944591062894
O=C(O)c1cccc(C(=O)O)c1,CCCO,311.65,-1.1926407674804196,0.06839940832387563,3,0.0880944591062894
O=C(O)c1cccc(C(=O)O)c1,CCCO,313.15,-1.1766912834562315,0.0681564384266916,3,0.0880944591062894
O=C(O)c1cccc(C(=O)O)c1,CCCO,315.35,-1.1533929488287467,0.06787516669129819,3,0.0880944591062894
O=C(O)c1cccc(C(=O)O)c1,CCCO,317.55,-1.1302059302984755,0.06770382113666913,3,0.0880944591062894
O=C(O)c1cccc(C(=O)O)c1,CCCO,318.15,-1.1078128183193918,0.08722379213170561,2,0.0880944591062894
O=C(O)c1cccc(C(=O)O)c1,CCCO,318.85,-1.1000909244466364,0.08677767901204471,2,0.0880944591062894
O=C(O)c1cccc(C(=O)O)c1,CCCO,322.55,-1.0591655125066595,0.08427401381548645,2,0.0880944591062894
O=C(O)c1cccc(C(=O)O)c1,CCCO,323.15,-1.0525123918449495,0.08384543663934972,2,0.0880944591062894
O=C(O)c1cccc(C(=O)O)c1,CCCO,326.65,-1.0710512877520344,,1,0.0880944591062894
O=C(O)c1cccc(C(=O)O)c1,CCCO,330.45,-1.0264973325745927,,1,0.0880944591062894
O=C(O)c1cccc(C(=O)O)c1,CCCO,337.95,-0.9377063960347485,,1,0.0880944591062894
O=C(O)c1cccc(C(=O)O)c1,CCCO,340.15,-0.9114669118740935,,1,0.0880944591062894
O=C(O)c1cccc(C(=O)O)c1,CCCO,341.95,-0.8899384981824454,,1,0.0880944591062894
O=C(O)c1cccc(C(=O)O)c1,CCCO,345.95,-0.8419172178577199,,1,0.0880944591062894
O=C(O)c1cccc(C(=O)O)c1,CCCO,348.15,-0.8154063415969617,,1,0.0880944591062894
O=C(O)c1cccc(C(=O)O)c1,CCO,283.15,-1.2424997376057298,,1,0.0131509626359735
O=C(O)c1cccc(C(=O)O)c1,CCO,288.15,-1.198201371179639,,1,0.0131509626359735
O=C(O)c1cccc(C(=O)O)c1,CCO,293.15,-1.1543669924888889,,1,0.0131509626359735
O=C(O)c1cccc(C(=O)O)c1,CCO,294.35,-1.1548161192389501,0.015416305335324423,2,0.0131509626359735
O=C(O)c1cccc(C(=O)O)c1,CCO,296.95,-1.1311428527506244,0.013835565910064991,2,0.0131509626359735
O=C(O)c1cccc(C(=O)O)c1,CCO,298.15,-1.1202943737921167,0.013157211467960955,2,0.0131509626359735
O=C(O)c1cccc(C(=O)O)c1,CCO,300.55,-1.098742297834304,0.012,2,0.0131509626359735
O=C(O)c1cccc(C(=O)O)c1,CCO,303.15,-1.0756089293559494,0.012,2,0.0131509626359735
O=C(O)c1cccc(C(=O)O)c1,CCO,306.15,-1.0491887231056953,0.012,2,0.0131509626359735
O=C(O)c1cccc(C(=O)O)c1,CCO,308.15,-1.031734305404553,0.012,2,0.0131509626359735
O=C(O)c1cccc(C(=O)O)c1,CCO,308.85,-1.0256549132128052,0.012,2,0.0131509626359735
O=C(O)c1cccc(C(=O)O)c1,CCO,310.85,-1.008369007469902,0.012,2,0.0131509626359735
O=C(O)c1cccc(C(=O)O)c1,CCO,313.15,-0.9886418718010677,0.012,2,0.0131509626359735
O=C(O)c1cccc(C(=O)O)c1,CCO,313.65,-0.9843745913245692,0.012,2,0.0131509626359735
O=C(O)c1cccc(C(=O)O)c1,CCO,318.15,-0.9463044772861662,0.012,2,0.0131509626359735
O=C(O)c1cccc(C(=O)O)c1,CCO,318.35,-0.9446263173122844,0.012,2,0.0131509626359735
O=C(O)c1cccc(C(=O)O)c1,CCO,320.45,-0.9270756726141056,0.012,2,0.0131509626359735
O=C(O)c1cccc(C(=O)O)c1,CCO,323.15,-0.9046963499655694,0.012,2,0.0131509626359735
O=C(O)c1cccc(C(=O)O)c1,CCO,324.15,-0.9003357283096332,,1,0.0131509626359735
O=C(O)c1cccc(C(=O)O)c1,CCO,326.75,-0.8789701814705957,,1,0.0131509626359735
O=C(O)c1cccc(C(=O)O)c1,CCO,330.85,-0.8458034003134047,,1,0.0131509626359735
O=C(O)c1cccc(C(=O)O)c1,CCO,331.75,-0.8386071244144349,,1,0.0131509626359735
O=C(O)c1cccc(C(=O)O)c1,CCO,335.05,-0.8124744493704048,,1,0.0131509626359735
O=C(O)c1cccc(C(=O)O)c1,CO,278.15,-1.1978012795305908,,1,0.0187873474768992
O=C(O)c1cccc(C(=O)O)c1,CO,283.15,-1.1618247539821804,0.012,2,0.0187873474768992
O=C(O)c1cccc(C(=O)O)c1,CO,283.25,-1.160925318026536,0.012,2,0.0187873474768992
O=C(O)c1cccc(C(=O)O)c1,CO,288.05,-1.1181335864025477,0.012,2,0.0187873474768992
O=C(O)c1cccc(C(=O)O)c1,CO,288.15,-1.117249938534722,0.012,2,0.0187873474768992
O=C(O)c1cccc(C(=O)O)c1,CO,288.35,-1.1287558657559817,0.023561036381435335,3,0.0187873474768992
O=C(O)c1cccc(C(=O)O)c1,CO,292.45,-1.0909977612402242,0.0200438189077194,3,0.0187873474768992
O=C(O)c1cccc(C(=O)O)c1,CO,293.15,-1.0845979931976244,0.019444101382715802,3,0.0187873474768992
O=C(O)c1cccc(C(=O)O)c1,CO,293.25,-1.0836848426492613,0.019358596806443792,3,0.0187873474768992
O=C(O)c1cccc(C(=O)O)c1,CO,295.65,-1.0618513624253951,0.017329222338096823,3,0.0187873474768992
O=C(O)c1cccc(C(=O)O)c1,CO,298.15,-1.0392742057260713,0.015303492008886858,3,0.0187873474768992
O=C(O)c1cccc(C(=O)O)c1,CO,298.65,-1.0347788934356084,0.014916265474873977,3,0.0187873474768992
O=C(O)c1cccc(C(=O)O)c1,CO,298.75,-1.0338806308870625,0.014839745346695275,3,0.0187873474768992
O=C(O)c1cccc(C(=O)O)c1,CO,299.65,-1.0258082316748744,0.014166746441314985,3,0.0187873474768992
O=C(O)c1cccc(C(=O)O)c1,CO,302.15,-1.0034971282967877,0.012492718545893513,3,0.0187873474768992
O=C(O)c1cccc(C(=O)O)c1,CO,302.65,-0.9990545637644974,0.012203253093863704,3,0.0187873474768992
O=C(O)c1cccc(C(=O)O)c1,CO,303.15,-0.9946185071945539,0.012,3,0.0187873474768992
O=C(O)c1cccc(C(=O)O)c1,CO,305.25,-0.9760577151847555,0.012,3,0.0187873474768992
O=C(O)c1cccc(C(=O)O)c1,CO,307.95,-0.9523598367675085,0.012,3,0.0187873474768992
O=C(O)c1cccc(C(=O)O)c1,CO,308.15,-0.9485919500659161,0.014219889604351693,2,0.0187873474768992
O=C(O)c1cccc(C(=O)O)c1,CO,308.45,-0.945775838948455,0.014078038223525054,2,0.0187873474768992
O=C(O)c1cccc(C(=O)O)c1,CO,311.85,-0.9139697964040394,0.01249712043102001,2,0.0187873474768992
O=C(O)c1cccc(C(=O)O)c1,CO,313.15,-0.9018618758307344,0.012,2,0.0187873474768992
O=C(O)c1cccc(C(=O)O)c1,CO,313.45,-0.89907190821841,0.012,2,0.0187873474768992
O=C(O)c1cccc(C(=O)O)c1,CO,316.65,-0.8694092159273001,0.012,2,0.0187873474768992
O=C(O)c1cccc(C(=O)O)c1,CO,318.15,-0.855565669824907,0.012,2,0.0187873474768992
O=C(O)c1cccc(C(=O)O)c1,CO,319.25,-0.8454383248763833,0.012,2,0.0187873474768992
O=C(O)c1cccc(C(=O)O)c1,CO,320.15,-0.8371677549937093,0.012,2,0.0187873474768992
O=C(O)c1cccc(C(=O)O)c1,CO,323.15,-0.8096992073283147,0.012,2,0.0187873474768992
O=C(O)c1cccc(C(=O)O)c1,CO,326.05,-0.7878128372467295,,1,0.0187873474768992
O=C(O)c1cccc(C(=O)O)c1,CO,328.15,-0.7681860125137625,,1,0.0187873474768992
O=C(O)c1cccc([N+](=O)[O-])c1C(=O)O,O,283.18,-1.1770013878237648,,1,0.1144407616699451
O=C(O)c1cccc([N+](=O)[O-])c1C(=O)O,O,285.15,-1.2721209443502728,0.1567547584287444,2,0.1144407616699451
O=C(O)c1cccc([N+](=O)[O-])c1C(=O)O,O,288.26,-1.2255316363493076,0.13043797678750113,2,0.1144407616699451
O=C(O)c1cccc([N+](=O)[O-])c1C(=O)O,O,292.15,-1.1655562943392659,0.10248952773383338,2,0.1144407616699451
O=C(O)c1cccc([N+](=O)[O-])c1C(=O)O,O,293.27,-1.1479533803338886,0.09543022105947037,2,0.1144407616699451
O=C(O)c1cccc([N+](=O)[O-])c1C(=O)O,O,298.15,-1.0696013084677554,0.06960522029421769,2,0.1144407616699451
O=C(O)c1cccc([N+](=O)[O-])c1C(=O)O,O,298.21,-1.068621784124511,0.0693363279436953,2,0.1144407616699451
O=C(O)c1cccc([N+](=O)[O-])c1C(=O)O,O,303.19,-0.9860255506234643,0.05096153928212028,2,0.1144407616699451
O=C(O)c1cccc([N+](=O)[O-])c1C(=O)O,O,306.15,-0.9357722361374656,0.04360674346151242,2,0.1144407616699451
O=C(O)c1cccc([N+](=O)[O-])c1C(=O)O,O,308.22,-0.9001433669462826,0.03997640719527224,2,0.1144407616699451
O=C(O)c1cccc([N+](=O)[O-])c1C(=O)O,O,313.15,-0.8137672180184632,0.03613560688949752,2,0.1144407616699451
O=C(O)c1cccc([N+](=O)[O-])c1C(=O)O,O,313.19,-0.8130579812560317,0.03613130363477245,2,0.1144407616699451
O=C(O)c1cccc([N+](=O)[O-])c1C(=O)O,O,318.29,-0.7215826715587892,0.038975837075583955,2,0.1144407616699451
O=C(O)c1cccc([N+](=O)[O-])c1C(=O)O,O,320.15,-0.6877240879226272,0.04164011227741956,2,0.1144407616699451
O=C(O)c1cccc([N+](=O)[O-])c1C(=O)O,O,323.18,-0.6320305251352267,0.04776529155464925,2,0.1144407616699451
O=C(O)c1cccc([N+](=O)[O-])c1C(=O)O,O,327.15,-0.5581026479038775,0.05901665185156166,2,0.1144407616699451
O=C(O)c1cccc([N+](=O)[O-])c1C(=O)O,O,328.31,-0.5363063220945228,0.06297177239215075,2,0.1144407616699451
O=C(O)c1cccc([N+](=O)[O-])c1C(=O)O,O,333.15,-0.44446463053787566,0.08259957471720876,2,0.1144407616699451
O=C(O)c1cccc([N+](=O)[O-])c1C(=O)O,O,333.22,-0.44312608561453226,0.08291951717160934,2,0.1144407616699451
O=C(O)c1cccc([N+](=O)[O-])c1C(=O)O,O,338.18,-0.34757883445220106,0.10810325334059721,2,0.1144407616699451
O=C(O)c1cccc([N+](=O)[O-])c1C(=O)O,O,339.15,-0.3287371269917907,0.11359366614434395,2,0.1144407616699451
O=C(O)c1cccc([N+](=O)[O-])c1C(=O)O,O,343.17,-0.2501386600119191,0.13824033377351205,2,0.1144407616699451
O=C(O)c1cccc([N+](=O)[O-])c1C(=O)O,O,344.15,-0.23085722563087385,0.14469985716394307,2,0.1144407616699451
O=C(O)c1cccc([N+](=O)[O-])c1C(=O)O,O,348.15,-0.15169377257334604,0.1728330302546701,2,0.1144407616699451
O=C(O)c1cccc([N+](=O)[O-])c1C(=O)O,O,348.16,-0.02923135297098156,,1,0.1144407616699451
O=C(O)c1cccc([N+](=O)[O-])c1C(=O)O,O,353.28,0.10140236391401913,,1,0.1144407616699451
O=C(O)c1ccccc1Nc1ccccc1,CCO,283.15,-0.8420549897793685,0.13178695646657584,2,0.1138228885874671
O=C(O)c1ccccc1Nc1ccccc1,CCO,285.65,-0.803919693974136,0.10002311745362247,2,0.1138228885874671
O=C(O)c1ccccc1Nc1ccccc1,CCO,288.15,-0.7654590962651675,0.07026729459214746,2,0.1138228885874671
O=C(O)c1ccccc1Nc1ccccc1,CCO,290.65,-0.7266900808683936,0.04245514130685926,2,0.1138228885874671
O=C(O)c1ccccc1Nc1ccccc1,CCO,293.15,-0.6876288112289566,0.016524719770005306,2,0.1138228885874671
O=C(O)c1ccccc1Nc1ccccc1,CCO,295.65,-0.6482907641686579,0.012,2,0.1138228885874671
O=C(O)c1ccccc1Nc1ccccc1,CCO,298.15,-0.6086907621928159,0.029927273633406165,2,0.1138228885874671
O=C(O)c1ccccc1Nc1ccccc1,CCO,300.65,-0.5688430040677512,0.050561615229945976,2,0.1138228885874671
O=C(O)c1ccccc1Nc1ccccc1,CCO,303.15,-0.5287610937741545,0.06953995248013585,2,0.1138228885874671
O=C(O)c1ccccc1Nc1ccccc1,CCO,305.65,-0.4884580679337158,0.08691368171252374,2,0.1138228885874671
O=C(O)c1ccccc1Nc1ccccc1,CCO,308.15,-0.4479464218000948,0.10273235673539534,2,0.1138228885874671
O=C(O)c1ccccc1Nc1ccccc1,CCO,310.65,-0.4072381338988478,0.11704376719230103,2,0.1138228885874671
O=C(O)c1ccccc1Nc1ccccc1,CCO,313.15,-0.36634468939622167,0.12989401303018622,2,0.1138228885874671
O=C(O)c1ccccc1Nc1ccccc1,CCO,315.65,-0.3252771022702483,0.1413275753000391,2,0.1138228885874671
O=C(O)c1ccccc1Nc1ccccc1,CCO,318.15,-0.28404593635391095,0.15138738349750394,2,0.1138228885874671
O=C(O)c1ccccc1Nc1ccccc1,CO,283.15,-0.9773349320692333,0.156424268834285,2,0.1022022389393125
O=C(O)c1ccccc1Nc1ccccc1,CO,285.65,-0.9318147765713647,0.12042809401218409,2,0.1022022389393125
O=C(O)c1ccccc1Nc1ccccc1,CO,288.15,-0.8867458295651431,0.08738277307970199,2,0.1022022389393125
O=C(O)c1ccccc1Nc1ccccc1,CO,290.65,-0.8421193609943174,0.057192152020694415,2,0.1022022389393125
O=C(O)c1ccccc1Nc1ccccc1,CO,293.15,-0.7979268889173667,0.02976369814397183,2,0.1022022389393125
O=C(O)c1ccccc1Nc1ccccc1,CO,295.65,-0.7541601702779275,0.012,2,0.1022022389393125
O=C(O)c1ccccc1Nc1ccccc1,CO,298.15,-0.7108111920970899,0.017159694376252803,2,0.1022022389393125
O=C(O)c1ccccc1Nc1ccccc1,CO,300.65,-0.6678721630649846,0.0368230060387903,2,0.1022022389393125
O=C(O)c1ccccc1Nc1ccccc1,CO,303.15,-0.6253355055103071,0.05406117992346163,2,0.1022022389393125
O=C(O)c1ccccc1Nc1ccccc1,CO,305.65,-0.5831938477275713,0.06895090736338863,2,0.1022022389393125
O=C(O)c1ccccc1Nc1ccccc1,CO,308.15,-0.5414400166433353,0.08156611209711202,2,0.1022022389393125
O=C(O)c1ccccc1Nc1ccccc1,CO,310.65,-0.5000670308036916,0.09197806836344984,2,0.1022022389393125
O=C(O)c1ccccc1Nc1ccccc1,CO,313.15,-0.4590680936662608,0.10025551312489342,2,0.1022022389393125
O=C(O)c1ccccc1Nc1ccccc1,CO,315.65,-0.418436587181354,0.10646475275325475,2,0.1022022389393125
O=C(O)c1ccccc1Nc1ccccc1,CO,318.15,-0.37816606564710753,0.110669764489865,2,0.1022022389393125
O=C(O)c1ccccc1O,CC(C)=O,253.15,0.15963600093328267,,1,0.1932544571875972
O=C(O)c1ccccc1O,CC(C)=O,258.15,0.1939164810844538,,1,0.1932544571875972
O=C(O)c1ccccc1O,CC(C)=O,263.15,0.22843022404158475,,1,0.1932544571875972
O=C(O)c1ccccc1O,CC(C)=O,268.15,0.2631355379303173,,1,0.1932544571875972
O=C(O)c1ccccc1O,CC(C)=O,273.15,0.29799483236810076,,1,0.1932544571875972
O=C(O)c1ccccc1O,CC(C)=O,278.15,0.33297419325047173,,1,0.1932544571875972
O=C(O)c1ccccc1O,CC(C)=O,283.15,0.36804300658620903,,1,0.1932544571875972
O=C(O)c1ccccc1O,CC(C)=O,298.15,0.46164734077134995,,1,0.1932544571875972
O=C(O)c1ccccc1O,CC(C)=O,298.2,0.3971409124105705,0.09185432761671987,2,0.1932544571875972
O=C(O)c1ccccc1O,CC(C)=O,303.15,0.4129911763004728,0.12728531221239256,2,0.1932544571875972
O=C(O)c1ccccc1O,CC(C)=O,308.15,0.43397100114292186,0.14761767782684032,2,0.1932544571875972
O=C(O)c1ccccc1O,CC(C)=O,308.2,0.4342048992898526,0.14774589061671273,2,0.1932544571875972
O=C(O)c1ccccc1O,CC(C)=O,313.15,0.4596190652085639,0.15338621331224045,2,0.1932544571875972
O=C(O)c1ccccc1O,CC(C)=O,318.15,0.4896313707737221,0.14549626563646917,2,0.1932544571875972
O=C(O)c1ccccc1O,CC(C)=O,318.2,0.38717367621597987,,1,0.1932544571875972
O=C(O)c1ccccc1O,CC(C)=O,328.2,0.4972166763539576,,1,0.1932544571875972
O=C(O)c1ccccc1O,CCCO,278.15,0.1865176363743295,,1,0.062433773105954
O=C(O)c1ccccc1O,CCCO,283.15,0.22616728031885458,,1,0.062433773105954
O=C(O)c1ccccc1O,CCCO,288.15,0.26576850198781443,,1,0.062433773105954
O=C(O)c1ccccc1O,CCCO,293.15,0.3053011333371991,,1,0.062433773105954
O=C(O)c1ccccc1O,CCCO,298.15,0.3447471188560236,,1,0.062433773105954
O=C(O)c1ccccc1O,CCCO,298.2,0.3266854638517822,0.026100189725696613,2,0.062433773105954
O=C(O)c1ccccc1O,CCCO,303.15,0.35947204255257237,0.034815478875810726,2,0.062433773105954
O=C(O)c1ccccc1O,CCCO,308.15,0.3918493839948729,0.04450086191292729,2,0.062433773105954
O=C(O)c1ccccc1O,CCCO,308.2,0.3921695032520871,0.04460198273562468,2,0.062433773105954
O=C(O)c1ccccc1O,CCCO,313.15,0.423512854254791,0.05501176163767891,2,0.062433773105954
O=C(O)c1ccccc1O,CCCO,318.15,0.4544910802841251,0.06629142097132382,2,0.062433773105954
O=C(O)c1ccccc1O,CCCO,318.2,0.4078400054004927,,1,0.062433773105954
O=C(O)c1ccccc1O,CCCO,328.2,0.45038894542101104,,1,0.062433773105954
O=C(O)c1ccccc1O,CCCO,338.2,0.48874405679238997,,1,0.062433773105954
O=C(O)c1ccccc1O,O,283.15,-1.9448013551908332,,1,0.0759764306516652
O=C(O)c1ccccc1O,O,293.15,-1.883717007731228,0.08492472789348551,2,0.0759764306516652
O=C(O)c1ccccc1O,O,298.15,-1.8075571595394564,0.07213294583856823,2,0.0759764306516652
O=C(O)c1ccccc1O,O,298.2,-1.8032512019557743,0.05128875732196208,3,0.0759764306516652
O=C(O)c1ccccc1O,O,303.15,-1.7341040752458667,0.04433201659105452,3,0.0759764306516652
O=C(O)c1ccccc1O,O,307.15,-1.6761882948898688,0.04346600095281485,3,0.0759764306516652
O=C(O)c1ccccc1O,O,308.15,-1.6614392693344275,0.043878572027099674,3,0.0759764306516652
O=C(O)c1ccccc1O,O,308.2,-1.6606990577327803,0.0439051637458872,3,0.0759764306516652
O=C(O)c1ccccc1O,O,313.15,-1.5861575052663,0.048854525154941236,3,0.0759764306516652
O=C(O)c1ccccc1O,O,317.15,-1.5231481189339036,0.07796302635998227,2,0.0759764306516652
O=C(O)c1ccccc1O,O,318.15,-1.5084605237863826,0.08049442153467996,2,0.0759764306516652
O=C(O)c1ccccc1O,O,318.2,-1.5077229529666454,0.08062079434488655,2,0.0759764306516652
O=C(O)c1ccccc1O,O,320.15,-1.4787241614540108,0.08553478948969723,2,0.0759764306516652
O=C(O)c1ccccc1O,O,323.15,-1.4332432798110517,0.09303993992800788,2,0.0759764306516652
O=C(O)c1ccccc1O,O,324.15,-1.417856205444842,0.09552705488624814,2,0.0759764306516652
O=C(O)c1ccccc1O,O,325.15,-1.4023585462826915,0.09800693944727894,2,0.0759764306516652
O=C(O)c1ccccc1O,O,327.15,-1.371038035345947,0.10294518409849984,2,0.0759764306516652
O=C(O)c1ccccc1O,O,328.15,-1.3552184049156324,0.10540362665441752,2,0.0759764306516652
O=C(O)c1ccccc1O,O,328.2,-1.354424676684367,0.10552636297707793,2,0.0759764306516652
O=C(O)c1ccccc1O,O,330.65,-1.315217101418753,0.11151890985285987,2,0.0759764306516652
O=C(O)c1ccccc1O,O,334.65,-1.2499206435627883,0.12121306903586847,2,0.0759764306516652
O=C(O)c1ccccc1O,O,338.2,-1.1907012743134544,0.12972530188340448,2,0.0759764306516652
O=C(O)c1ccccc1O,O,339.15,-1.0813297337761298,,1,0.0759764306516652
O=C(O)c1cccnc1,CC(C)=O,283.15,-2.065688436864715,,1,0.0357927317276027
O=C(O)c1cccnc1,CC(C)=O,285.46,-2.001959123415876,0.019040561705044524,2,0.0357927317276027
O=C(O)c1cccnc1,CC(C)=O,292.26,-1.8500697631690528,0.02961309514789288,2,0.0357927317276027
O=C(O)c1cccnc1,CC(C)=O,293.15,-1.8309932303938137,0.030399420315694498,2,0.0357927317276027
O=C(O)c1cccnc1,CC(C)=O,296.8,-1.7546195283036052,0.032250275268942065,2,0.0357927317276027
O=C(O)c1cccnc1,CC(C)=O,302.14,-1.6480793673741978,0.03114950699329268,2,0.0357927317276027
O=C(O)c1cccnc1,CC(C)=O,303.15,-1.628596964463732,0.030454790685765957,2,0.0357927317276027
O=C(O)c1cccnc1,CC(C)=O,307.1,-1.554368517633966,0.026318182121754755,2,0.0357927317276027
O=C(O)c1cccnc1,CC(C)=O,313.15,-1.4465052900716024,0.015805331286451837,2,0.0357927317276027
O=C(O)c1cccnc1,CC(C)=O,317.11,-1.3795334079937618,0.012,2,0.0357927317276027
O=C(O)c1cccnc1,CC(C)=O,323.15,-1.2743113495213478,,1,0.0357927317276027
O=C(O)c1cccnc1,CCO,283.15,-1.454810022301713,,1,0.0410513341907064
O=C(O)c1cccnc1,CCO,283.38,-1.4322751420118345,0.02569136018364261,2,0.0410513341907064
O=C(O)c1cccnc1,CCO,293.15,-1.2739796027361363,0.012,2,0.0410513341907064
O=C(O)c1cccnc1,CCO,293.46,-1.2690408187548199,0.012,2,0.0410513341907064
O=C(O)c1cccnc1,CCO,303.15,-1.1171551630589764,0.02539340095909601,2,0.0410513341907064
O=C(O)c1cccnc1,CCO,312.83,-0.9700484533756847,0.038175415263805294,2,0.0410513341907064
O=C(O)c1cccnc1,CCO,313.15,-0.9652610799113133,0.0384773102058475,2,0.0410513341907064
O=C(O)c1cccnc1,CCO,322.64,-0.8253998915690545,0.04419452690228272,2,0.0410513341907064
O=C(O)c1cccnc1,CCO,323.15,-0.8179970674580148,0.04433191464831179,2,0.0410513341907064
O=C(O)c1cccnc1,CCO,332.43,-0.6852387463122458,0.04403618727874421,2,0.0410513341907064
O=C(O)c1cccnc1,CCO,333.15,-0.6441174795246878,,1,0.0410513341907064
O=C(O)c1cccnc1,CCO,343.15,-0.5096876769794025,,1,0.0410513341907064
O=C(O)c1cccnc1,CS(C)=O,283.15,-0.18359850163408886,,1,0.0114667791121551
O=C(O)c1cccnc1,CS(C)=O,293.15,-0.06966475095759783,,1,0.0114667791121551
O=C(O)c1cccnc1,CS(C)=O,293.56,-0.0569266769773229,0.012,2,0.0114667791121551
O=C(O)c1cccnc1,CS(C)=O,303.15,0.04007751273938975,0.012,2,0.0114667791121551
O=C(O)c1cccnc1,CS(C)=O,303.38,0.042327108866180296,0.012,2,0.0114667791121551
O=C(O)c1cccnc1,CS(C)=O,313.07,0.1340366479555506,0.012,2,0.0114667791121551
O=C(O)c1cccnc1,CS(C)=O,313.15,0.1347696603238937,0.012,2,0.0114667791121551
O=C(O)c1cccnc1,CS(C)=O,322.84,0.22080982024842477,0.012,2,0.0114667791121551
O=C(O)c1cccnc1,CS(C)=O,323.15,0.22347530385416725,0.012,2,0.0114667791121551
O=C(O)c1cccnc1,CS(C)=O,332.36,0.300346114621278,0.012,2,0.0114667791121551
O=C(O)c1cccnc1,CS(C)=O,333.15,0.29873842005586226,,1,0.0114667791121551
O=C(O)c1cccnc1,CS(C)=O,343.15,0.373108672714519,,1,0.0114667791121551
O=C(O)c1cccnc1,O,283.15,-1.0394912445858058,,1,0.0605746395785388
O=C(O)c1cccnc1,O,283.59,-1.033260976251976,0.012,2,0.0605746395785388
O=C(O)c1cccnc1,O,293.15,-0.9136417766374136,0.012,2,0.0605746395785388
O=C(O)c1cccnc1,O,293.41,-0.91039551578818,0.012,2,0.0605746395785388
O=C(O)c1cccnc1,O,303.03,-0.7906073397775044,0.02608524252870233,2,0.0605746395785388
O=C(O)c1cccnc1,O,303.15,-0.7891174382063952,0.02633041885013116,2,0.0605746395785388
O=C(O)c1cccnc1,O,312.49,-0.6735278540403629,0.04842385944218605,2,0.0605746395785388
O=C(O)c1cccnc1,O,312.97,-0.6676086179527778,0.049712741577260425,2,0.0605746395785388
O=C(O)c1cccnc1,O,313.15,-0.6653894644882232,0.05019976560293015,2,0.0605746395785388
O=C(O)c1cccnc1,O,316.21,-0.6277113877632865,0.05878222927074062,2,0.0605746395785388
O=C(O)c1cccnc1,O,322.45,-0.5511670243765034,0.07798334023483214,2,0.0605746395785388
O=C(O)c1cccnc1,O,322.83,-0.5465186772466,0.07922314302987785,2,0.0605746395785388
O=C(O)c1cccnc1,O,323.15,-0.5426054659105706,0.08027327026184292,2,0.0605746395785388
O=C(O)c1cccnc1,O,332.01,-0.4347018400884939,0.11146503312063046,2,0.0605746395785388
O=C(O)c1cccnc1,O,332.32,-0.4309423426012122,0.11262726867359346,2,0.0605746395785388
O=C(O)c1cccnc1,O,333.15,-0.5027378402439959,,1,0.0605746395785388
O=C(O)c1cccnc1,O,343.15,-0.41060553010796497,,1,0.0605746395785388
O=C(O)c1cccnc1,O,353.15,-0.3226204260161625,,1,0.0605746395785388
O=C(O)c1cccnc1,O,363.15,-0.23846941245199638,,1,0.0605746395785388
O=C(O)c1ccco1,O,279.15,-0.625081675832007,,1,0.0919724968917776
O=C(O)c1ccco1,O,280.15,-0.6237446800124644,,1,0.0919724968917776
O=C(O)c1ccco1,O,283.65,-0.6089150873601739,,1,0.0919724968917776
O=C(O)c1ccco1,O,284.15,-0.6055379961775316,,1,0.0919724968917776
O=C(O)c1ccco1,O,284.85,-0.6605756241427798,0.08525226690830351,2,0.0919724968917776
O=C(O)c1ccco1,O,285.15,-0.6561949637087139,0.08249514845088704,2,0.0919724968917776
O=C(O)c1ccco1,O,289.15,-0.5917697640052779,0.05174154644406718,2,0.0919724968917776
O=C(O)c1ccco1,O,294.15,-0.49618447608452243,0.028371114639557795,2,0.0919724968917776
O=C(O)c1ccco1,O,295.25,-0.4730177809092737,0.025376309314881915,2,0.0919724968917776
O=C(O)c1ccco1,O,298.15,-0.4084022481216465,0.02104454208548606,2,0.0919724968917776
O=C(O)c1ccco1,O,299.45,-0.37781217817021684,0.020740772620061586,2,0.0919724968917776
O=C(O)c1ccco1,O,301.15,-0.3363345198734322,0.021833784697334827,2,0.0919724968917776
O=C(O)c1ccco1,O,302.15,-0.31116959891866713,0.023251768248901537,2,0.0919724968917776
O=C(O)c1ccco1,O,304.65,-0.24583442179796577,0.029251177634669463,2,0.0919724968917776
O=C(O)c1ccco1,O,307.15,-0.17713484622449016,0.038665258446413005,2,0.0919724968917776
O=C(O)c1ccco1,O,309.15,-0.11983175067153695,0.0485803150914141,2,0.0919724968917776
O=C(O)c1ccco1,O,310.65,-0.0755256462502274,0.05737092100428793,2,0.0919724968917776
O=C(O)c1ccco1,O,311.15,-0.06050857965934142,0.06055459514109749,2,0.0919724968917776
O=C(O)c1ccco1,O,313.25,0.0038932633317187992,0.07528539694125581,2,0.0919724968917776
O=C(O)c1ccco1,O,315.15,0.06397439493973422,0.09046867494619411,2,0.0919724968917776
O=C(O)c1ccco1,O,316.85,0.11915238494040636,0.10551114765210358,2,0.0919724968917776
O=C(O)c1ccco1,O,317.15,0.1290264776116743,0.10830618110019685,2,0.0919724968917776
O=C(O)c1ccco1,O,319.45,0.2060641028519683,0.1311090224168912,2,0.0919724968917776
O=C(O)c1ccco1,O,319.8,0.2179916274732534,0.13478946064825387,2,0.0919724968917776
O=C(O)c1ccco1,O,321.95,0.2924189502472956,0.1585923428609961,2,0.0919724968917776
O=C(O)c1ccco1,O,323.15,0.33481118817196887,0.17275688774528147,2,0.0919724968917776
O=C(O)c1ccco1,O,324.75,0.3922612823993177,0.19260207721434344,2,0.0919724968917776
O=C(O)c1ccco1,O,325.15,0.5466047549364248,,1,0.0919724968917776
O=C(O)c1ccco1,O,327.15,0.6390359183041028,,1,0.0919724968917776
O=C(O)c1ccco1,O,327.65,0.6625716652891924,,1,0.0919724968917776
O=C(O)c1ccco1,O,328.15,0.686276292610728,,1,0.0919724968917776
O=C(O)c1ccco1,O,330.65,0.8072931242234063,,1,0.0919724968917776
O=C(O)c1ccco1,O,333.2,0.9349066603846268,,1,0.0919724968917776
O=C(O)c1ccco1,O,334.55,1.0041258275650762,,1,0.0919724968917776
O=C(O)c1ccco1,O,336.15,1.0876143827939586,,1,0.0919724968917776
O=C(O)c1ccco1,O,341.15,1.3583072778120595,,1,0.0919724968917776
O=C(c1ccccc1)C(O)c1ccccc1,CC(C)=O,273.15,-1.190878031519425,,1,0.1103610984019408
O=C(c1ccccc1)C(O)c1ccccc1,CC(C)=O,278.15,-1.0939048902825448,,1,0.1103610984019408
O=C(c1ccccc1)C(O)c1ccccc1,CC(C)=O,283.15,-0.9534353322171754,0.0707251715971091,2,0.1103610984019408
O=C(c1ccccc1)C(O)c1ccccc1,CC(C)=O,288.15,-0.8742821560717253,0.06339248261978019,2,0.1103610984019408
O=C(c1ccccc1)C(O)c1ccccc1,CC(C)=O,293.15,-0.7961013505551797,0.06282637656426908,2,0.1103610984019408
O=C(c1ccccc1)C(O)c1ccccc1,CC(C)=O,298.15,-0.7188729723134486,0.06857713290701781,2,0.1103610984019408
O=C(c1ccccc1)C(O)c1ccccc1,CC(C)=O,303.15,-0.6425774377387903,0.08022830668937964,2,0.1103610984019408
O=C(c1ccccc1)C(O)c1ccccc1,CC(C)=O,308.15,-0.5671955403280542,0.09739385334283986,2,0.1103610984019408
O=C(c1ccccc1)C(O)c1ccccc1,CC(C)=O,313.15,-0.4927084634046146,0.1197155401725384,2,0.1103610984019408
O=C(c1ccccc1)C(O)c1ccccc1,CC(C)=O,318.15,-0.31525165425551904,,1,0.1103610984019408
O=C(c1ccccc1)C(O)c1ccccc1,CC(C)=O,323.15,-0.22011302458253112,,1,0.1103610984019408
O=C(c1ccccc1)C(O)c1ccccc1,CCCCO,273.15,-2.104503930761446,,1,0.0876707829504638
O=C(c1ccccc1)C(O)c1ccccc1,CCCCO,278.15,-1.992966863760742,,1,0.0876707829504638
O=C(c1ccccc1)C(O)c1ccccc1,CCCCO,283.15,-1.9946376216571053,0.15105804577335794,2,0.0876707829504638
O=C(c1ccccc1)C(O)c1ccccc1,CCCCO,288.15,-1.8695486777026566,0.11433973732086551,2,0.0876707829504638
O=C(c1ccccc1)C(O)c1ccccc1,CCCCO,293.15,-1.7509987121432609,0.0788505292865783,2,0.0876707829504638
O=C(c1ccccc1)C(O)c1ccccc1,CCCCO,298.15,-1.6386206434241686,0.044528978503899926,2,0.0876707829504638
O=C(c1ccccc1)C(O)c1ccccc1,CCCCO,303.15,-1.5320728649205435,0.012,2,0.0876707829504638
O=C(c1ccccc1)C(O)c1ccccc1,CCCCO,308.15,-1.431037116969108,0.020837047777887842,2,0.0876707829504638
O=C(c1ccccc1)C(O)c1ccccc1,CCCCO,313.15,-1.3352165666705496,0.05198548366806271,2,0.0876707829504638
O=C(c1ccccc1)C(O)c1ccccc1,CCCCO,318.15,-1.186227751460791,,1,0.0876707829504638
O=C(c1ccccc1)C(O)c1ccccc1,CCCCO,323.15,-1.079324230830224,,1,0.0876707829504638
O=C(c1ccccc1)C(O)c1ccccc1,CCCO,273.15,-1.994242347673591,,1,0.0826825578437777
O=C(c1ccccc1)C(O)c1ccccc1,CCCO,278.15,-1.8890314928499343,,1,0.0826825578437777
O=C(c1ccccc1)C(O)c1ccccc1,CCCO,283.15,-1.8860057082757566,0.13723407695182693,2,0.0826825578437777
O=C(c1ccccc1)C(O)c1ccccc1,CCCO,288.15,-1.7667873585433376,0.10328355293111152,2,0.0826825578437777
O=C(c1ccccc1)C(O)c1ccccc1,CCCO,293.15,-1.652160306422065,0.06934710250220422,2,0.0826825578437777
O=C(c1ccccc1)C(O)c1ccccc1,CCCO,298.15,-1.5418847659303805,0.03544320538358115,2,0.0826825578437777
O=C(c1ccccc1)C(O)c1ccccc1,CCCO,303.15,-1.4357370609296494,0.012,2,0.0826825578437777
O=C(c1ccccc1)C(O)c1ccccc1,CCCO,308.15,-1.3335083040138853,0.032202090042384106,2,0.0826825578437777
O=C(c1ccccc1)C(O)c1ccccc1,CCCO,313.15,-1.2350032028654185,0.06591508495513798,2,0.0826825578437777
O=C(c1ccccc1)C(O)c1ccccc1,CCCO,318.15,-1.0696546929770818,,1,0.0826825578437777
O=C(c1ccccc1)C(O)c1ccccc1,CCCO,323.15,-0.9543558971595258,,1,0.0826825578437777
O=C(c1ccccc1)C(O)c1ccccc1,CCO,273.15,-1.870548888675426,,1,0.0376352205268349
O=C(c1ccccc1)C(O)c1ccccc1,CCO,278.15,-1.7687417043122178,,1,0.0376352205268349
O=C(c1ccccc1)C(O)c1ccccc1,CCO,283.15,-1.6903586930436445,0.027123742480074996,2,0.0376352205268349
O=C(c1ccccc1)C(O)c1ccccc1,CCO,288.15,-1.5868797882186962,0.013081921199025544,2,0.0376352205268349
O=C(c1ccccc1)C(O)c1ccccc1,CCO,293.15,-1.4868154925978105,0.012,2,0.0376352205268349
O=C(c1ccccc1)C(O)c1ccccc1,CCO,298.15,-1.3899959499103947,0.016577887667107594,2,0.0376352205268349
O=C(c1ccccc1)C(O)c1ccccc1,CCO,303.15,-1.2962624461818875,0.03211082451024791,2,0.0376352205268349
O=C(c1ccccc1)C(O)c1ccccc1,CCO,308.15,-1.2054665088726573,0.048061246365099786,2,0.0376352205268349
O=C(c1ccccc1)C(O)c1ccccc1,CCO,313.15,-1.1174690921216346,0.06439443995935337,2,0.0376352205268349
O=C(c1ccccc1)C(O)c1ccccc1,CCO,318.15,-0.9748087968706791,,1,0.0376352205268349
O=C(c1ccccc1)C(O)c1ccccc1,CCO,323.15,-0.8800010524891846,,1,0.0376352205268349
O=C(c1ccccc1)C(O)c1ccccc1,CCOC(C)=O,273.15,-1.2622209233817776,,1,0.0385825613535078
O=C(c1ccccc1)C(O)c1ccccc1,CCOC(C)=O,278.15,-1.1750387679407657,,1,0.0385825613535078
O=C(c1ccccc1)C(O)c1ccccc1,CCOC(C)=O,283.15,-1.1310887693212135,0.056686492076437306,2,0.0385825613535078
O=C(c1ccccc1)C(O)c1ccccc1,CCOC(C)=O,288.15,-1.0437595953329644,0.04780607415759287,2,0.0385825613535078
O=C(c1ccccc1)C(O)c1ccccc1,CCOC(C)=O,293.15,-0.9585064166055514,0.03785959351884396,2,0.0385825613535078
O=C(c1ccccc1)C(O)c1ccccc1,CCOC(C)=O,298.15,-0.875239934130051,0.02692364441909811,2,0.0385825613535078
O=C(c1ccccc1)C(O)c1ccccc1,CCOC(C)=O,303.15,-0.793876240651705,0.01506901039048928,2,0.0385825613535078
O=C(c1ccccc1)C(O)c1ccccc1,CCOC(C)=O,308.15,-0.7143364075669603,0.012,2,0.0385825613535078
O=C(c1ccccc1)C(O)c1ccccc1,CCOC(C)=O,313.15,-0.6365461098421483,0.012,2,0.0385825613535078
O=C(c1ccccc1)C(O)c1ccccc1,CCOC(C)=O,318.15,-0.5424917403159881,,1,0.0385825613535078
O=C(c1ccccc1)C(O)c1ccccc1,CCOC(C)=O,323.15,-0.457443540781,,1,0.0385825613535078
O=C(c1ccccc1)C(O)c1ccccc1,CO,273.15,-1.6939203888847914,,1,0.0815114308317809
O=C(c1ccccc1)C(O)c1ccccc1,CO,278.15,-1.5944463121754806,,1,0.0815114308317809
O=C(c1ccccc1)C(O)c1ccccc1,CO,283.15,-1.5160665269376576,0.02467030399006677,2,0.0815114308317809
O=C(c1ccccc1)C(O)c1ccccc1,CO,288.15,-1.399704134353049,0.012,2,0.0815114308317809
O=C(c1ccccc1)C(O)c1ccccc1,CO,293.15,-1.2903840477408908,0.03787589049874706,2,0.0815114308317809
O=C(c1ccccc1)C(O)c1ccccc1,CO,298.15,-1.1877004286993298,0.061501853877795325,2,0.0815114308317809
O=C(c1ccccc1)C(O)c1ccccc1,CO,303.15,-1.0912759139190094,0.08045538048338365,2,0.0815114308317809
O=C(c1ccccc1)C(O)c1ccccc1,CO,308.15,-1.0007592222346413,0.0950270877775754,2,0.0815114308317809
O=C(c1ccccc1)C(O)c1ccccc1,CO,313.15,-0.915822996211137,0.10548701465392442,2,0.0815114308317809
O=C(c1ccccc1)C(O)c1ccccc1,CO,318.15,-0.7569048454583651,,1,0.0815114308317809
O=C(c1ccccc1)C(O)c1ccccc1,CO,323.15,-0.6801316877082542,,1,0.0815114308317809
O=C1CC[C@@H](C(=O)O)N1,CCO,283.15,-0.3703967847249743,,1,0.0079127505949443
O=C1CC[C@@H](C(=O)O)N1,CCO,288.15,-0.3167901165476792,,1,0.0079127505949443
O=C1CC[C@@H](C(=O)O)N1,CCO,293.15,-0.2596088518407669,,1,0.0079127505949443
O=C1CC[C@@H](C(=O)O)N1,CCO,293.95,-0.2613090187249796,0.015786184953591322,2,0.0079127505949443
O=C1CC[C@@H](C(=O)O)N1,CCO,297.85,-0.211164152216476,0.012,2,0.0079127505949443
O=C1CC[C@@H](C(=O)O)N1,CCO,298.15,-0.20724167356405587,0.012,2,0.0079127505949443
O=C1CC[C@@H](C(=O)O)N1,CCO,302.95,-0.14327612712569504,0.012,2,0.0079127505949443
O=C1CC[C@@H](C(=O)O)N1,CCO,303.15,-0.14056303848192186,0.012,2,0.0079127505949443
O=C1CC[C@@H](C(=O)O)N1,CCO,308.15,-0.07155759162372277,0.012,2,0.0079127505949443
O=C1CC[C@@H](C(=O)O)N1,CCO,309.25,-0.0560825997745269,0.012,2,0.0079127505949443
O=C1CC[C@@H](C(=O)O)N1,CCO,313.15,-0.00040849571419698805,0.012,2,0.0079127505949443
O=C1CC[C@@H](C(=O)O)N1,CCO,313.65,0.00681768010981898,0.012,2,0.0079127505949443
O=C1CC[C@@H](C(=O)O)N1,CCO,318.15,0.0727148549433565,0.012,2,0.0079127505949443
O=C1CC[C@@H](C(=O)O)N1,CCO,318.25,0.07419636239212934,0.012,2,0.0079127505949443
O=C1CC[C@@H](C(=O)O)N1,CCO,322.95,0.14462499483845903,0.012,2,0.0079127505949443
O=C1CC[C@@H](C(=O)O)N1,CCO,323.15,0.14765566464185298,0.012,2,0.0079127505949443
O=C1CC[C@@H](C(=O)O)N1,CCO,328.75,0.23748541473648288,,1,0.0079127505949443
O=C1CC[C@@H](C(=O)O)N1,CCO,331.95,0.28782434326686257,,1,0.0079127505949443
O=C1CC[C@@H](C(=O)O)N1,CCO,337.05,0.3689656884932191,,1,0.0079127505949443
O=C1CC[C@@H](C(=O)O)N1,CO,283.15,0.21288706616211073,,1,0.0319478517656118
O=C1CC[C@@H](C(=O)O)N1,CO,288.15,0.26757638550887464,,1,0.0319478517656118
O=C1CC[C@@H](C(=O)O)N1,CO,293.15,0.325045526546063,,1,0.0319478517656118
O=C1CC[C@@H](C(=O)O)N1,CO,295.75,0.3413665692136476,0.020631271634937467,2,0.0319478517656118
O=C1CC[C@@H](C(=O)O)N1,CO,297.75,0.3649970406580323,0.021478702372308072,2,0.0319478517656118
O=C1CC[C@@H](C(=O)O)N1,CO,298.15,0.36978300189682756,0.02162858986864195,2,0.0319478517656118
O=C1CC[C@@H](C(=O)O)N1,CO,300.15,0.3940053668785026,0.02228191532432786,2,0.0319478517656118
O=C1CC[C@@H](C(=O)O)N1,CO,303.15,0.4312279190071422,0.022968571496997544,2,0.0319478517656118
O=C1CC[C@@H](C(=O)O)N1,CO,305.45,0.46046076597939845,0.023264119380142525,2,0.0319478517656118
O=C1CC[C@@H](C(=O)O)N1,CO,306.95,0.47983958238864943,0.023352064126546803,2,0.0319478517656118
O=C1CC[C@@H](C(=O)O)N1,CO,308.15,0.49551648451945596,0.0233641289790867,2,0.0319478517656118
O=C1CC[C@@H](C(=O)O)N1,CO,310.05,0.5206468161777451,0.023279354656736462,2,0.0319478517656118
O=C1CC[C@@H](C(=O)O)N1,CO,312.55,0.554272791848021,0.02297844253707078,2,0.0319478517656118
O=C1CC[C@@H](C(=O)O)N1,CO,313.15,0.5624352381835749,0.022874886961190447,2,0.0319478517656118
O=C1CC[C@@H](C(=O)O)N1,CO,315.15,0.589894425953041,0.0224439943343439,2,0.0319478517656118
O=C1CC[C@@H](C(=O)O)N1,CO,317.65,0.6247472947007537,0.021723954780744653,2,0.0319478517656118
O=C1CC[C@@H](C(=O)O)N1,CO,318.15,0.6470291513927009,,1,0.0319478517656118
O=C1CC[C@@H](C(=O)O)N1,CO,323.15,0.7171475558288023,,1,0.0319478517656118
O=C1N=NC([N+](=O)[O-])=N1,O,278.15,-1.2383017706555854,,1,0.0328341448505482
O=C1N=NC([N+](=O)[O-])=N1,O,283.15,-1.1607240672226808,,1,0.0328341448505482
O=C1N=NC([N+](=O)[O-])=N1,O,288.15,-1.0626072262005777,0.030896858357378276,2,0.0328341448505482
O=C1N=NC([N+](=O)[O-])=N1,O,293.15,-0.9879051605856746,0.030469074526531206,2,0.0328341448505482
O=C1N=NC([N+](=O)[O-])=N1,O,298.15,-0.9149522941245491,0.029298110354379906,2,0.0328341448505482
O=C1N=NC([N+](=O)[O-])=N1,O,303.15,-0.8436745511856976,0.02743323420541223,2,0.0328341448505482
O=C1N=NC([N+](=O)[O-])=N1,O,308.15,-0.7740022589933004,0.024920111201505366,2,0.0328341448505482
O=C1N=NC([N+](=O)[O-])=N1,O,313.15,-0.7058698155286569,0.02180111031276833,2,0.0328341448505482
O=C1N=NC([N+](=O)[O-])=N1,O,318.15,-0.639215387527158,0.018115581269497874,2,0.0328341448505482
O=C1N=NC([N+](=O)[O-])=N1,O,323.15,-0.5739806354055794,0.013900104658457497,2,0.0328341448505482
O=C1N=NC([N+](=O)[O-])=N1,O,328.15,-0.5101104623316508,0.012,2,0.0328341448505482
O=C1NC(=O)C(c2ccccc2)(c2ccccc2)N1,O,293.15,-4.269640194641963,,1,0.150692485467605
O=C1NC(=O)C(c2ccccc2)(c2ccccc2)N1,O,293.2,-4.199100800421757,0.09865647566784588,2,0.150692485467605
O=C1NC(=O)C(c2ccccc2)(c2ccccc2)N1,O,298.2,-4.0798275033401135,0.11123588377232023,3,0.150692485467605
O=C1NC(=O)C(c2ccccc2)(c2ccccc2)N1,O,303.2,-4.003223619190229,0.1280823680265614,3,0.150692485467605
O=C1NC(=O)C(c2ccccc2)(c2ccccc2)N1,O,308.2,-3.9467290456768658,0.12121718204877409,3,0.150692485467605
O=C1NC(=O)C(c2ccccc2)(c2ccccc2)N1,O,313.15,-3.9093861031169728,0.0907548945773297,3,0.150692485467605
O=C1NC(=O)C(c2ccccc2)(c2ccccc2)N1,O,313.2,-3.87499415272805,0.09664476256323437,2,0.150692485467605
O=C1NS(=O)(=O)c2ccccc21,CC(C)O,278.15,-1.292973910816798,,1,0.0994492915233651
O=C1NS(=O)(=O)c2ccccc21,CC(C)O,283.15,-1.2231486492161352,,1,0.0994492915233651
O=C1NS(=O)(=O)c2ccccc21,CC(C)O,288.15,-1.1522768684186389,,1,0.0994492915233651
O=C1NS(=O)(=O)c2ccccc21,CC(C)O,293.15,-1.030455517360565,0.07073300301481908,2,0.0994492915233651
O=C1NS(=O)(=O)c2ccccc21,CC(C)O,298.15,-0.9600577899465463,0.06756737868726195,2,0.0994492915233651
O=C1NS(=O)(=O)c2ccccc21,CC(C)O,303.15,-0.8874440426043364,0.06649471728911276,2,0.0994492915233651
O=C1NS(=O)(=O)c2ccccc21,CC(C)O,308.15,-0.81279578924741,0.06738086971727068,2,0.0994492915233651
O=C1NS(=O)(=O)c2ccccc21,CC(C)O,313.15,-0.7362805989996772,0.07010128518364808,2,0.0994492915233651
O=C1NS(=O)(=O)c2ccccc21,CC(C)O,318.15,-0.6580533028781161,0.07454020838786764,2,0.0994492915233651
O=C1NS(=O)(=O)c2ccccc21,CC(C)O,323.15,-0.5782570815857682,0.08058995423002811,2,0.0994492915233651
O=C1NS(=O)(=O)c2ccccc21,CCO,278.15,-1.0670643956563808,,1,0.0372794813281423
O=C1NS(=O)(=O)c2ccccc21,CCO,283.15,-0.9973459292851956,,1,0.0372794813281423
O=C1NS(=O)(=O)c2ccccc21,CCO,288.15,-0.9266957234011812,,1,0.0372794813281423
O=C1NS(=O)(=O)c2ccccc21,CCO,293.15,-0.8522128206602844,0.012,2,0.0372794813281423
O=C1NS(=O)(=O)c2ccccc21,CCO,298.15,-0.7893324605868841,0.012,2,0.0372794813281423
O=C1NS(=O)(=O)c2ccccc21,CCO,303.15,-0.7242925454052127,0.019987628095864983,2,0.0372794813281423
O=C1NS(=O)(=O)c2ccccc21,CCO,308.15,-0.6572669002035987,0.02902238294726726,2,0.0372794813281423
O=C1NS(=O)(=O)c2ccccc21,CCO,313.15,-0.5884160541252932,0.036167655337758745,2,0.0372794813281423
O=C1NS(=O)(=O)c2ccccc21,CCO,318.15,-0.5178883886250922,0.041537692555884895,2,0.0372794813281423
O=C1NS(=O)(=O)c2ccccc21,CCO,323.15,-0.44582117272089405,0.045238892268829226,2,0.0372794813281423
O=C1NS(=O)(=O)c2ccccc21,CO,278.15,-0.859156444509372,,1,0.0581109710283522
O=C1NS(=O)(=O)c2ccccc21,CO,283.15,-0.7774273625919719,,1,0.0581109710283522
O=C1NS(=O)(=O)c2ccccc21,CO,288.15,-0.698342111234346,,1,0.0581109710283522
O=C1NS(=O)(=O)c2ccccc21,CO,293.15,-0.6313803250877239,0.013592899368520811,2,0.0581109710283522
O=C1NS(=O)(=O)c2ccccc21,CO,298.15,-0.5682453157432947,0.02921971411096146,2,0.0581109710283522
O=C1NS(=O)(=O)c2ccccc21,CO,303.15,-0.5042293601008387,0.040385669543772595,2,0.0581109710283522
O=C1NS(=O)(=O)c2ccccc21,CO,308.15,-0.4394234315319896,0.04737193257902071,2,0.0581109710283522
O=C1NS(=O)(=O)c2ccccc21,CO,313.15,-0.37391115727367463,0.05043966803976405,2,0.0581109710283522
O=C1NS(=O)(=O)c2ccccc21,CO,318.15,-0.30776946810986927,0.04983170683212913,2,0.0581109710283522
O=C1NS(=O)(=O)c2ccccc21,CO,323.15,-0.24106918325578808,0.04577405328174126,2,0.0581109710283522
O=C1O[C@H]([C@@H](O)CO)C(O)=C1O,O,280.15,0.041891805034987684,,1,0.0229534187996387
O=C1O[C@H]([C@@H](O)CO)C(O)=C1O,O,281.15,0.056793075470137566,,1,0.0229534187996387
O=C1O[C@H]([C@@H](O)CO)C(O)=C1O,O,283.15,0.08623416409845408,,1,0.0229534187996387
O=C1O[C@H]([C@@H](O)CO)C(O)=C1O,O,285.15,0.11520212285701703,,1,0.0229534187996387
O=C1O[C@H]([C@@H](O)CO)C(O)=C1O,O,289.15,0.171759579559712,,1,0.0229534187996387
O=C1O[C@H]([C@@H](O)CO)C(O)=C1O,O,293.0,0.22079160195790815,0.012,2,0.0229534187996387
O=C1O[C@H]([C@@H](O)CO)C(O)=C1O,O,293.15,0.2109046324967944,0.020787422630876556,3,0.0229534187996387
O=C1O[C@H]([C@@H](O)CO)C(O)=C1O,O,294.15,0.22439807367870004,0.019593144016417232,3,0.0229534187996387
O=C1O[C@H]([C@@H](O)CO)C(O)=C1O,O,298.0,0.2753561205474693,0.016388336372212396,3,0.0229534187996387
O=C1O[C@H]([C@@H](O)CO)C(O)=C1O,O,298.15,0.27731019361285664,0.01630282070165622,3,0.0229534187996387
O=C1O[C@H]([C@@H](O)CO)C(O)=C1O,O,302.15,0.3285767603400244,0.01484005011789783,3,0.0229534187996387
O=C1O[C@H]([C@@H](O)CO)C(O)=C1O,O,303.0,0.33926541254277726,0.014694979793056366,3,0.0229534187996387
O=C1O[C@H]([C@@H](O)CO)C(O)=C1O,O,303.15,0.34114429783634687,0.01467433986247773,3,0.0229534187996387
O=C1O[C@H]([C@@H](O)CO)C(O)=C1O,O,307.15,0.39044869633549695,0.014631468497690217,3,0.0229534187996387
O=C1O[C@H]([C@@H](O)CO)C(O)=C1O,O,308.0,0.40073078950687674,0.014751549747878576,3,0.0229534187996387
O=C1O[C@H]([C@@H](O)CO)C(O)=C1O,O,309.15,0.41453523374241374,0.014996664918900246,3,0.0229534187996387
O=C1O[C@H]([C@@H](O)CO)C(O)=C1O,O,312.15,0.4499793963765886,0.016168468247125405,3,0.0229534187996387
O=C1O[C@H]([C@@H](O)CO)C(O)=C1O,O,313.0,0.4598752660690743,0.01666445092882113,3,0.0229534187996387
O=C1O[C@H]([C@@H](O)CO)C(O)=C1O,O,313.15,0.4616149647878842,0.016760331595946237,3,0.0229534187996387
O=C1O[C@H]([C@@H](O)CO)C(O)=C1O,O,316.15,0.4959967365841867,0.019244490809997378,3,0.0229534187996387
O=C1O[C@H]([C@@H](O)CO)C(O)=C1O,O,317.15,0.5072852541706805,0.020324644169357985,3,0.0229534187996387
O=C1O[C@H]([C@@H](O)CO)C(O)=C1O,O,318.0,0.5168139347164079,0.021345046849635826,3,0.0229534187996387
O=C1O[C@H]([C@@H](O)CO)C(O)=C1O,O,318.15,0.518489159570113,0.021534908653631814,3,0.0229534187996387
O=C1O[C@H]([C@@H](O)CO)C(O)=C1O,O,320.85,0.5483235893289642,0.02545196558194214,3,0.0229534187996387
O=C1O[C@H]([C@@H](O)CO)C(O)=C1O,O,321.65,0.5570485113793259,0.02679182890195011,3,0.0229534187996387
O=C1O[C@H]([C@@H](O)CO)C(O)=C1O,O,323.0,0.5716545875726879,0.029233629714032542,3,0.0229534187996387
O=C1O[C@H]([C@@H](O)CO)C(O)=C1O,O,323.15,0.5635724794655697,0.03433130359169891,2,0.0229534187996387
O=C1O[C@H]([C@@H](O)CO)C(O)=C1O,O,323.55,0.5921402815686605,,1,0.0229534187996387
O=C1O[C@H]([C@@H](O)CO)C(O)=C1O,O,324.15,0.5985548060472388,,1,0.0229534187996387
O=C1O[C@H]([C@@H](O)CO)C(O)=C1O,O,325.65,0.6144696095664228,,1,0.0229534187996387
O=C1O[C@H]([C@@H](O)CO)C(O)=C1O,O,327.15,0.6302128355892345,,1,0.0229534187996387
O=C1O[C@H]([C@@H](O)CO)C(O)=C1O,O,328.15,0.6406142186066761,,1,0.0229534187996387
O=C1O[C@H]([C@@H](O)CO)C(O)=C1O,O,333.15,0.691518609036776,,1,0.0229534187996387
O=C1O[C@H]([C@@H](O)CO)C(O)=C1O,O,335.15,0.7113787525535473,,1,0.0229534187996387
O=C1O[C@H]([C@@H](O)CO)C(O)=C1O,O,338.15,0.7406482255346658,,1,0.0229534187996387
O=C1c2cccc(O)c2C(=O)c2c(O)cc(CO)cc21,CCO,278.15,-3.5212809784565593,,1,0.012344926521552
O=C1c2cccc(O)c2C(=O)c2c(O)cc(CO)cc21,CCO,283.15,-3.430169288685505,0.016046603287954472,2,0.012344926521552
O=C1c2cccc(O)c2C(=O)c2c(O)cc(CO)cc21,CCO,288.15,-3.3535847678710518,0.012785980009921559,2,0.012344926521552
O=C1c2cccc(O)c2C(=O)c2c(O)cc(CO)cc21,CCO,293.15,-3.2773857195971026,0.012,2,0.012344926521552
O=C1c2cccc(O)c2C(=O)c2c(O)cc(CO)cc21,CCO,298.15,-3.2015901012078487,0.012,2,0.012344926521552
O=C1c2cccc(O)c2C(=O)c2c(O)cc(CO)cc21,CCO,303.15,-3.1262134530725625,0.012,2,0.012344926521552
O=C1c2cccc(O)c2C(=O)c2c(O)cc(CO)cc21,CCO,308.15,-3.0512691546676365,0.012,2,0.012344926521552
O=C1c2cccc(O)c2C(=O)c2c(O)cc(CO)cc21,CCO,313.15,-2.976768652293213,0.012,2,0.012344926521552
O=C1c2cccc(O)c2C(=O)c2c(O)cc(CO)cc21,CCO,318.15,-2.902721661846247,0.012,2,0.012344926521552
O=C1c2cccc(O)c2C(=O)c2c(O)cc(CO)cc21,CCO,323.15,-2.8244508874042964,,1,0.012344926521552
O=C1c2cccc(O)c2C(=O)c2c(O)cc(CO)cc21,O,278.15,-4.910348283314015,,1,0.0113137413040686
O=C1c2cccc(O)c2C(=O)c2c(O)cc(CO)cc21,O,283.15,-4.750733126159641,0.016338602860704442,2,0.0113137413040686
O=C1c2cccc(O)c2C(=O)c2c(O)cc(CO)cc21,O,288.15,-4.61133104016697,0.012,2,0.0113137413040686
O=C1c2cccc(O)c2C(=O)c2c(O)cc(CO)cc21,O,293.15,-4.473119067227461,0.012,2,0.0113137413040686
O=C1c2cccc(O)c2C(=O)c2c(O)cc(CO)cc21,O,298.15,-4.3360971270540425,0.012,2,0.0113137413040686
O=C1c2cccc(O)c2C(=O)c2c(O)cc(CO)cc21,O,303.15,-4.200263171931859,0.012,2,0.0113137413040686
O=C1c2cccc(O)c2C(=O)c2c(O)cc(CO)cc21,O,308.15,-4.065613442379611,0.012,2,0.0113137413040686
O=C1c2cccc(O)c2C(=O)c2c(O)cc(CO)cc21,O,313.15,-3.9321426921829357,0.012,2,0.0113137413040686
O=C1c2cccc(O)c2C(=O)c2c(O)cc(CO)cc21,O,318.15,-3.7998443866513583,0.012,2,0.0113137413040686
O=C1c2cccc(O)c2C(=O)c2c(O)cc(CO)cc21,O,323.15,-3.6748468241826515,,1,0.0113137413040686
O=C1c2ccccc2-c2ccccc21,CCCCO,278.15,-0.8962277665283978,,1,0.1846594579783927
O=C1c2ccccc2-c2ccccc21,CCCCO,283.15,-0.6482918163079887,0.18083087956026053,2,0.1846594579783927
O=C1c2ccccc2-c2ccccc21,CCCCO,288.15,-0.5465321646490366,0.15096508199496025,2,0.1846594579783927
O=C1c2ccccc2-c2ccccc21,CCCCO,293.15,-0.43589845928630666,0.13004844446902458,2,0.1846594579783927
O=C1c2ccccc2-c2ccccc21,CCCCO,298.15,-0.3170442080365774,0.11749772654892898,2,0.1846594579783927
O=C1c2ccccc2-c2ccccc21,CCCCO,303.15,-0.19057297323614364,0.1127725545629474,2,0.1846594579783927
O=C1c2ccccc2-c2ccccc21,CCCCO,308.15,-0.05704275636171019,0.11537173020825144,2,0.1846594579783927
O=C1c2ccccc2-c2ccccc21,CCCCO,313.15,0.08303005864394208,0.12482990644434763,2,0.1846594579783927
O=C1c2ccccc2-c2ccccc21,CCCCO,318.15,0.2291671531246493,0.14071458919367236,2,0.1846594579783927
O=C1c2ccccc2-c2ccccc21,CCCCO,323.15,0.49591719784285715,,1,0.1846594579783927
O=C1c2ccccc2-c2ccccc21,CCCCO,328.15,0.6723711290101164,,1,0.1846594579783927
O=C1c2ccccc2-c2ccccc21,CCCCO,333.15,0.8574001253122674,,1,0.1846594579783927
O=C1c2ccccc2-c2ccccc21,CCOC(C)=O,278.15,0.09420542194726522,,1,0.0180240613360425
O=C1c2ccccc2-c2ccccc21,CCOC(C)=O,283.15,0.17612582278720623,0.012,2,0.0180240613360425
O=C1c2ccccc2-c2ccccc21,CCOC(C)=O,288.15,0.2542861009709867,0.01280969928480885,2,0.0180240613360425
O=C1c2ccccc2-c2ccccc21,CCOC(C)=O,293.15,0.3369179158420792,0.01705821758156514,2,0.0180240613360425
O=C1c2ccccc2-c2ccccc21,CCOC(C)=O,298.15,0.4236765907887232,0.01629466676892753,2,0.0180240613360425
O=C1c2ccccc2-c2ccccc21,CCOC(C)=O,303.15,0.5142441383908931,0.012,2,0.0180240613360425
O=C1c2ccccc2-c2ccccc21,CCOC(C)=O,308.15,0.6083269028557297,0.012,2,0.0180240613360425
O=C1c2ccccc2-c2ccccc21,CCOC(C)=O,313.15,0.705653440592755,0.012902714836716449,2,0.0180240613360425
O=C1c2ccccc2-c2ccccc21,CCOC(C)=O,318.15,0.8059726117660588,0.03066050095412816,2,0.0180240613360425
O=C1c2ccccc2-c2ccccc21,CCOC(C)=O,323.15,0.9458274481406193,,1,0.0180240613360425
O=C1c2ccccc2-c2ccccc21,CCOC(C)=O,328.15,1.0689246214878665,,1,0.0180240613360425
O=C1c2ccccc2-c2ccccc21,CCOC(C)=O,333.15,1.196594804047777,,1,0.0180240613360425
O=Cc1cc([N+](=O)[O-])ccc1O,CC#N,273.15,-0.7584518238962392,0.012,2,0.0079264022966921
O=Cc1cc([N+](=O)[O-])ccc1O,CC#N,278.15,-0.7357910783441683,0.012,2,0.0079264022966921
O=Cc1cc([N+](=O)[O-])ccc1O,CC#N,283.15,-0.7131168527063609,0.012,2,0.0079264022966921
O=Cc1cc([N+](=O)[O-])ccc1O,CC#N,288.15,-0.6904439711121331,0.012,2,0.0079264022966921
O=Cc1cc([N+](=O)[O-])ccc1O,CC#N,293.15,-0.6677857645019838,0.012,2,0.0079264022966921
O=Cc1cc([N+](=O)[O-])ccc1O,CC#N,298.15,-0.6451542200774174,0.012,2,0.0079264022966921
O=Cc1cc([N+](=O)[O-])ccc1O,CC#N,303.15,-0.6225601143611685,0.012,2,0.0079264022966921
O=Cc1cc([N+](=O)[O-])ccc1O,CC#N,308.15,-0.6000131318591331,0.012,2,0.0079264022966921
O=Cc1cc([N+](=O)[O-])ccc1O,CC#N,313.15,-0.5775219710486414,0.012,2,0.0079264022966921
O=Cc1cc([N+](=O)[O-])ccc1O,CC(C)O,273.15,-1.5635311888289962,0.013687905723901822,2,0.0097483083435717
O=Cc1cc([N+](=O)[O-])ccc1O,CC(C)O,278.15,-1.5285831087385002,0.012,2,0.0097483083435717
O=Cc1cc([N+](=O)[O-])ccc1O,CC(C)O,283.15,-1.493914978705357,0.012,2,0.0097483083435717
O=Cc1cc([N+](=O)[O-])ccc1O,CC(C)O,288.15,-1.4595287865859383,0.012,2,0.0097483083435717
O=Cc1cc([N+](=O)[O-])ccc1O,CC(C)O,293.15,-1.425425819597045,0.012,2,0.0097483083435717
O=Cc1cc([N+](=O)[O-])ccc1O,CC(C)O,298.15,-1.3916067514966972,0.012,2,0.0097483083435717
O=Cc1cc([N+](=O)[O-])ccc1O,CC(C)O,303.15,-1.3580717192612983,0.012,2,0.0097483083435717
O=Cc1cc([N+](=O)[O-])ccc1O,CC(C)O,308.15,-1.324820390604291,0.012,2,0.0097483083435717
O=Cc1cc([N+](=O)[O-])ccc1O,CC(C)O,313.15,-1.2918520234952648,0.0132254894409653,2,0.0097483083435717
O=Cc1cc([N+](=O)[O-])ccc1O,CCO,273.15,-1.2508013458411043,0.028719139776925376,2,0.0177785762874604
O=Cc1cc([N+](=O)[O-])ccc1O,CCO,278.15,-1.2253386267847954,0.023335125277681532,2,0.0177785762874604
O=Cc1cc([N+](=O)[O-])ccc1O,CCO,283.15,-1.1998066541575003,0.017852445136220536,2,0.0177785762874604
O=Cc1cc([N+](=O)[O-])ccc1O,CCO,288.15,-1.1742258406255033,0.012281247538237094,2,0.0177785762874604
O=Cc1cc([N+](=O)[O-])ccc1O,CCO,293.15,-1.1486146327798359,0.012,2,0.0177785762874604
O=Cc1cc([N+](=O)[O-])ccc1O,CCO,298.15,-1.1229897048477504,0.012,2,0.0177785762874604
O=Cc1cc([N+](=O)[O-])ccc1O,CCO,303.15,-1.097366131330201,0.012,2,0.0177785762874604
O=Cc1cc([N+](=O)[O-])ccc1O,CCO,308.15,-1.0717575411133824,0.012,2,0.0177785762874604
O=Cc1cc([N+](=O)[O-])ccc1O,CCO,313.15,-1.0461762552622682,0.016603446907948145,2,0.0177785762874604
O=Cc1cc([N+](=O)[O-])ccc1O,CO,273.15,-0.9552592246330462,0.018947545233605367,2,0.0093942632834571
O=Cc1cc([N+](=O)[O-])ccc1O,CO,278.15,-0.9274101631944556,0.013010932494329622,2,0.0093942632834571
O=Cc1cc([N+](=O)[O-])ccc1O,CO,283.15,-0.9001716850641148,0.012,2,0.0093942632834571
O=Cc1cc([N+](=O)[O-])ccc1O,CO,288.15,-0.8735184779107878,0.012,2,0.0093942632834571
O=Cc1cc([N+](=O)[O-])ccc1O,CO,293.15,-0.8474267355039485,0.012,2,0.0093942632834571
O=Cc1cc([N+](=O)[O-])ccc1O,CO,298.15,-0.8218740425382983,0.012,2,0.0093942632834571
O=Cc1cc([N+](=O)[O-])ccc1O,CO,303.15,-0.7968392701229141,0.012,2,0.0093942632834571
O=Cc1cc([N+](=O)[O-])ccc1O,CO,308.15,-0.7723024807831966,0.012,2,0.0093942632834571
O=Cc1cc([N+](=O)[O-])ccc1O,CO,313.15,-0.7482448419652701,0.012,2,0.0093942632834571
O=Cc1cc([N+](=O)[O-])ccc1O,O,273.15,-2.755000046908318,0.043861894428449316,2,0.0229474768015501
O=Cc1cc([N+](=O)[O-])ccc1O,O,278.15,-2.6415473982588367,0.019663102401629516,2,0.0229474768015501
O=Cc1cc([N+](=O)[O-])ccc1O,O,283.15,-2.5386300649395004,0.012,2,0.0229474768015501
O=Cc1cc([N+](=O)[O-])ccc1O,O,288.15,-2.44558632315427,0.012,2,0.0229474768015501
O=Cc1cc([N+](=O)[O-])ccc1O,O,293.15,-2.361803460195329,0.01869114518722666,2,0.0229474768015501
O=Cc1cc([N+](=O)[O-])ccc1O,O,298.15,-2.286713470338409,0.02129503660198467,2,0.0229474768015501
O=Cc1cc([N+](=O)[O-])ccc1O,O,303.15,-2.2197891895112143,0.019357193156839963,2,0.0229474768015501
O=Cc1cc([N+](=O)[O-])ccc1O,O,308.15,-2.1605408178576937,0.013171002040855643,2,0.0229474768015501
O=Cc1cc([N+](=O)[O-])ccc1O,O,313.15,-2.108512785918631,0.012,2,0.0229474768015501
O=P(O)(O)c1ccccc1,CC(C)=O,273.15,0.13113332257238497,,1,0.0449484789510624
O=P(O)(O)c1ccccc1,CC(C)=O,278.15,0.18895928478524127,,1,0.0449484789510624
O=P(O)(O)c1ccccc1,CC(C)=O,283.15,0.2463168551559285,,1,0.0449484789510624
O=P(O)(O)c1ccccc1,CC(C)=O,288.15,0.31917487213746654,0.022587491060301782,2,0.0449484789510624
O=P(O)(O)c1ccccc1,CC(C)=O,293.15,0.37698685959741063,0.024565775028648252,2,0.0449484789510624
O=P(O)(O)c1ccccc1,CC(C)=O,298.15,0.43485775316118946,0.027297599446583304,2,0.0449484789510624
O=P(O)(O)c1ccccc1,CC(C)=O,303.15,0.4927516821887803,0.030732154627511377,2,0.0449484789510624
O=P(O)(O)c1ccccc1,CC(C)=O,308.15,0.5506361737938263,0.03482236755225046,2,0.0449484789510624
O=P(O)(O)c1ccccc1,CC(C)=O,313.15,0.6084818303429032,0.039524582526809036,2,0.0449484789510624
O=P(O)(O)c1ccccc1,CC(C)=O,318.15,0.6662620405871138,0.04479827327486601,2,0.0449484789510624
O=P(O)(O)c1ccccc1,CCCO,278.15,0.6251647637812745,,1,0.1758960190340508
O=P(O)(O)c1ccccc1,CCCO,283.15,0.6500964886893446,,1,0.1758960190340508
O=P(O)(O)c1ccccc1,CCCO,288.15,0.723747497697703,0.06932924128982268,2,0.1758960190340508
O=P(O)(O)c1ccccc1,CCCO,293.15,0.7618527386680838,0.08881049522317738,2,0.1758960190340508
O=P(O)(O)c1ccccc1,CCCO,298.15,0.7991188690060183,0.10751805084530235,2,0.1758960190340508
O=P(O)(O)c1ccccc1,CCCO,303.15,0.8355801678633719,0.12549217535332058,2,0.1758960190340508
O=P(O)(O)c1ccccc1,CCCO,308.15,0.8712689245533691,0.14277045806276123,2,0.1758960190340508
O=P(O)(O)c1ccccc1,CCCO,313.15,0.906215586148805,0.15938802727881685,2,0.1758960190340508
O=P(O)(O)c1ccccc1,CCCO,318.15,0.940448891870358,0.17537774652369428,2,0.1758960190340508
O=P(O)(O)c1ccccc1,CCCO,323.15,0.839100957545849,,1,0.1758960190340508
O=P(O)(O)c1ccccc1,CCCO,328.15,0.8615050895466752,,1,0.1758960190340508
O=P(O)(O)c1ccccc1,CCCO,333.15,0.8836556606486301,,1,0.1758960190340508
O=P(Oc1ccccc1)(Oc1ccccc1)N1CCN(P(=O)(Oc2ccccc2)Oc2ccccc2)CC1,ClCCl,283.15,-1.0391971467024632,,1,0.0100214027328036
O=P(Oc1ccccc1)(Oc1ccccc1)N1CCN(P(=O)(Oc2ccccc2)Oc2ccccc2)CC1,ClCCl,288.15,-1.016001518579241,0.022050029070330754,2,0.0100214027328036
O=P(Oc1ccccc1)(Oc1ccccc1)N1CCN(P(=O)(Oc2ccccc2)Oc2ccccc2)CC1,ClCCl,293.15,-0.9459208937423966,0.012,2,0.0100214027328036
O=P(Oc1ccccc1)(Oc1ccccc1)N1CCN(P(=O)(Oc2ccccc2)Oc2ccccc2)CC1,ClCCl,298.15,-0.8686540393458841,0.012,2,0.0100214027328036
O=P(Oc1ccccc1)(Oc1ccccc1)N1CCN(P(=O)(Oc2ccccc2)Oc2ccccc2)CC1,ClCCl,303.15,-0.7847138423389097,0.012,2,0.0100214027328036
O=P(Oc1ccccc1)(Oc1ccccc1)N1CCN(P(=O)(Oc2ccccc2)Oc2ccccc2)CC1,ClCCl,308.15,-0.6945747958785482,0.012,2,0.0100214027328036
O=[N+]([O-])/N=C1\NCCN1Cc1ccc(Cl)nc1,CC(C)=O,283.15,-0.9203337268044245,,1,0.0231051435347552
O=[N+]([O-])/N=C1\NCCN1Cc1ccc(Cl)nc1,CC(C)=O,288.15,-0.8499270488720574,,1,0.0231051435347552
O=[N+]([O-])/N=C1\NCCN1Cc1ccc(Cl)nc1,CC(C)=O,293.15,-0.7819348016688739,,1,0.0231051435347552
O=[N+]([O-])/N=C1\NCCN1Cc1ccc(Cl)nc1,CC(C)=O,294.64,-0.7707431621270431,0.01219241068213013,2,0.0231051435347552
O=[N+]([O-])/N=C1\NCCN1Cc1ccc(Cl)nc1,CC(C)=O,298.15,-0.7279191109036252,0.01652340164044801,2,0.0231051435347552
O=[N+]([O-])/N=C1\NCCN1Cc1ccc(Cl)nc1,CC(C)=O,300.05,-0.7047163493954905,0.018200340723029975,2,0.0231051435347552
O=[N+]([O-])/N=C1\NCCN1Cc1ccc(Cl)nc1,CC(C)=O,301.76,-0.6838232471435706,0.01932114735959375,2,0.0231051435347552
O=[N+]([O-])/N=C1\NCCN1Cc1ccc(Cl)nc1,CC(C)=O,303.15,-0.666833676642116,0.01996696559571183,2,0.0231051435347552
O=[N+]([O-])/N=C1\NCCN1Cc1ccc(Cl)nc1,CC(C)=O,305.05,-0.6436029749480866,0.020473283410859522,2,0.0231051435347552
O=[N+]([O-])/N=C1\NCCN1Cc1ccc(Cl)nc1,CC(C)=O,307.77,-0.6103348852483481,0.02046090037381184,2,0.0231051435347552
O=[N+]([O-])/N=C1\NCCN1Cc1ccc(Cl)nc1,CC(C)=O,308.15,-0.6056863361295779,0.020391553016308874,2,0.0231051435347552
O=[N+]([O-])/N=C1\NCCN1Cc1ccc(Cl)nc1,CC(C)=O,310.17,-0.5809734598503674,0.019750764115653824,2,0.0231051435347552
O=[N+]([O-])/N=C1\NCCN1Cc1ccc(Cl)nc1,CC(C)=O,313.15,-0.5445126974422376,0.017988197174146008,2,0.0231051435347552
O=[N+]([O-])/N=C1\NCCN1Cc1ccc(Cl)nc1,CC(C)=O,317.25,-0.4943534722991326,0.014032180964260399,2,0.0231051435347552
O=[N+]([O-])/N=C1\NCCN1Cc1ccc(Cl)nc1,CC(C)=O,318.15,-0.4833451040602219,0.012934462985178566,2,0.0231051435347552
O=[N+]([O-])/N=C1\NCCN1Cc1ccc(Cl)nc1,CC(C)=O,319.14,-0.47123723901887316,0.012,2,0.0231051435347552
O=[N+]([O-])/N=C1\NCCN1Cc1ccc(Cl)nc1,CC(C)=O,321.59,-0.4412807076053912,0.012,2,0.0231051435347552
O=[N+]([O-])/N=C1\NCCN1Cc1ccc(Cl)nc1,CC(C)=O,323.15,-0.42221293506784574,0.012,2,0.0231051435347552
O=[N+]([O-])/N=C1\NCCN1Cc1ccc(Cl)nc1,CC(C)=O,327.89,-0.36155442357511447,,1,0.0231051435347552
O=[N+]([O-])/N=C1\NCCN1Cc1ccc(Cl)nc1,CC(C)=O,330.2,-0.3296495131809394,,1,0.0231051435347552
O=[N+]([O-])/N=C1\NCCN1Cc1ccc(Cl)nc1,CCCO,283.15,-2.444791283999985,,1,0.0144396756047212
O=[N+]([O-])/N=C1\NCCN1Cc1ccc(Cl)nc1,CCCO,288.15,-2.3158687119961945,,1,0.0144396756047212
O=[N+]([O-])/N=C1\NCCN1Cc1ccc(Cl)nc1,CCCO,293.15,-2.189786304504672,0.012,2,0.0144396756047212
O=[N+]([O-])/N=C1\NCCN1Cc1ccc(Cl)nc1,CCCO,298.15,-2.074306095147386,0.012,2,0.0144396756047212
O=[N+]([O-])/N=C1\NCCN1Cc1ccc(Cl)nc1,CCCO,303.15,-1.9618443211459227,0.012,2,0.0144396756047212
O=[N+]([O-])/N=C1\NCCN1Cc1ccc(Cl)nc1,CCCO,308.15,-1.8522668866561733,0.012184638717994004,2,0.0144396756047212
O=[N+]([O-])/N=C1\NCCN1Cc1ccc(Cl)nc1,CCCO,313.15,-1.745447850253598,0.014195192960135017,2,0.0144396756047212
O=[N+]([O-])/N=C1\NCCN1Cc1ccc(Cl)nc1,CCCO,318.15,-1.6412688034939826,0.014918237869215454,2,0.0144396756047212
O=[N+]([O-])/N=C1\NCCN1Cc1ccc(Cl)nc1,CCCO,323.15,-1.5396183059695854,0.0144324821529967,2,0.0144396756047212
O=[N+]([O-])/N=C1\NCCN1Cc1ccc(Cl)nc1,CCCO,328.15,-1.4494502997504668,,1,0.0144396756047212
O=[N+]([O-])/N=C1\NCCN1Cc1ccc(Cl)nc1,CCCO,333.15,-1.3506470101629517,,1,0.0144396756047212
O=[N+]([O-])/N=C1\NCCN1Cc1ccc(Cl)nc1,CCO,283.15,-2.280516476052604,,1,0.0814140935413466
O=[N+]([O-])/N=C1\NCCN1Cc1ccc(Cl)nc1,CCO,288.15,-2.159499267845275,,1,0.0814140935413466
O=[N+]([O-])/N=C1\NCCN1Cc1ccc(Cl)nc1,CCO,293.15,-2.0140326894402527,0.03949446163970813,2,0.0814140935413466
O=[N+]([O-])/N=C1\NCCN1Cc1ccc(Cl)nc1,CCO,298.15,-1.9074442806342553,0.02869273665031527,2,0.0814140935413466
O=[N+]([O-])/N=C1\NCCN1Cc1ccc(Cl)nc1,CCO,298.69,-1.9536780204915558,0.10170828911563445,3,0.0814140935413466
O=[N+]([O-])/N=C1\NCCN1Cc1ccc(Cl)nc1,CCO,301.12,-1.8962017446656567,0.09007994373653178,3,0.0814140935413466
O=[N+]([O-])/N=C1\NCCN1Cc1ccc(Cl)nc1,CCO,303.15,-1.849243046708499,0.081626816301788,3,0.0814140935413466
O=[N+]([O-])/N=C1\NCCN1Cc1ccc(Cl)nc1,CCO,305.66,-1.7924768431690172,0.07272143508798766,3,0.0814140935413466
O=[N+]([O-])/N=C1\NCCN1Cc1ccc(Cl)nc1,CCO,308.15,-1.7375430260476517,0.065534174054791,3,0.0814140935413466
O=[N+]([O-])/N=C1\NCCN1Cc1ccc(Cl)nc1,CCO,308.87,-1.7219094618614772,0.06375546999743954,3,0.0814140935413466
O=[N+]([O-])/N=C1\NCCN1Cc1ccc(Cl)nc1,CCO,312.34,-1.6481052179865643,0.057021424651508425,3,0.0814140935413466
O=[N+]([O-])/N=C1\NCCN1Cc1ccc(Cl)nc1,CCO,313.15,-1.631238002635688,0.055879313313680165,3,0.0814140935413466
O=[N+]([O-])/N=C1\NCCN1Cc1ccc(Cl)nc1,CCO,315.96,-1.5737556749649684,0.05314042431139395,3,0.0814140935413466
O=[N+]([O-])/N=C1\NCCN1Cc1ccc(Cl)nc1,CCO,318.07,-1.5316251342419414,0.05229813331278463,3,0.0814140935413466
O=[N+]([O-])/N=C1\NCCN1Cc1ccc(Cl)nc1,CCO,318.15,-1.5300448841531413,0.05228616618416219,3,0.0814140935413466
O=[N+]([O-])/N=C1\NCCN1Cc1ccc(Cl)nc1,CCO,320.74,-1.4795486212477276,0.052666356637854406,3,0.0814140935413466
O=[N+]([O-])/N=C1\NCCN1Cc1ccc(Cl)nc1,CCO,323.15,-1.4336989882928048,0.054319867439454037,3,0.0814140935413466
O=[N+]([O-])/N=C1\NCCN1Cc1ccc(Cl)nc1,CCO,323.96,-1.435132991594795,0.06654804553557826,2,0.0814140935413466
O=[N+]([O-])/N=C1\NCCN1Cc1ccc(Cl)nc1,CCO,327.54,-1.3714988839319666,0.07224764522921305,2,0.0814140935413466
O=[N+]([O-])/N=C1\NCCN1Cc1ccc(Cl)nc1,CCO,328.15,-1.3609339747522355,0.07355796829488892,2,0.0814140935413466
O=[N+]([O-])/N=C1\NCCN1Cc1ccc(Cl)nc1,CCO,330.06,-1.3283654983464999,0.07828360319373723,2,0.0814140935413466
O=[N+]([O-])/N=C1\NCCN1Cc1ccc(Cl)nc1,CCO,333.15,-1.2772867387298277,0.08788252188705964,2,0.0814140935413466
O=[N+]([O-])/N=C1\NCCN1Cc1ccc(Cl)nc1,CCO,333.57,-1.3336885642809477,,1,0.0814140935413466
O=[N+]([O-])/N=C1\NCCN1Cc1ccc(Cl)nc1,CO,283.15,-1.763904729201358,,1,0.0317389029414882
O=[N+]([O-])/N=C1\NCCN1Cc1ccc(Cl)nc1,CO,288.15,-1.6588723753254095,,1,0.0317389029414882
O=[N+]([O-])/N=C1\NCCN1Cc1ccc(Cl)nc1,CO,293.15,-1.5423221053850495,0.020914694214263493,2,0.0317389029414882
O=[N+]([O-])/N=C1\NCCN1Cc1ccc(Cl)nc1,CO,293.79,-1.5512300091051656,0.03890178836761656,3,0.0317389029414882
O=[N+]([O-])/N=C1\NCCN1Cc1ccc(Cl)nc1,CO,295.38,-1.5211853422243404,0.03797715265304393,3,0.0317389029414882
O=[N+]([O-])/N=C1\NCCN1Cc1ccc(Cl)nc1,CO,298.15,-1.4688670521517027,0.03628168098552757,3,0.0317389029414882
O=[N+]([O-])/N=C1\NCCN1Cc1ccc(Cl)nc1,CO,299.81,-1.4375310069634812,0.03518008140982485,3,0.0317389029414882
O=[N+]([O-])/N=C1\NCCN1Cc1ccc(Cl)nc1,CO,302.15,-1.3933840928475874,0.033481592951809205,3,0.0317389029414882
O=[N+]([O-])/N=C1\NCCN1Cc1ccc(Cl)nc1,CO,303.15,-1.3745279678322586,0.03269687190691567,3,0.0317389029414882
O=[N+]([O-])/N=C1\NCCN1Cc1ccc(Cl)nc1,CO,305.86,-1.3234615220969503,0.03037772891665584,3,0.0317389029414882
O=[N+]([O-])/N=C1\NCCN1Cc1ccc(Cl)nc1,CO,308.15,-1.2803513441510397,0.028193968470890413,3,0.0317389029414882
O=[N+]([O-])/N=C1\NCCN1Cc1ccc(Cl)nc1,CO,309.32,-1.2583416929051106,0.02700177736367835,3,0.0317389029414882
O=[N+]([O-])/N=C1\NCCN1Cc1ccc(Cl)nc1,CO,312.62,-1.1963265216598247,0.023402646143301266,3,0.0317389029414882
O=[N+]([O-])/N=C1\NCCN1Cc1ccc(Cl)nc1,CO,313.15,-1.1863756910922552,0.022799832966002753,3,0.0317389029414882
O=[N+]([O-])/N=C1\NCCN1Cc1ccc(Cl)nc1,CO,315.38,-1.144536591699632,0.020236563180700152,3,0.0317389029414882
O=[N+]([O-])/N=C1\NCCN1Cc1ccc(Cl)nc1,CO,318.15,-1.092635642547884,0.017173388544430603,3,0.0317389029414882
O=[N+]([O-])/N=C1\NCCN1Cc1ccc(Cl)nc1,CO,320.59,-1.0469855384355116,0.01496752047484129,3,0.0317389029414882
O=[N+]([O-])/N=C1\NCCN1Cc1ccc(Cl)nc1,CO,323.15,-0.9991623237455173,0.01381406547739866,3,0.0317389029414882
O=[N+]([O-])/N=C1\NCCN1Cc1ccc(Cl)nc1,CO,323.37,-0.9909346420137553,0.016694835544428334,2,0.0317389029414882
O=[N+]([O-])/N=C1\NCCN1Cc1ccc(Cl)nc1,CO,328.11,-0.8976700570569491,0.012,2,0.0317389029414882
O=[N+]([O-])/N=C1\NCCN1Cc1ccc(Cl)nc1,CO,328.15,-0.8968804526108016,0.012,2,0.0317389029414882
O=[N+]([O-])/N=C1\NCCN1Cc1ccc(Cl)nc1,CO,330.75,-0.8454699968888022,0.012,2,0.0317389029414882
O=[N+]([O-])/N=C1\NCCN1Cc1ccc(Cl)nc1,CO,333.15,-0.7978701964209094,0.012,2,0.0317389029414882
O=[N+]([O-])/N=C1\NCCN1Cc1ccc(Cl)nc1,CO,333.34,-0.7950098530471337,,1,0.0317389029414882
O=[N+]([O-])/N=C1\NCCN1Cc1ccc(Cl)nc1,O,283.15,-3.422601169034217,,1,0.0124509616968467
O=[N+]([O-])/N=C1\NCCN1Cc1ccc(Cl)nc1,O,288.15,-3.27144076979633,,1,0.0124509616968467
O=[N+]([O-])/N=C1\NCCN1Cc1ccc(Cl)nc1,O,293.15,-3.125596382914574,,1,0.0124509616968467
O=[N+]([O-])/N=C1\NCCN1Cc1ccc(Cl)nc1,O,298.15,-2.984797881827695,,1,0.0124509616968467
O=[N+]([O-])/N=C1\NCCN1Cc1ccc(Cl)nc1,O,302.76,-2.843649573295985,0.022040533926405502,2,0.0124509616968467
O=[N+]([O-])/N=C1\NCCN1Cc1ccc(Cl)nc1,O,303.15,-2.833875905593197,0.021096027360494665,2,0.0124509616968467
O=[N+]([O-])/N=C1\NCCN1Cc1ccc(Cl)nc1,O,308.15,-2.7093481763902707,0.012,2,0.0124509616968467
O=[N+]([O-])/N=C1\NCCN1Cc1ccc(Cl)nc1,O,308.62,-2.6977160222643537,0.012,2,0.0124509616968467
O=[N+]([O-])/N=C1\NCCN1Cc1ccc(Cl)nc1,O,313.15,-2.5862408342088448,0.012,2,0.0124509616968467
O=[N+]([O-])/N=C1\NCCN1Cc1ccc(Cl)nc1,O,314.75,-2.5471420834723206,0.012,2,0.0124509616968467
O=[N+]([O-])/N=C1\NCCN1Cc1ccc(Cl)nc1,O,318.15,-2.4645270880212924,0.012,2,0.0124509616968467
O=[N+]([O-])/N=C1\NCCN1Cc1ccc(Cl)nc1,O,323.15,-2.3441805614755653,0.012,2,0.0124509616968467
O=[N+]([O-])/N=C1\NCCN1Cc1ccc(Cl)nc1,O,324.15,-2.315683230951322,,1,0.0124509616968467
O=[N+]([O-])/N=C1\NCCN1Cc1ccc(Cl)nc1,O,329.34,-2.188070393873005,,1,0.0124509616968467
O=[N+]([O-])/N=C1\NCCN1Cc1ccc(Cl)nc1,O,330.75,-2.1532235547471004,,1,0.0124509616968467
O=[N+]([O-])/N=C1\NCCN1Cc1ccc(Cl)nc1,O,334.52,-2.0597094825705256,,1,0.0124509616968467
O=[N+]([O-])/N=C1\NCCN1Cc1ccc(Cl)nc1,O,340.44,-1.9119498986771077,,1,0.0124509616968467
O=[N+]([O-])/N=C1\NCCN1Cc1ccc(Cl)nc1,O,344.57,-1.8082813466972851,,1,0.0124509616968467
O=[N+]([O-])/N=C1\NCCN1Cc1ccc(Cl)nc1,O,346.87,-1.7503620466341943,,1,0.0124509616968467
O=[N+]([O-])/N=C1\NCCN1Cc1ccc(Cl)nc1,O,348.94,-1.6981298020444342,,1,0.0124509616968467
O=[N+]([O-])N1C2C3N([N+](=O)[O-])C1C1N([N+](=O)[O-])C(C(N1[N+](=O)[O-])N3[N+](=O)[O-])N2[N+](=O)[O-],CCOC(C)=O,278.15,0.06986516470544091,,1,0.024233865515138
O=[N+]([O-])N1C2C3N([N+](=O)[O-])C1C1N([N+](=O)[O-])C(C(N1[N+](=O)[O-])N3[N+](=O)[O-])N2[N+](=O)[O-],CCOC(C)=O,283.15,0.05754260702661407,0.012,2,0.024233865515138
O=[N+]([O-])N1C2C3N([N+](=O)[O-])C1C1N([N+](=O)[O-])C(C(N1[N+](=O)[O-])N3[N+](=O)[O-])N2[N+](=O)[O-],CCOC(C)=O,288.15,0.04926000793668983,0.012,2,0.024233865515138
O=[N+]([O-])N1C2C3N([N+](=O)[O-])C1C1N([N+](=O)[O-])C(C(N1[N+](=O)[O-])N3[N+](=O)[O-])N2[N+](=O)[O-],CCOC(C)=O,293.15,0.0412411498147125,0.012,2,0.024233865515138
O=[N+]([O-])N1C2C3N([N+](=O)[O-])C1C1N([N+](=O)[O-])C(C(N1[N+](=O)[O-])N3[N+](=O)[O-])N2[N+](=O)[O-],CCOC(C)=O,298.15,0.03347307904481611,0.015732585036379376,2,0.024233865515138
O=[N+]([O-])N1C2C3N([N+](=O)[O-])C1C1N([N+](=O)[O-])C(C(N1[N+](=O)[O-])N3[N+](=O)[O-])N2[N+](=O)[O-],CCOC(C)=O,303.15,0.025943686211345574,0.020007712190000033,2,0.024233865515138
O=[N+]([O-])N1C2C3N([N+](=O)[O-])C1C1N([N+](=O)[O-])C(C(N1[N+](=O)[O-])N3[N+](=O)[O-])N2[N+](=O)[O-],CCOC(C)=O,308.15,0.018641638115850068,0.023933294722523413,2,0.024233865515138
O=[N+]([O-])N1C2C3N([N+](=O)[O-])C1C1N([N+](=O)[O-])C(C(N1[N+](=O)[O-])N3[N+](=O)[O-])N2[N+](=O)[O-],CCOC(C)=O,313.15,0.011556316274551115,0.02752944219608865,2,0.024233865515138
O=[N+]([O-])N1C2C3N([N+](=O)[O-])C1C1N([N+](=O)[O-])C(C(N1[N+](=O)[O-])N3[N+](=O)[O-])N2[N+](=O)[O-],CCOC(C)=O,318.15,0.004677761185902574,0.030814894196192724,2,0.024233865515138
O=[N+]([O-])N1C2C3N([N+](=O)[O-])C1C1N([N+](=O)[O-])C(C(N1[N+](=O)[O-])N3[N+](=O)[O-])N2[N+](=O)[O-],CCOC(C)=O,323.15,0.021901873491200874,,1,0.024233865515138
O=[N+]([O-])N1C2C3N([N+](=O)[O-])C1C1N([N+](=O)[O-])C(C(N1[N+](=O)[O-])N3[N+](=O)[O-])N2[N+](=O)[O-],CCOC(C)=O,328.15,0.01732939913460152,,1,0.024233865515138
O=[N+]([O-])N1C2C3N([N+](=O)[O-])C1C1N([N+](=O)[O-])C(C(N1[N+](=O)[O-])N3[N+](=O)[O-])N2[N+](=O)[O-],CCOC(C)=O,333.15,0.012752277119982836,,1,0.024233865515138
O=[N+]([O-])N1CN([N+](=O)[O-])CN([N+](=O)[O-])CN([N+](=O)[O-])C1,CC(C)=O,283.15,-1.2035976319280124,,1,0.0322266402405566
O=[N+]([O-])N1CN([N+](=O)[O-])CN([N+](=O)[O-])CN([N+](=O)[O-])C1,CC(C)=O,288.15,-1.1795558052703257,,1,0.0322266402405566
O=[N+]([O-])N1CN([N+](=O)[O-])CN([N+](=O)[O-])CN([N+](=O)[O-])C1,CC(C)=O,293.15,-1.1832672877957968,0.041301696742102476,2,0.0322266402405566
O=[N+]([O-])N1CN([N+](=O)[O-])CN([N+](=O)[O-])CN([N+](=O)[O-])C1,CC(C)=O,298.15,-1.1551032231168215,0.023479049587790166,4,0.0322266402405566
O=[N+]([O-])N1CN([N+](=O)[O-])CN([N+](=O)[O-])CN([N+](=O)[O-])C1,CC(C)=O,303.15,-1.1264067435101204,0.025045356787260272,4,0.0322266402405566
O=[N+]([O-])N1CN([N+](=O)[O-])CN([N+](=O)[O-])CN([N+](=O)[O-])C1,CC(C)=O,308.15,-1.096419373834559,0.027490578377943255,4,0.0322266402405566
O=[N+]([O-])N1CN([N+](=O)[O-])CN([N+](=O)[O-])CN([N+](=O)[O-])C1,CC(C)=O,313.15,-1.065238431785854,0.031278542240241444,4,0.0322266402405566
O=[N+]([O-])N1CN([N+](=O)[O-])CN([N+](=O)[O-])CN([N+](=O)[O-])C1,CC(C)=O,318.15,-1.0142414930715258,0.012,3,0.0322266402405566
O=[N+]([O-])N1CN([N+](=O)[O-])CN([N+](=O)[O-])CN([N+](=O)[O-])C1,CC(C)=O,323.15,-0.976639851704924,0.023198823944902466,2,0.0322266402405566
O=[N+]([O-])N1CN([N+](=O)[O-])CN([N+](=O)[O-])CN([N+](=O)[O-])C1,CC(C)=O,328.15,-0.9660877677480322,,1,0.0322266402405566
O=[N+]([O-])N1CN([N+](=O)[O-])CN([N+](=O)[O-])CN([N+](=O)[O-])C1,CC(C)=O,333.15,-0.940522219906665,,1,0.0322266402405566
O=[N+]([O-])N1CN([N+](=O)[O-])CN([N+](=O)[O-])CN([N+](=O)[O-])C1,CN1CCCC1=O,273.0,-0.6159750212876389,,1,0.0399038239311985
O=[N+]([O-])N1CN([N+](=O)[O-])CN([N+](=O)[O-])CN([N+](=O)[O-])C1,CN1CCCC1=O,288.0,-0.38623991763385135,,1,0.0399038239311985
O=[N+]([O-])N1CN([N+](=O)[O-])CN([N+](=O)[O-])CN([N+](=O)[O-])C1,CN1CCCC1=O,298.15,-0.216445938738838,0.0601792331255722,2,0.0399038239311985
O=[N+]([O-])N1CN([N+](=O)[O-])CN([N+](=O)[O-])CN([N+](=O)[O-])C1,CN1CCCC1=O,303.0,-0.17897303283727695,0.03723183728360754,2,0.0399038239311985
O=[N+]([O-])N1CN([N+](=O)[O-])CN([N+](=O)[O-])CN([N+](=O)[O-])C1,CN1CCCC1=O,303.15,-0.17784332773030442,0.036578103184881215,2,0.0399038239311985
O=[N+]([O-])N1CN([N+](=O)[O-])CN([N+](=O)[O-])CN([N+](=O)[O-])C1,CN1CCCC1=O,308.15,-0.14115443184029175,0.01663019271271761,2,0.0399038239311985
O=[N+]([O-])N1CN([N+](=O)[O-])CN([N+](=O)[O-])CN([N+](=O)[O-])C1,CN1CCCC1=O,313.15,-0.10627702853109433,0.012,2,0.0399038239311985
O=[N+]([O-])N1CN([N+](=O)[O-])CN([N+](=O)[O-])CN([N+](=O)[O-])C1,CN1CCCC1=O,318.0,-0.07408639343871037,0.012821402524463434,2,0.0399038239311985
O=[N+]([O-])N1CN([N+](=O)[O-])CN([N+](=O)[O-])CN([N+](=O)[O-])C1,CN1CCCC1=O,318.15,-0.07311565312526902,0.013175005204787565,2,0.0399038239311985
O=[N+]([O-])N1CN([N+](=O)[O-])CN([N+](=O)[O-])CN([N+](=O)[O-])C1,CN1CCCC1=O,323.15,-0.04158106059005107,0.023429694507545097,2,0.0399038239311985
O=[N+]([O-])N1CN([N+](=O)[O-])CN([N+](=O)[O-])CN([N+](=O)[O-])C1,CN1CCCC1=O,328.15,-0.011589737465355299,0.030828358605660768,2,0.0399038239311985
O=[N+]([O-])N1CN([N+](=O)[O-])CN([N+](=O)[O-])CN([N+](=O)[O-])C1,CN1CCCC1=O,333.0,0.016101357238309078,0.035434098538094844,2,0.0399038239311985
O=[N+]([O-])N1CN([N+](=O)[O-])CN([N+](=O)[O-])CN([N+](=O)[O-])C1,CN1CCCC1=O,333.15,0.016936541403062222,0.03553776620922651,2,0.0399038239311985
O=[N+]([O-])N1CN([N+](=O)[O-])CN([N+](=O)[O-])CN([N+](=O)[O-])C1,CN1CCCC1=O,338.15,0.044071116026144,0.0377136933139724,2,0.0399038239311985
O=[N+]([O-])N1CN([N+](=O)[O-])CN([N+](=O)[O-])CN([N+](=O)[O-])C1,CN1CCCC1=O,343.15,0.06988280847676798,0.0375017734334567,2,0.0399038239311985
O=[N+]([O-])N1CN([N+](=O)[O-])CN([N+](=O)[O-])CN([N+](=O)[O-])C1,CN1CCCC1=O,348.0,0.09371737209395725,0.035143697776193895,2,0.0399038239311985
O=[N+]([O-])N1CN([N+](=O)[O-])CN([N+](=O)[O-])CN([N+](=O)[O-])C1,CN1CCCC1=O,348.15,0.06966045826192513,,1,0.0399038239311985
O=[N+]([O-])N1CN([N+](=O)[O-])CN([N+](=O)[O-])CN([N+](=O)[O-])C1,CN1CCCC1=O,353.15,0.0962602652392377,,1,0.0399038239311985
O=[N+]([O-])N1CN([N+](=O)[O-])CN([N+](=O)[O-])CN([N+](=O)[O-])C1,CN1CCCC1=O,358.15,0.12313707668913665,,1,0.0399038239311985
O=[N+]([O-])N1CN([N+](=O)[O-])CN([N+](=O)[O-])CN([N+](=O)[O-])C1,CS(C)=O,298.15,0.06711881565050189,0.04893199910573908,3,0.0406627783260417
O=[N+]([O-])N1CN([N+](=O)[O-])CN([N+](=O)[O-])CN([N+](=O)[O-])C1,CS(C)=O,303.15,0.0954628269879249,0.03575264921803413,3,0.0406627783260417
O=[N+]([O-])N1CN([N+](=O)[O-])CN([N+](=O)[O-])CN([N+](=O)[O-])C1,CS(C)=O,308.15,0.12254741530672437,0.023727445816617433,3,0.0406627783260417
O=[N+]([O-])N1CN([N+](=O)[O-])CN([N+](=O)[O-])CN([N+](=O)[O-])C1,CS(C)=O,313.15,0.1484383304070218,0.013545679358980387,3,0.0406627783260417
O=[N+]([O-])N1CN([N+](=O)[O-])CN([N+](=O)[O-])CN([N+](=O)[O-])C1,CS(C)=O,318.15,0.1731970183555395,0.012,3,0.0406627783260417
O=[N+]([O-])N1CN([N+](=O)[O-])CN([N+](=O)[O-])CN([N+](=O)[O-])C1,CS(C)=O,323.15,0.19688096235176408,0.015221501059506292,3,0.0406627783260417
O=[N+]([O-])N1CN([N+](=O)[O-])CN([N+](=O)[O-])CN([N+](=O)[O-])C1,CS(C)=O,328.15,0.2195439919490969,0.02416983218217376,3,0.0406627783260417
O=[N+]([O-])N1CN([N+](=O)[O-])CN([N+](=O)[O-])CN([N+](=O)[O-])C1,CS(C)=O,333.15,0.24123656399178076,0.033451382520916256,3,0.0406627783260417
O=[N+]([O-])N1CN([N+](=O)[O-])CN([N+](=O)[O-])CN([N+](=O)[O-])C1,CS(C)=O,338.15,0.26200601822759717,0.042626280979015,3,0.0406627783260417
O=[N+]([O-])N1CN([N+](=O)[O-])CN([N+](=O)[O-])CN([N+](=O)[O-])C1,CS(C)=O,343.15,0.28189681020846385,0.05161843780953303,3,0.0406627783260417
O=[N+]([O-])N1CN([N+](=O)[O-])CN([N+](=O)[O-])CN([N+](=O)[O-])C1,CS(C)=O,348.15,0.2839588884353472,0.07464617903738135,2,0.0406627783260417
O=[N+]([O-])N1CN([N+](=O)[O-])CN([N+](=O)[O-])CN([N+](=O)[O-])C1,CS(C)=O,353.15,0.301808509251428,0.08793940764699826,2,0.0406627783260417
O=[N+]([O-])N1CN([N+](=O)[O-])CN([N+](=O)[O-])CN([N+](=O)[O-])C1,CS(C)=O,358.15,0.31929151374201226,0.10119870556379441,2,0.0406627783260417
O=[N+]([O-])N1CN([N+](=O)[O-])CN([N+](=O)[O-])CN([N+](=O)[O-])C1,CS(C)=O,368.15,0.2629814781168158,,1,0.0406627783260417
O=[N+]([O-])c1cn[nH]c1,CC#N,278.15,-0.009722599389064612,,1,0.064780017421754
O=[N+]([O-])c1cn[nH]c1,CC#N,280.65,0.0014751617145094542,,1,0.064780017421754
O=[N+]([O-])c1cn[nH]c1,CC#N,283.15,0.013390908789190803,,1,0.064780017421754
O=[N+]([O-])c1cn[nH]c1,CC#N,285.65,0.02599777588636698,,1,0.064780017421754
O=[N+]([O-])c1cn[nH]c1,CC#N,288.15,-0.039642253314745135,0.111598734316425,2,0.064780017421754
O=[N+]([O-])c1cn[nH]c1,CC#N,290.65,-0.012143299724994394,0.0923849343869196,2,0.064780017421754
O=[N+]([O-])c1cn[nH]c1,CC#N,293.15,0.015329088008913416,0.07408092722040932,2,0.064780017421754
O=[N+]([O-])c1cn[nH]c1,CC#N,295.65,0.04277184230154263,0.05665871118954747,2,0.064780017421754
O=[N+]([O-])c1cn[nH]c1,CC#N,298.15,0.07018206120237047,0.04009130639411259,2,0.064780017421754
O=[N+]([O-])c1cn[nH]c1,CC#N,300.65,0.09755699994384304,0.0243527101217046,2,0.064780017421754
O=[N+]([O-])c1cn[nH]c1,CC#N,303.15,0.12489406295937999,0.012,2,0.064780017421754
O=[N+]([O-])c1cn[nH]c1,CC#N,305.65,0.15219079634209942,0.012,2,0.064780017421754
O=[N+]([O-])c1cn[nH]c1,CC#N,308.15,0.17944488071738074,0.018136469632245487,2,0.064780017421754
O=[N+]([O-])c1cn[nH]c1,CC#N,310.65,0.2066541245040916,0.03080175048485857,2,0.064780017421754
O=[N+]([O-])c1cn[nH]c1,CC#N,313.15,0.23381645754085523,0.04275498560870627,2,0.064780017421754
O=[N+]([O-])c1cn[nH]c1,CC#N,315.65,0.2609299250556014,0.0540171315214469,2,0.064780017421754
O=[N+]([O-])c1cn[nH]c1,CC#N,318.15,0.2879926819577734,0.06460842257948801,2,0.064780017421754
O=[N+]([O-])c1cn[nH]c1,CC#N,323.15,0.40125430587441224,,1,0.064780017421754
O=[N+]([O-])c1cn[nH]c1,CC#N,328.15,0.4668707644716499,,1,0.064780017421754
O=[N+]([O-])c1cn[nH]c1,O,278.15,-0.9386275210511599,,1,0.0490867997239565
O=[N+]([O-])c1cn[nH]c1,O,280.65,-0.9135590883055613,,1,0.0490867997239565
O=[N+]([O-])c1cn[nH]c1,O,283.15,-0.8866623868272256,,1,0.0490867997239565
O=[N+]([O-])c1cn[nH]c1,O,285.65,-0.858005295180476,,1,0.0490867997239565
O=[N+]([O-])c1cn[nH]c1,O,288.15,-0.8729101562765731,0.0640032964142717,2,0.0490867997239565
O=[N+]([O-])c1cn[nH]c1,O,290.65,-0.827799176601097,0.04544023562301361,2,0.0490867997239565
O=[N+]([O-])c1cn[nH]c1,O,293.15,-0.7823250671243329,0.028587432219403342,2,0.0490867997239565
O=[N+]([O-])c1cn[nH]c1,O,295.65,-0.7365066166575094,0.013389715817977753,2,0.0490867997239565
O=[N+]([O-])c1cn[nH]c1,O,298.15,-0.6903618232193125,0.012,2,0.0490867997239565
O=[N+]([O-])c1cn[nH]c1,O,300.65,-0.643907930921082,0.012250987282463167,2,0.0490867997239565
O=[N+]([O-])c1cn[nH]c1,O,303.15,-0.5971614648948744,0.022794430140781453,2,0.0490867997239565
O=[N+]([O-])c1cn[nH]c1,O,305.65,-0.5501382643815766,0.03188386489092694,2,0.0490867997239565
O=[N+]([O-])c1cn[nH]c1,O,308.15,-0.502853514088959,0.03956507755739712,2,0.0490867997239565
O=[N+]([O-])c1cn[nH]c1,O,310.65,-0.45532177392161266,0.04588221293477432,2,0.0490867997239565
O=[N+]([O-])c1cn[nH]c1,O,313.15,-0.4075570071785659,0.05087784410897174,2,0.0490867997239565
O=[N+]([O-])c1cn[nH]c1,O,315.65,-0.35957260730775253,0.05459303854781859,2,0.0490867997239565
O=[N+]([O-])c1cn[nH]c1,O,318.15,-0.31138142330059715,0.05706742095441733,2,0.0490867997239565
O=[N+]([O-])c1cn[nH]c1,O,323.15,-0.1731003880346922,,1,0.0490867997239565
O=[N+]([O-])c1cn[nH]c1,O,328.15,-0.07768359919520407,,1,0.0490867997239565
O=[N+]([O-])c1nonc1-c1no[n+]([O-])c1-c1nonc1[N+](=O)[O-],CCO,298.15,-1.0194055164580078,0.23315816947641618,2,0.1667605700927792
O=[N+]([O-])c1nonc1-c1no[n+]([O-])c1-c1nonc1[N+](=O)[O-],CCO,303.15,-0.9103377757538169,0.16339030420646866,2,0.1667605700927792
O=[N+]([O-])c1nonc1-c1no[n+]([O-])c1-c1nonc1[N+](=O)[O-],CCO,308.15,-0.8062009923970095,0.1080087363999687,2,0.1667605700927792
O=[N+]([O-])c1nonc1-c1no[n+]([O-])c1-c1nonc1[N+](=O)[O-],CCO,313.15,-0.706736751636285,0.06613078723115472,2,0.1667605700927792
O=[N+]([O-])c1nonc1-c1no[n+]([O-])c1-c1nonc1[N+](=O)[O-],CCO,318.15,-0.6117035820635408,0.036935351114294496,2,0.1667605700927792
O=[N+]([O-])c1nonc1-c1no[n+]([O-])c1-c1nonc1[N+](=O)[O-],CCO,323.15,-0.5069754135756455,,1,0.1667605700927792
O=[N+]([O-])c1nonc1-c1no[n+]([O-])c1-c1nonc1[N+](=O)[O-],CCO,328.15,-0.42443483764103007,,1,0.1667605700927792
O=[N+]([O-])c1nonc1-c1no[n+]([O-])c1-c1nonc1[N+](=O)[O-],CCO,333.15,-0.33823648631874903,,1,0.1667605700927792
O=[N+]([O-])c1nonc1-c1no[n+]([O-])c1-c1nonc1[N+](=O)[O-],CCO,338.15,-0.24863334121062053,,1,0.1667605700927792
O=[N+]([O-])c1nonc1-c1no[n+]([O-])c1-c1nonc1[N+](=O)[O-],CO,298.15,-0.41101614420759347,0.04225299143076203,2,0.0572055360462752
O=[N+]([O-])c1nonc1-c1no[n+]([O-])c1-c1nonc1[N+](=O)[O-],CO,303.15,-0.35638529536156227,0.030696989563557174,2,0.0572055360462752
O=[N+]([O-])c1nonc1-c1no[n+]([O-])c1-c1nonc1[N+](=O)[O-],CO,308.15,-0.30495144110568617,0.03177037214699489,2,0.0572055360462752
O=[N+]([O-])c1nonc1-c1no[n+]([O-])c1-c1nonc1[N+](=O)[O-],CO,313.15,-0.256538703443141,0.04467250673561946,2,0.0572055360462752
O=[N+]([O-])c1nonc1-c1no[n+]([O-])c1-c1nonc1[N+](=O)[O-],CO,318.15,-0.21098297554542,0.06865924274906414,2,0.0572055360462752
O=[N+]([O-])c1nonc1-c1no[n+]([O-])c1-c1nonc1[N+](=O)[O-],CO,323.15,-0.09527192818427466,,1,0.0572055360462752
O=[N+]([O-])c1nonc1-c1no[n+]([O-])c1-c1nonc1[N+](=O)[O-],CO,328.15,-0.023778148067975735,,1,0.0572055360462752
O=[N+]([O-])c1nonc1-c1no[n+]([O-])c1-c1nonc1[N+](=O)[O-],CO,333.15,0.051756984486843294,,1,0.0572055360462752
O=[N+]([O-])c1nonc1-c1no[n+]([O-])c1-c1nonc1[N+](=O)[O-],CO,338.15,0.13106270396747277,,1,0.0572055360462752
O=c1[nH]cc(F)c(=O)[nH]1,CC(C)O,282.1,-1.9499591876694637,,1,0.1622447715318782
O=c1[nH]cc(F)c(=O)[nH]1,CC(C)O,283.15,-2.0366953586998733,0.14099629480472206,2,0.1622447715318782
O=c1[nH]cc(F)c(=O)[nH]1,CC(C)O,284.6,-2.0186690880550593,0.14093357345595564,2,0.1622447715318782
O=c1[nH]cc(F)c(=O)[nH]1,CC(C)O,286.8,-1.99082878225164,0.1403885798156124,2,0.1622447715318782
O=c1[nH]cc(F)c(=O)[nH]1,CC(C)O,288.15,-1.9734604254217807,0.1397918994185314,2,0.1622447715318782
O=c1[nH]cc(F)c(=O)[nH]1,CC(C)O,293.15,-1.907334842594004,0.1359122968197588,2,0.1622447715318782
O=c1[nH]cc(F)c(=O)[nH]1,CC(C)O,294.9,-1.883551110464623,0.13395617136078553,2,0.1622447715318782
O=c1[nH]cc(F)c(=O)[nH]1,CC(C)O,298.15,-1.8385486987048054,0.12953763423620543,2,0.1622447715318782
O=c1[nH]cc(F)c(=O)[nH]1,CC(C)O,301.3,-1.7939435403854844,0.12431609221864168,2,0.1622447715318782
O=c1[nH]cc(F)c(=O)[nH]1,CC(C)O,302.4,-1.7781475157062268,0.12228233833221683,2,0.1622447715318782
O=c1[nH]cc(F)c(=O)[nH]1,CC(C)O,303.15,-1.7673141093483835,0.12083467087442723,2,0.1622447715318782
O=c1[nH]cc(F)c(=O)[nH]1,CC(C)O,308.0,-1.6960624450029904,0.11031447193239723,2,0.1622447715318782
O=c1[nH]cc(F)c(=O)[nH]1,CC(C)O,308.15,-1.6938268113376616,0.10995793725657234,2,0.1622447715318782
O=c1[nH]cc(F)c(=O)[nH]1,CC(C)O,311.6,-1.6419022177457592,0.10126093995409993,2,0.1622447715318782
O=c1[nH]cc(F)c(=O)[nH]1,CC(C)O,313.15,-1.6182675954131724,0.09705077881765965,2,0.1622447715318782
O=c1[nH]cc(F)c(=O)[nH]1,CC(C)O,316.2,-1.5712309935274362,0.08823763529480234,2,0.1622447715318782
O=c1[nH]cc(F)c(=O)[nH]1,CC(C)O,318.0,-1.5431537239018276,0.08271683346853867,2,0.1622447715318782
O=c1[nH]cc(F)c(=O)[nH]1,CC(C)O,318.15,-1.540803595986823,0.08224629686272282,2,0.1622447715318782
O=c1[nH]cc(F)c(=O)[nH]1,CC(C)O,323.0,-1.4639899479461427,0.06619022769212023,2,0.1622447715318782
O=c1[nH]cc(F)c(=O)[nH]1,CC(C)O,323.15,-1.461589454013815,0.06566819832868856,2,0.1622447715318782
O=c1[nH]cc(F)c(=O)[nH]1,CC(C)O,327.5,-1.3560820452622337,,1,0.1622447715318782
O=c1[nH]cc(F)c(=O)[nH]1,CC(C)O,330.0,-1.321998127077265,,1,0.1622447715318782
O=c1[nH]cc(F)c(=O)[nH]1,CCCCO,280.1,-2.1914387016198162,,1,0.1447374143203097
O=c1[nH]cc(F)c(=O)[nH]1,CCCCO,283.0,-2.151466022036807,,1,0.1447374143203097
O=c1[nH]cc(F)c(=O)[nH]1,CCCCO,283.15,-2.0520196642953934,0.13771271899206952,2,0.1447374143203097
O=c1[nH]cc(F)c(=O)[nH]1,CCCCO,287.8,-1.9966665814000137,0.12523131241667163,2,0.1447374143203097
O=c1[nH]cc(F)c(=O)[nH]1,CCCCO,288.15,-1.992440557741439,0.12437182849630124,2,0.1447374143203097
O=c1[nH]cc(F)c(=O)[nH]1,CCCCO,293.15,-1.9312107250242505,0.1132632804601635,2,0.1447374143203097
O=c1[nH]cc(F)c(=O)[nH]1,CCCCO,298.15,-1.868474986554837,0.10424495755694646,2,0.1447374143203097
O=c1[nH]cc(F)c(=O)[nH]1,CCCCO,299.5,-1.851295691235613,0.1021510553547696,2,0.1447374143203097
O=c1[nH]cc(F)c(=O)[nH]1,CCCCO,303.15,-1.8043665704094103,0.09718510190396187,2,0.1447374143203097
O=c1[nH]cc(F)c(=O)[nH]1,CCCCO,303.4,-1.8011273597499589,0.09688128716801381,2,0.1447374143203097
O=c1[nH]cc(F)c(=O)[nH]1,CCCCO,306.3,-1.7633290965823747,0.09368755398505953,2,0.1447374143203097
O=c1[nH]cc(F)c(=O)[nH]1,CCCCO,308.15,-1.7390081520291183,0.0919614267292007,2,0.1447374143203097
O=c1[nH]cc(F)c(=O)[nH]1,CCCCO,313.15,-1.6725127879772757,0.08846031619969717,2,0.1447374143203097
O=c1[nH]cc(F)c(=O)[nH]1,CCCCO,314.8,-1.650337823971892,0.0876647425463469,2,0.1447374143203097
O=c1[nH]cc(F)c(=O)[nH]1,CCCCO,318.15,-1.6049847559074593,0.08657610347207506,2,0.1447374143203097
O=c1[nH]cc(F)c(=O)[nH]1,CCCCO,323.15,-1.5365203113443968,0.08621041827914266,2,0.1447374143203097
O=c1[nH]cc(F)c(=O)[nH]1,CCCCO,325.8,-1.5611211063847463,,1,0.1447374143203097
O=c1[nH]cc(F)c(=O)[nH]1,CCCCO,327.0,-1.5446724023076044,,1,0.1447374143203097
O=c1[nH]cc(F)c(=O)[nH]1,CCCCO,331.5,-1.4830836910609122,,1,0.1447374143203097
O=c1[nH]cc(F)c(=O)[nH]1,CCO,281.1,-1.7506877249081043,,1,0.134182076114112
O=c1[nH]cc(F)c(=O)[nH]1,CCO,283.15,-1.5906330635244252,0.19207790326116525,2,0.134182076114112
O=c1[nH]cc(F)c(=O)[nH]1,CCO,286.9,-1.553667728627289,0.18176640622141027,2,0.134182076114112
O=c1[nH]cc(F)c(=O)[nH]1,CCO,288.15,-1.5413222245268159,0.17839556737606016,2,0.134182076114112
O=c1[nH]cc(F)c(=O)[nH]1,CCO,291.2,-1.511155370046552,0.17030592424532645,2,0.134182076114112
O=c1[nH]cc(F)c(=O)[nH]1,CCO,293.15,-1.4524388018392334,0.13530696328781067,3,0.134182076114112
O=c1[nH]cc(F)c(=O)[nH]1,CCO,297.7,-1.407898156660482,0.1277661755369767,3,0.134182076114112
O=c1[nH]cc(F)c(=O)[nH]1,CCO,298.15,-1.403526160937231,0.12700314433904095,3,0.134182076114112
O=c1[nH]cc(F)c(=O)[nH]1,CCO,303.15,-1.3553417526427243,0.11829880020598883,3,0.134182076114112
O=c1[nH]cc(F)c(=O)[nH]1,CCO,306.2,-1.326297817544308,0.11277737961760333,3,0.134182076114112
O=c1[nH]cc(F)c(=O)[nH]1,CCO,308.15,-1.3078644935605357,0.10916148058549265,3,0.134182076114112
O=c1[nH]cc(F)c(=O)[nH]1,CCO,309.1,-1.2989220765646852,0.10737571175339815,3,0.134182076114112
O=c1[nH]cc(F)c(=O)[nH]1,CCO,313.15,-1.2610741880378715,0.09958859859841829,3,0.134182076114112
O=c1[nH]cc(F)c(=O)[nH]1,CCO,314.8,-1.2457808170426325,0.09633808092857185,3,0.134182076114112
O=c1[nH]cc(F)c(=O)[nH]1,CCO,315.1,-1.2430079613456744,0.09574245094388882,3,0.134182076114112
O=c1[nH]cc(F)c(=O)[nH]1,CCO,318.15,-1.2149514800409502,0.08961071125088196,3,0.134182076114112
O=c1[nH]cc(F)c(=O)[nH]1,CCO,322.8,-1.1726402160760436,0.08003189145839568,3,0.134182076114112
O=c1[nH]cc(F)c(=O)[nH]1,CCO,323.15,-1.169477808159958,0.07930198215968635,3,0.134182076114112
O=c1[nH]cc(F)c(=O)[nH]1,CCO,323.7,-1.2547406447088107,,1,0.134182076114112
O=c1[nH]cc(F)c(=O)[nH]1,CCO,325.6,-1.2330703229391489,,1,0.134182076114112
O=c1[nH]cc(F)c(=O)[nH]1,CCO,329.9,-1.1841884577574362,,1,0.134182076114112
O=c1[nH]cc(F)c(=O)[nH]1,CO,280.0,-1.379574552584046,,1,0.1795477907386605
O=c1[nH]cc(F)c(=O)[nH]1,CO,283.15,-1.2191088226183524,0.1599855419960606,2,0.1795477907386605
O=c1[nH]cc(F)c(=O)[nH]1,CO,287.7,-1.160364026808498,0.1508675998904557,2,0.1795477907386605
O=c1[nH]cc(F)c(=O)[nH]1,CO,288.15,-1.1547243984953681,0.15000501717919104,2,0.1795477907386605
O=c1[nH]cc(F)c(=O)[nH]1,CO,293.15,-1.094044469896053,0.14087600465694372,2,0.1795477907386605
O=c1[nH]cc(F)c(=O)[nH]1,CO,295.8,-1.063313109640081,0.13636514324895918,2,0.1795477907386605
O=c1[nH]cc(F)c(=O)[nH]1,CO,298.15,-1.0368573676370136,0.1325470933740841,2,0.1795477907386605
O=c1[nH]cc(F)c(=O)[nH]1,CO,303.15,-0.9829662217129904,0.12497054684564693,2,0.1795477907386605
O=c1[nH]cc(F)c(=O)[nH]1,CO,306.8,-0.9456010893247999,0.11988912843460027,2,0.1795477907386605
O=c1[nH]cc(F)c(=O)[nH]1,CO,308.15,-0.9321877200192858,0.11810199127396893,2,0.1795477907386605
O=c1[nH]cc(F)c(=O)[nH]1,CO,313.15,-0.8843509885849361,0.11190013442375947,2,0.1795477907386605
O=c1[nH]cc(F)c(=O)[nH]1,CO,318.15,-0.8392965797452234,0.10632651180247363,2,0.1795477907386605
O=c1[nH]cc(F)c(=O)[nH]1,CO,318.4,-0.8371141811600591,0.10606366795702685,2,0.1795477907386605
O=c1[nH]cc(F)c(=O)[nH]1,CO,323.15,-0.7968755563808063,0.10134525712688039,2,0.1795477907386605
O=c1[nH]cc(F)c(=O)[nH]1,CO,326.0,-0.8436526285590062,,1,0.1795477907386605
O=c1[nH]cc(F)c(=O)[nH]1,CO,328.8,-0.8200906387090399,,1,0.1795477907386605
O=c1[nH]cc(F)c(=O)[nH]1,O,280.1,-1.3109456362447531,,1,0.0368481721940205
O=c1[nH]cc(F)c(=O)[nH]1,O,282.5,-1.2743229835334802,,1,0.0368481721940205
O=c1[nH]cc(F)c(=O)[nH]1,O,283.15,-1.2349635177928695,0.04160979653861202,2,0.0368481721940205
O=c1[nH]cc(F)c(=O)[nH]1,O,288.15,-1.1642881166257641,0.03312632396748549,2,0.0368481721940205
O=c1[nH]cc(F)c(=O)[nH]1,O,290.8,-1.1270706515270952,0.028073629257299525,2,0.0368481721940205
O=c1[nH]cc(F)c(=O)[nH]1,O,293.15,-1.0832042998163451,0.02518394054758483,3,0.0368481721940205
O=c1[nH]cc(F)c(=O)[nH]1,O,294.5,-1.06674300131315,0.020793059470920836,3,0.0368481721940205
O=c1[nH]cc(F)c(=O)[nH]1,O,298.15,-1.0220997320639917,0.012,3,0.0368481721940205
O=c1[nH]cc(F)c(=O)[nH]1,O,303.15,-0.960654009522027,0.012,3,0.0368481721940205
O=c1[nH]cc(F)c(=O)[nH]1,O,304.4,-0.9452458086185374,0.012,3,0.0368481721940205
O=c1[nH]cc(F)c(=O)[nH]1,O,308.15,-0.898921983549398,0.021919250545844954,3,0.0368481721940205
O=c1[nH]cc(F)c(=O)[nH]1,O,312.1,-0.8499843649732792,0.032776860395029896,3,0.0368481721940205
O=c1[nH]cc(F)c(=O)[nH]1,O,313.15,-0.8369537808490423,0.03562572907841729,3,0.0368481721940205
O=c1[nH]cc(F)c(=O)[nH]1,O,317.5,-0.7828850931286198,0.047253903462869985,3,0.0368481721940205
O=c1[nH]cc(F)c(=O)[nH]1,O,318.15,-0.7747952323267034,0.04896893659794458,3,0.0368481721940205
O=c1[nH]cc(F)c(=O)[nH]1,O,323.0,-0.7143592525919953,0.0616119089420993,3,0.0368481721940205
O=c1[nH]cc(F)c(=O)[nH]1,O,323.15,-0.7466469014232846,0.026209040689491835,2,0.0368481721940205
O=c1c2ccccc2nc2n1CCc1c-2[nH]c2ccccc12,CC(C)=O,283.15,-2.0218638761826124,,1,0.0156535896223751
O=c1c2ccccc2nc2n1CCc1c-2[nH]c2ccccc12,CC(C)=O,283.2,-2.0058853172913373,0.021717517634972254,2,0.0156535896223751
O=c1c2ccccc2nc2n1CCc1c-2[nH]c2ccccc12,CC(C)=O,288.15,-1.947154567649235,0.018928776776323156,2,0.0156535896223751
O=c1c2ccccc2nc2n1CCc1c-2[nH]c2ccccc12,CC(C)=O,293.15,-1.8900217554527798,0.015410565307344165,2,0.0156535896223751
O=c1c2ccccc2nc2n1CCc1c-2[nH]c2ccccc12,CC(C)=O,293.2,-1.8894611587459953,0.015371991595820395,2,0.0156535896223751
O=c1c2ccccc2nc2n1CCc1c-2[nH]c2ccccc12,CC(C)=O,298.15,-1.8349777242788377,0.012,2,0.0156535896223751
O=c1c2ccccc2nc2n1CCc1c-2[nH]c2ccccc12,CC(C)=O,303.15,-1.7819162742841823,0.012,2,0.0156535896223751
O=c1c2ccccc2nc2n1CCc1c-2[nH]c2ccccc12,CC(C)=O,303.2,-1.7813953305693953,0.012,2,0.0156535896223751
O=c1c2ccccc2nc2n1CCc1c-2[nH]c2ccccc12,CC(C)=O,308.15,-1.7307381907330877,0.012,2,0.0156535896223751
O=c1c2ccccc2nc2n1CCc1c-2[nH]c2ccccc12,CC(C)=O,313.15,-1.6813506819232518,0.012,2,0.0156535896223751
O=c1c2ccccc2nc2n1CCc1c-2[nH]c2ccccc12,CC(C)=O,313.2,-1.6808655505750045,0.012,2,0.0156535896223751
O=c1c2ccccc2nc2n1CCc1c-2[nH]c2ccccc12,CC(C)=O,318.15,-1.6336668703908348,0.012,2,0.0156535896223751
O=c1c2ccccc2nc2n1CCc1c-2[nH]c2ccccc12,CC(C)=O,323.15,-1.5876053316024765,0.018004998738733652,2,0.0156535896223751
O=c1c2ccccc2nc2n1CCc1c-2[nH]c2ccccc12,CC(C)=O,323.2,-1.5999340324770586,,1,0.0156535896223751
O=c1c2ccccc2nc2n1CCc1c-2[nH]c2ccccc12,CC(C)O,283.15,-3.004586875882418,,1,0.0214292982517809
O=c1c2ccccc2nc2n1CCc1c-2[nH]c2ccccc12,CC(C)O,283.2,-2.989044779475802,0.02038728633555588,2,0.0214292982517809
O=c1c2ccccc2nc2n1CCc1c-2[nH]c2ccccc12,CC(C)O,288.15,-2.8879566607685305,0.012,2,0.0214292982517809
O=c1c2ccccc2nc2n1CCc1c-2[nH]c2ccccc12,CC(C)O,293.15,-2.787848498635349,0.012,2,0.0214292982517809
O=c1c2ccccc2nc2n1CCc1c-2[nH]c2ccccc12,CC(C)O,293.2,-2.786857311939821,0.012,2,0.0214292982517809
O=c1c2ccccc2nc2n1CCc1c-2[nH]c2ccccc12,CC(C)O,298.15,-2.6896752049362633,0.012,2,0.0214292982517809
O=c1c2ccccc2nc2n1CCc1c-2[nH]c2ccccc12,CC(C)O,303.15,-2.5933645102504466,0.015694722932293105,2,0.0214292982517809
O=c1c2ccccc2nc2n1CCc1c-2[nH]c2ccccc12,CC(C)O,303.2,-2.592410575052038,0.01574532420007528,2,0.0214292982517809
O=c1c2ccccc2nc2n1CCc1c-2[nH]c2ccccc12,CC(C)O,308.15,-2.4988480739853616,0.01987156971314364,2,0.0214292982517809
O=c1c2ccccc2nc2n1CCc1c-2[nH]c2ccccc12,CC(C)O,313.15,-2.4060612072155356,0.022337823998451835,2,0.0214292982517809
O=c1c2ccccc2nc2n1CCc1c-2[nH]c2ccccc12,CC(C)O,313.2,-2.405141862771553,0.02235421111807158,2,0.0214292982517809
O=c1c2ccccc2nc2n1CCc1c-2[nH]c2ccccc12,CC(C)O,318.15,-2.3149426193617004,0.023198925415101365,2,0.0214292982517809
O=c1c2ccccc2nc2n1CCc1c-2[nH]c2ccccc12,CC(C)O,323.15,-2.2254341863057876,0.02255302063906104,2,0.0214292982517809
O=c1c2ccccc2nc2n1CCc1c-2[nH]c2ccccc12,CC(C)O,323.2,-2.2404847120095113,,1,0.0214292982517809
O=c1c2ccccc2nc2n1CCc1c-2[nH]c2ccccc12,CCO,283.15,-2.6396531961019045,,1,0.1263348773631697
O=c1c2ccccc2nc2n1CCc1c-2[nH]c2ccccc12,CCO,283.2,-2.7044215233547697,0.09273760934556995,2,0.1263348773631697
O=c1c2ccccc2nc2n1CCc1c-2[nH]c2ccccc12,CCO,288.15,-2.6258834344395163,0.0927230556132503,2,0.1263348773631697
O=c1c2ccccc2nc2n1CCc1c-2[nH]c2ccccc12,CCO,293.15,-2.54890656444217,0.09227148060106743,2,0.1263348773631697
O=c1c2ccccc2nc2n1CCc1c-2[nH]c2ccccc12,CCO,293.2,-2.5481483579835533,0.09226484862596065,2,0.1263348773631697
O=c1c2ccccc2nc2n1CCc1c-2[nH]c2ccccc12,CCO,298.15,-2.4741830836362864,0.09141019961357585,2,0.1263348773631697
O=c1c2ccccc2nc2n1CCc1c-2[nH]c2ccccc12,CCO,303.15,-2.4016069107281446,0.09016649303963238,2,0.1263348773631697
O=c1c2ccccc2nc2n1CCc1c-2[nH]c2ccccc12,CCO,303.2,-2.4008916513345087,0.09015221185184168,2,0.1263348773631697
O=c1c2ccccc2nc2n1CCc1c-2[nH]c2ccccc12,CCO,308.15,-2.331078673637347,0.08856564322499261,2,0.1263348773631697
O=c1c2ccccc2nc2n1CCc1c-2[nH]c2ccccc12,CCO,313.15,-2.262505182297651,0.08663110488095531,2,0.1263348773631697
O=c1c2ccccc2nc2n1CCc1c-2[nH]c2ccccc12,CCO,313.2,-2.2618290182902876,0.08661014939508294,2,0.1263348773631697
O=c1c2ccccc2nc2n1CCc1c-2[nH]c2ccccc12,CCO,318.15,-2.195798950640464,0.08438465873912207,2,0.1263348773631697
O=c1c2ccccc2nc2n1CCc1c-2[nH]c2ccccc12,CCO,323.15,-2.1308777624750537,0.0818465503198928,2,0.1263348773631697
O=c1c2ccccc2nc2n1CCc1c-2[nH]c2ccccc12,CCO,323.2,-2.1880926074586142,,1,0.1263348773631697
O=c1c2ccccc2nc2n1CCc1c-2[nH]c2ccccc12,CO,283.15,-2.817979729583051,,1,0.0264807555462465
O=c1c2ccccc2nc2n1CCc1c-2[nH]c2ccccc12,CO,283.2,-2.8023860017784488,0.02091054191888048,2,0.0264807555462465
O=c1c2ccccc2nc2n1CCc1c-2[nH]c2ccccc12,CO,288.15,-2.7378095703661565,0.012,2,0.0264807555462465
O=c1c2ccccc2nc2n1CCc1c-2[nH]c2ccccc12,CO,293.15,-2.671538647825431,0.013413684850411032,2,0.0264807555462465
O=c1c2ccccc2nc2n1CCc1c-2[nH]c2ccccc12,CO,293.2,-2.6708710189198643,0.013533303491974019,2,0.0264807555462465
O=c1c2ccccc2nc2n1CCc1c-2[nH]c2ccccc12,CO,298.15,-2.604327507063431,0.022928718181690504,2,0.0264807555462465
O=c1c2ccccc2nc2n1CCc1c-2[nH]c2ccccc12,CO,303.15,-2.536274843604075,0.027712455301856995,2,0.0264807555462465
O=c1c2ccccc2nc2n1CCc1c-2[nH]c2ccccc12,CO,303.2,-2.5355903802155586,0.02773744011501253,2,0.0264807555462465
O=c1c2ccccc2nc2n1CCc1c-2[nH]c2ccccc12,CO,308.15,-2.4674712539491592,0.028066887395640713,2,0.0264807555462465
O=c1c2ccccc2nc2n1CCc1c-2[nH]c2ccccc12,CO,313.15,-2.3979999632816624,0.02427242892607423,2,0.0264807555462465
O=c1c2ccccc2nc2n1CCc1c-2[nH]c2ccccc12,CO,313.2,-2.397302142667446,0.02421443003336474,2,0.0264807555462465
O=c1c2ccccc2nc2n1CCc1c-2[nH]c2ccccc12,CO,318.15,-2.327937479448914,0.01658972107634921,2,0.0264807555462465
O=c1c2ccccc2nc2n1CCc1c-2[nH]c2ccccc12,CO,323.15,-2.25735418160529,0.012,2,0.0264807555462465
O=c1c2ccccc2nc2n1CCc1c-2[nH]c2ccccc12,CO,323.2,-2.2602736423164345,,1,0.0264807555462465
O=c1cc(-c2ccc(O)c(O)c2)oc2cc(O)cc(O)c12,CCO,273.2,-1.8732125127770303,,1,0.0099054702137823
O=c1cc(-c2ccc(O)c(O)c2)oc2cc(O)cc(O)c12,CCO,283.2,-1.6929047752362294,,1,0.0099054702137823
O=c1cc(-c2ccc(O)c(O)c2)oc2cc(O)cc(O)c12,CCO,293.2,-1.5474197268312224,,1,0.0099054702137823
O=c1cc(-c2ccc(O)c(O)c2)oc2cc(O)cc(O)c12,CCO,298.2,-1.4910071094939639,0.012,2,0.0099054702137823
O=c1cc(-c2ccc(O)c(O)c2)oc2cc(O)cc(O)c12,CCO,303.2,-1.4386252922809177,0.012,2,0.0099054702137823
O=c1cc(-c2ccc(O)c(O)c2)oc2cc(O)cc(O)c12,CCO,308.2,-1.389180896005925,0.012,2,0.0099054702137823
O=c1cc(-c2ccc(O)c(O)c2)oc2cc(O)cc(O)c12,CCO,313.2,-1.3425134770459195,0.012,2,0.0099054702137823
O=c1cc(-c2ccc(O)c(O)c2)oc2cc(O)cc(O)c12,CCO,318.2,-1.2984732973827882,0.016270028659152266,2,0.0099054702137823
O=c1cc(-c2ccc(O)c(O)c2)oc2cc(O)cc(O)c12,CCO,323.2,-1.280831707206417,,1,0.0099054702137823
O=c1cc(-c2ccc(O)cc2)oc2cc(O)cc(O)c12,CCCCO,288.2,-2.2835886449506297,,1,0.0194331737658571
O=c1cc(-c2ccc(O)cc2)oc2cc(O)cc(O)c12,CCCCO,298.2,-2.2072108465787927,0.012,2,0.0194331737658571
O=c1cc(-c2ccc(O)cc2)oc2cc(O)cc(O)c12,CCCCO,303.2,-2.163841792962298,0.012,2,0.0194331737658571
O=c1cc(-c2ccc(O)cc2)oc2cc(O)cc(O)c12,CCCCO,308.2,-2.120622847676559,0.012,2,0.0194331737658571
O=c1cc(-c2ccc(O)cc2)oc2cc(O)cc(O)c12,CCCCO,313.2,-2.077566891473454,0.021322418750213786,2,0.0194331737658571
O=c1cc(-c2ccc(O)cc2)oc2cc(O)cc(O)c12,CCCCO,318.2,-2.0346853646915157,0.03696076865652269,2,0.0194331737658571
O=c1cc(-c2ccc(O)cc2)oc2cc(O)cc(O)c12,CCCCO,328.2,-2.002650371204563,,1,0.0194331737658571
O=c1cc(-c2ccc(O)cc2)oc2cc(O)cc(O)c12,CCO,288.2,-2.37574042733128,,1,0.043324903930546
O=c1cc(-c2ccc(O)cc2)oc2cc(O)cc(O)c12,CCO,298.2,-2.333155537215273,0.047666965041329,2,0.043324903930546
O=c1cc(-c2ccc(O)cc2)oc2cc(O)cc(O)c12,CCO,303.2,-2.274676361577008,0.013016574176170735,2,0.043324903930546
O=c1cc(-c2ccc(O)cc2)oc2cc(O)cc(O)c12,CCO,308.2,-2.222459068688524,0.016405815351552118,2,0.043324903930546
O=c1cc(-c2ccc(O)cc2)oc2cc(O)cc(O)c12,CCO,313.2,-2.1761340788134067,0.040916105294154605,2,0.043324903930546
O=c1cc(-c2ccc(O)cc2)oc2cc(O)cc(O)c12,CCO,318.2,-2.135357231751275,0.0608082825535972,2,0.043324903930546
O=c1cc(-c2ccc(O)cc2)oc2cc(O)cc(O)c12,CCO,328.2,-2.1312809675962434,,1,0.043324903930546
O=c1cc(-c2ccc(O)cc2)oc2cc(O)cc(O)c12,CCOC(C)=O,288.2,-2.7541728159341083,,1,0.0069591204236411
O=c1cc(-c2ccc(O)cc2)oc2cc(O)cc(O)c12,CCOC(C)=O,298.2,-2.612009311354713,0.012,2,0.0069591204236411
O=c1cc(-c2ccc(O)cc2)oc2cc(O)cc(O)c12,CCOC(C)=O,303.2,-2.5456459300013763,0.012,2,0.0069591204236411
O=c1cc(-c2ccc(O)cc2)oc2cc(O)cc(O)c12,CCOC(C)=O,308.2,-2.4819329443864784,0.012,2,0.0069591204236411
O=c1cc(-c2ccc(O)cc2)oc2cc(O)cc(O)c12,CCOC(C)=O,313.2,-2.420735482704214,0.012,2,0.0069591204236411
O=c1cc(-c2ccc(O)cc2)oc2cc(O)cc(O)c12,CCOC(C)=O,318.2,-2.361927399791893,0.0123896480674258,2,0.0069591204236411
O=c1cc(-c2ccc(O)cc2)oc2cc(O)cc(O)c12,CCOC(C)=O,328.2,-2.2683170453933386,,1,0.0069591204236411
O=c1cc(-c2ccc(O)cc2)oc2cc(O)cc(O)c12,CO,288.2,-2.533214068318255,,1,0.0622579341383799
O=c1cc(-c2ccc(O)cc2)oc2cc(O)cc(O)c12,CO,298.2,-2.4493652930019896,0.01214474046232901,2,0.0622579341383799
O=c1cc(-c2ccc(O)cc2)oc2cc(O)cc(O)c12,CO,303.2,-2.3877457276904654,0.015053294876646965,2,0.0622579341383799
O=c1cc(-c2ccc(O)cc2)oc2cc(O)cc(O)c12,CO,308.2,-2.3285473476611074,0.042172795850139354,2,0.0622579341383799
O=c1cc(-c2ccc(O)cc2)oc2cc(O)cc(O)c12,CO,313.2,-2.2716474606807964,0.06920468816506314,2,0.0622579341383799
O=c1cc(-c2ccc(O)cc2)oc2cc(O)cc(O)c12,CO,318.2,-2.2169312978483484,0.09614087131105407,2,0.0622579341383799
O=c1cc(-c2ccc(O)cc2)oc2cc(O)cc(O)c12,CO,328.2,-2.219479493726965,,1,0.0622579341383799
O=c1cc(-c2ccc(O)cc2)oc2cc(O)cc(O)c12,O,288.2,-4.414324729538322,,1,0.0618951290422223
O=c1cc(-c2ccc(O)cc2)oc2cc(O)cc(O)c12,O,298.2,-4.236347813768731,0.012,2,0.0618951290422223
O=c1cc(-c2ccc(O)cc2)oc2cc(O)cc(O)c12,O,303.2,-4.143052463841997,0.012,2,0.0618951290422223
O=c1cc(-c2ccc(O)cc2)oc2cc(O)cc(O)c12,O,308.2,-4.048174736728569,0.036424590872586184,2,0.0618951290422223
O=c1cc(-c2ccc(O)cc2)oc2cc(O)cc(O)c12,O,313.2,-3.9518640101534857,0.07094676043530301,2,0.0618951290422223
O=c1cc(-c2ccc(O)cc2)oc2cc(O)cc(O)c12,O,318.2,-3.854257959819112,0.11394829420059777,2,0.0618951290422223
O=c1cc(-c2ccc(O)cc2)oc2cc(O)cc(O)c12,O,328.2,-3.8135273704024044,,1,0.0618951290422223
O=c1cc(CBr)c2ccccc2[nH]1,CC(C)O,273.15,-2.7383619208441985,,1,0.0107299401324892
O=c1cc(CBr)c2ccccc2[nH]1,CC(C)O,278.15,-2.6905981172663536,0.012,2,0.0107299401324892
O=c1cc(CBr)c2ccccc2[nH]1,CC(C)O,283.15,-2.6350588812373497,0.012,2,0.0107299401324892
O=c1cc(CBr)c2ccccc2[nH]1,CC(C)O,288.15,-2.5812867538876834,0.012,2,0.0107299401324892
O=c1cc(CBr)c2ccccc2[nH]1,CC(C)O,293.15,-2.52919405013019,0.012,2,0.0107299401324892
O=c1cc(CBr)c2ccccc2[nH]1,CC(C)O,298.15,-2.4786988750783285,0.012,2,0.0107299401324892
O=c1cc(CBr)c2ccccc2[nH]1,CC(C)O,303.15,-2.4297246510836787,0.012,2,0.0107299401324892
O=c1cc(CBr)c2ccccc2[nH]1,CC(C)O,308.15,-2.3821996905239677,0.012,2,0.0107299401324892
O=c1cc(CBr)c2ccccc2[nH]1,CC(C)O,313.15,-2.3360568092518514,0.012,2,0.0107299401324892
O=c1cc(CBr)c2ccccc2[nH]1,CC(C)O,318.15,-2.2874497023824176,,1,0.0107299401324892
O=c1cc(CBr)c2ccccc2[nH]1,CCCO,273.15,-2.513723503205668,,1,0.0139444810552148
O=c1cc(CBr)c2ccccc2[nH]1,CCCO,278.15,-2.4839971705364166,0.012,2,0.0139444810552148
O=c1cc(CBr)c2ccccc2[nH]1,CCCO,283.15,-2.447429371478215,0.012,2,0.0139444810552148
O=c1cc(CBr)c2ccccc2[nH]1,CCCO,288.15,-2.40985024850025,0.014379214625876536,2,0.0139444810552148
O=c1cc(CBr)c2ccccc2[nH]1,CCCO,293.15,-2.37135044770341,0.015497027274720167,2,0.0139444810552148
O=c1cc(CBr)c2ccccc2[nH]1,CCCO,298.15,-2.332013229768721,0.013776141061192647,2,0.0139444810552148
O=c1cc(CBr)c2ccccc2[nH]1,CCCO,303.15,-2.2919151435910115,0.012,2,0.0139444810552148
O=c1cc(CBr)c2ccccc2[nH]1,CCCO,308.15,-2.2511266301383754,0.012,2,0.0139444810552148
O=c1cc(CBr)c2ccccc2[nH]1,CCCO,313.15,-2.209712564671018,0.012,2,0.0139444810552148
O=c1cc(CBr)c2ccccc2[nH]1,CCCO,318.15,-2.180431289540798,,1,0.0139444810552148
O=c1cc(CBr)c2ccccc2[nH]1,CCO,273.15,-2.5160070067371265,,1,0.0147011293136671
O=c1cc(CBr)c2ccccc2[nH]1,CCO,278.15,-2.4824438855698467,0.012,2,0.0147011293136671
O=c1cc(CBr)c2ccccc2[nH]1,CCO,283.15,-2.442903881375375,0.012,2,0.0147011293136671
O=c1cc(CBr)c2ccccc2[nH]1,CCO,288.15,-2.402828088850092,0.014404266764941491,2,0.0147011293136671
O=c1cc(CBr)c2ccccc2[nH]1,CCO,293.15,-2.362276469595058,0.015897335139327413,2,0.0147011293136671
O=c1cc(CBr)c2ccccc2[nH]1,CCO,298.15,-2.3213038712009193,0.014789257032761629,2,0.0147011293136671
O=c1cc(CBr)c2ccccc2[nH]1,CCO,303.15,-2.2799605030187258,0.012,2,0.0147011293136671
O=c1cc(CBr)c2ccccc2[nH]1,CCO,308.15,-2.2382923621042665,0.012,2,0.0147011293136671
O=c1cc(CBr)c2ccccc2[nH]1,CCO,313.15,-2.1963416151850694,0.012,2,0.0147011293136671
O=c1cc(CBr)c2ccccc2[nH]1,CCO,318.15,-2.162928716560092,,1,0.0147011293136671
O=c1cc(CBr)c2ccccc2[nH]1,CN1CCCC1=O,273.15,-1.3256258340995468,,1,0.0114198514050979
O=c1cc(CBr)c2ccccc2[nH]1,CN1CCCC1=O,278.15,-1.25151557498724,0.012,2,0.0114198514050979
O=c1cc(CBr)c2ccccc2[nH]1,CN1CCCC1=O,283.15,-1.1876434622951324,0.012,2,0.0114198514050979
O=c1cc(CBr)c2ccccc2[nH]1,CN1CCCC1=O,288.15,-1.125786214116406,0.012,2,0.0114198514050979
O=c1cc(CBr)c2ccccc2[nH]1,CN1CCCC1=O,293.15,-1.0658441748067924,0.012,2,0.0114198514050979
O=c1cc(CBr)c2ccccc2[nH]1,CN1CCCC1=O,298.15,-1.0077242582052708,0.012,2,0.0114198514050979
O=c1cc(CBr)c2ccccc2[nH]1,CN1CCCC1=O,303.15,-0.9513394115793214,0.012,2,0.0114198514050979
O=c1cc(CBr)c2ccccc2[nH]1,CN1CCCC1=O,308.15,-0.8966081313869723,0.013859434874405442,2,0.0114198514050979
O=c1cc(CBr)c2ccccc2[nH]1,CN1CCCC1=O,313.15,-0.8434540250938114,0.015312527946002366,2,0.0114198514050979
O=c1cc(CBr)c2ccccc2[nH]1,CN1CCCC1=O,318.15,-0.8033461151520171,,1,0.0114198514050979
OC(Cn1cncn1)(Cn1cncn1)c1ccc(F)cc1F,CCO,293.15,-0.7306402752450367,,1,0.0612794143254686
OC(Cn1cncn1)(Cn1cncn1)c1ccc(F)cc1F,CCO,298.15,-0.7010255655179201,0.023090853744080514,2,0.0612794143254686
OC(Cn1cncn1)(Cn1cncn1)c1ccc(F)cc1F,CCO,303.15,-0.6217890395444527,0.012,2,0.0612794143254686
OC(Cn1cncn1)(Cn1cncn1)c1ccc(F)cc1F,CCO,308.15,-0.5386233271553316,0.03640869610441956,2,0.0612794143254686
OC(Cn1cncn1)(Cn1cncn1)c1ccc(F)cc1F,CCO,313.15,-0.4518204398967889,0.05574990664406345,2,0.0612794143254686
OC(Cn1cncn1)(Cn1cncn1)c1ccc(F)cc1F,CCO,318.15,-0.36165076936798,0.06871413715369336,2,0.0612794143254686
OC(Cn1cncn1)(Cn1cncn1)c1ccc(F)cc1F,CCO,323.15,-0.2683649113069926,0.07568666492770983,2,0.0612794143254686
OC[C@H]1O[C@@H](Oc2ccc(O)cc2)[C@H](O)[C@@H](O)[C@@H]1O,CC#N,283.15,-2.9897955436140116,0.26192117410728033,2,0.1196738393427939
OC[C@H]1O[C@@H](Oc2ccc(O)cc2)[C@H](O)[C@@H](O)[C@@H]1O,CC#N,288.15,-2.8654447409570736,0.1961570053440788,2,0.1196738393427939
OC[C@H]1O[C@@H](Oc2ccc(O)cc2)[C@H](O)[C@@H](O)[C@@H]1O,CC#N,293.15,-2.748287339547332,0.14100748145851721,2,0.1196738393427939
OC[C@H]1O[C@@H](Oc2ccc(O)cc2)[C@H](O)[C@@H](O)[C@@H]1O,CC#N,298.15,-2.6379119355503455,0.09579817622106049,2,0.1196738393427939
OC[C@H]1O[C@@H](Oc2ccc(O)cc2)[C@H](O)[C@@H](O)[C@@H]1O,CC#N,303.15,-2.533935900219703,0.05990379001841583,2,0.1196738393427939
OC[C@H]1O[C@@H](Oc2ccc(O)cc2)[C@H](O)[C@@H](O)[C@@H]1O,CC#N,308.15,-2.4360029658809346,0.03274393872533056,2,0.1196738393427939
OC[C@H]1O[C@@H](Oc2ccc(O)cc2)[C@H](O)[C@@H](O)[C@@H]1O,CC#N,313.15,-2.3437810482591317,0.013779360411670905,2,0.1196738393427939
OC[C@H]1O[C@@H](Oc2ccc(O)cc2)[C@H](O)[C@@H](O)[C@@H]1O,CC#N,318.15,-2.256960278750917,0.012,2,0.1196738393427939
OC[C@H]1O[C@@H](Oc2ccc(O)cc2)[C@H](O)[C@@H](O)[C@@H]1O,CC#N,323.15,-2.175251223545999,0.012,2,0.1196738393427939
OC[C@H]1O[C@@H](Oc2ccc(O)cc2)[C@H](O)[C@@H](O)[C@@H]1O,CC(C)=O,283.15,-2.052364917060533,0.03691397547376401,2,0.0348314840298629
OC[C@H]1O[C@@H](Oc2ccc(O)cc2)[C@H](O)[C@@H](O)[C@@H]1O,CC(C)=O,288.15,-2.019515168841,0.01453603125825564,2,0.0348314840298629
OC[C@H]1O[C@@H](Oc2ccc(O)cc2)[C@H](O)[C@@H](O)[C@@H]1O,CC(C)=O,293.15,-1.982951660388899,0.012,2,0.0348314840298629
OC[C@H]1O[C@@H](Oc2ccc(O)cc2)[C@H](O)[C@@H](O)[C@@H]1O,CC(C)=O,298.15,-1.9429423120800813,0.01694561518650189,2,0.0348314840298629
OC[C@H]1O[C@@H](Oc2ccc(O)cc2)[C@H](O)[C@@H](O)[C@@H]1O,CC(C)=O,303.15,-1.8997346935553416,0.02660909945434427,2,0.0348314840298629
OC[C@H]1O[C@@H](Oc2ccc(O)cc2)[C@H](O)[C@@H](O)[C@@H]1O,CC(C)=O,308.15,-1.8535578049970205,0.03256062755544504,2,0.0348314840298629
OC[C@H]1O[C@@H](Oc2ccc(O)cc2)[C@H](O)[C@@H](O)[C@@H]1O,CC(C)=O,313.15,-1.8046236794385813,0.03503226924319998,2,0.0348314840298629
OC[C@H]1O[C@@H](Oc2ccc(O)cc2)[C@H](O)[C@@H](O)[C@@H]1O,CC(C)=O,318.15,-1.7531288264490072,0.03423979968568194,2,0.0348314840298629
OC[C@H]1O[C@@H](Oc2ccc(O)cc2)[C@H](O)[C@@H](O)[C@@H]1O,CC(C)=O,323.15,-1.6992555349559524,0.030384039268473516,2,0.0348314840298629
OC[C@H]1O[C@@H](Oc2ccc(O)cc2)[C@H](O)[C@@H](O)[C@@H]1O,CC(C)O,283.15,-2.086313137002951,0.09664820449080744,2,0.0419897065948098
OC[C@H]1O[C@@H](Oc2ccc(O)cc2)[C@H](O)[C@@H](O)[C@@H]1O,CC(C)O,288.15,-2.0136185046655433,0.06826426147291909,2,0.0419897065948098
OC[C@H]1O[C@@H](Oc2ccc(O)cc2)[C@H](O)[C@@H](O)[C@@H]1O,CC(C)O,293.15,-1.9398546102287688,0.04566333332756348,2,0.0419897065948098
OC[C@H]1O[C@@H](Oc2ccc(O)cc2)[C@H](O)[C@@H](O)[C@@H]1O,CC(C)O,298.15,-1.8651347720149318,0.028473723074288367,2,0.0419897065948098
OC[C@H]1O[C@@H](Oc2ccc(O)cc2)[C@H](O)[C@@H](O)[C@@H]1O,CC(C)O,303.15,-1.789562868509925,0.016350920194375704,2,0.0419897065948098
OC[C@H]1O[C@@H](Oc2ccc(O)cc2)[C@H](O)[C@@H](O)[C@@H]1O,CC(C)O,308.15,-1.7132341998204716,0.012,2,0.0419897065948098
OC[C@H]1O[C@@H](Oc2ccc(O)cc2)[C@H](O)[C@@H](O)[C@@H]1O,CC(C)O,313.15,-1.6362362604956204,0.012,2,0.0419897065948098
OC[C@H]1O[C@@H](Oc2ccc(O)cc2)[C@H](O)[C@@H](O)[C@@H]1O,CC(C)O,318.15,-1.5586494339432289,0.012,2,0.0419897065948098
OC[C@H]1O[C@@H](Oc2ccc(O)cc2)[C@H](O)[C@@H](O)[C@@H]1O,CC(C)O,323.15,-1.4805476173614533,0.012464610093894124,2,0.0419897065948098
OC[C@H]1O[C@@H](Oc2ccc(O)cc2)[C@H](O)[C@@H](O)[C@@H]1O,CCCO,283.15,-1.9798042559424545,0.012,2,0.017064089268986
OC[C@H]1O[C@@H](Oc2ccc(O)cc2)[C@H](O)[C@@H](O)[C@@H]1O,CCCO,288.15,-1.921292931102208,0.012,2,0.017064089268986
OC[C@H]1O[C@@H](Oc2ccc(O)cc2)[C@H](O)[C@@H](O)[C@@H]1O,CCCO,293.15,-1.8623940536443904,0.012,2,0.017064089268986
OC[C@H]1O[C@@H](Oc2ccc(O)cc2)[C@H](O)[C@@H](O)[C@@H]1O,CCCO,298.15,-1.8031670969108298,0.012,2,0.017064089268986
OC[C@H]1O[C@@H](Oc2ccc(O)cc2)[C@H](O)[C@@H](O)[C@@H]1O,CCCO,303.15,-1.743666291694229,0.012433042308841713,2,0.017064089268986
OC[C@H]1O[C@@H](Oc2ccc(O)cc2)[C@H](O)[C@@H](O)[C@@H]1O,CCCO,308.15,-1.68394111577339,0.013907111054595323,2,0.017064089268986
OC[C@H]1O[C@@H](Oc2ccc(O)cc2)[C@H](O)[C@@H](O)[C@@H]1O,CCCO,313.15,-1.6240367324487117,0.015258073977635917,2,0.017064089268986
OC[C@H]1O[C@@H](Oc2ccc(O)cc2)[C@H](O)[C@@H](O)[C@@H]1O,CCCO,318.15,-1.5639943840109645,0.016492930253128032,2,0.017064089268986
OC[C@H]1O[C@@H](Oc2ccc(O)cc2)[C@H](O)[C@@H](O)[C@@H]1O,CCCO,323.15,-1.5038517453118203,0.017618208886502628,2,0.017064089268986
OC[C@H]1O[C@@H](Oc2ccc(O)cc2)[C@H](O)[C@@H](O)[C@@H]1O,CCO,283.15,-1.377872566628504,0.035545026624945776,2,0.0238968264932892
OC[C@H]1O[C@@H](Oc2ccc(O)cc2)[C@H](O)[C@@H](O)[C@@H]1O,CCO,288.15,-1.3463384562491143,0.02574613824659317,2,0.0238968264932892
OC[C@H]1O[C@@H](Oc2ccc(O)cc2)[C@H](O)[C@@H](O)[C@@H]1O,CCO,293.15,-1.3096437214792047,0.01850061449367762,2,0.0238968264932892
OC[C@H]1O[C@@H](Oc2ccc(O)cc2)[C@H](O)[C@@H](O)[C@@H]1O,CCO,298.15,-1.2681525884878013,0.013642776787142857,2,0.0238968264932892
OC[C@H]1O[C@@H](Oc2ccc(O)cc2)[C@H](O)[C@@H](O)[C@@H]1O,CCO,303.15,-1.222201803279539,0.012,2,0.0238968264932892
OC[C@H]1O[C@@H](Oc2ccc(O)cc2)[C@H](O)[C@@H](O)[C@@H]1O,CCO,308.15,-1.172103029145994,0.012,2,0.0238968264932892
OC[C@H]1O[C@@H](Oc2ccc(O)cc2)[C@H](O)[C@@H](O)[C@@H]1O,CCO,313.15,-1.1181450037071698,0.012,2,0.0238968264932892
OC[C@H]1O[C@@H](Oc2ccc(O)cc2)[C@H](O)[C@@H](O)[C@@H]1O,CCO,318.15,-1.0605954828344082,0.01517900416884093,2,0.0238968264932892
OC[C@H]1O[C@@H](Oc2ccc(O)cc2)[C@H](O)[C@@H](O)[C@@H]1O,CCO,323.15,-0.9997029952891126,0.02016544841511494,2,0.0238968264932892
OC[C@H]1O[C@@H](Oc2ccc(O)cc2)[C@H](O)[C@@H](O)[C@@H]1O,CO,283.15,-0.5463921648884309,0.012,2,0.0158744997145051
OC[C@H]1O[C@@H](Oc2ccc(O)cc2)[C@H](O)[C@@H](O)[C@@H]1O,CO,288.15,-0.5264475776156985,0.012,2,0.0158744997145051
OC[C@H]1O[C@@H](Oc2ccc(O)cc2)[C@H](O)[C@@H](O)[C@@H]1O,CO,293.15,-0.5016025616844288,0.012,2,0.0158744997145051
OC[C@H]1O[C@@H](Oc2ccc(O)cc2)[C@H](O)[C@@H](O)[C@@H]1O,CO,298.15,-0.472197258213761,0.01392663702402535,2,0.0158744997145051
OC[C@H]1O[C@@H](Oc2ccc(O)cc2)[C@H](O)[C@@H](O)[C@@H]1O,CO,303.15,-0.4385462798723836,0.015201303233687374,2,0.0158744997145051
OC[C@H]1O[C@@H](Oc2ccc(O)cc2)[C@H](O)[C@@H](O)[C@@H]1O,CO,308.15,-0.4009409323287656,0.01506108310650008,2,0.0158744997145051
OC[C@H]1O[C@@H](Oc2ccc(O)cc2)[C@H](O)[C@@H](O)[C@@H]1O,CO,313.15,-0.3596512132805927,0.013595682882008147,2,0.0158744997145051
OC[C@H]1O[C@@H](Oc2ccc(O)cc2)[C@H](O)[C@@H](O)[C@@H]1O,CO,318.15,-0.3149276142868871,0.012,2,0.0158744997145051
OC[C@H]1O[C@@H](Oc2ccc(O)cc2)[C@H](O)[C@@H](O)[C@@H]1O,CO,323.15,-0.26700274743459573,0.012,2,0.0158744997145051
O[C@H]1[C@H](O)[C@@H](O)[C@H](O)[C@@H](O)[C@H]1O,O,278.15,-0.363116409438784,,1,0.0605934286956483
O[C@H]1[C@H](O)[C@@H](O)[C@H](O)[C@@H](O)[C@H]1O,O,283.15,-0.22312715727449683,0.09706199720123915,2,0.0605934286956483
O[C@H]1[C@H](O)[C@@H](O)[C@H](O)[C@@H](O)[C@H]1O,O,288.15,-0.1663125344347205,0.07955843129663816,2,0.0605934286956483
O[C@H]1[C@H](O)[C@@H](O)[C@H](O)[C@@H](O)[C@H]1O,O,293.15,-0.11017456349517651,0.06400994998006122,2,0.0605934286956483
O[C@H]1[C@H](O)[C@@H](O)[C@H](O)[C@@H](O)[C@H]1O,O,298.15,-0.05470035814430263,0.05029541648223577,2,0.0605934286956483
O[C@H]1[C@H](O)[C@@H](O)[C@H](O)[C@@H](O)[C@H]1O,O,303.15,0.00012281574790140581,0.03830243732197713,2,0.0605934286956483
O[C@H]1[C@H](O)[C@@H](O)[C@H](O)[C@@H](O)[C@H]1O,O,308.15,0.05430751849399673,0.027926616385166133,2,0.0605934286956483
O[C@H]1[C@H](O)[C@@H](O)[C@H](O)[C@@H](O)[C@H]1O,O,313.15,0.10786611919681555,0.019070882800525827,2,0.0605934286956483
O[C@H]1[C@H](O)[C@@H](O)[C@H](O)[C@@H](O)[C@H]1O,O,318.15,0.16081078196324006,0.012,2,0.0605934286956483
O[C@H]1[C@H](O)[C@@H](O)[C@H](O)[C@@H](O)[C@H]1O,O,323.15,0.21315345518141804,0.012,2,0.0605934286956483
O[C@H]1[C@H](O)[C@@H](O)[C@H](O)[C@@H](O)[C@H]1O,O,328.15,0.264374799214421,,1,0.0605934286956483
O[C@H]1[C@H](O)[C@@H](O)[C@H](O)[C@@H](O)[C@H]1O,O,333.15,0.31810790978486825,,1,0.0605934286956483
Oc1ccc(/C=C/c2cc(O)cc(O)c2)cc1,CCO,273.2,-0.7446643649204532,,1,0.1881755559185437
Oc1ccc(/C=C/c2cc(O)cc(O)c2)cc1,CCO,278.2,-0.6951817068770509,,1,0.1881755559185437
Oc1ccc(/C=C/c2cc(O)cc(O)c2)cc1,CCO,283.15,-0.5379368452664439,0.15846635135192813,2,0.1881755559185437
Oc1ccc(/C=C/c2cc(O)cc(O)c2)cc1,CCO,283.2,-0.537606588725365,0.15831394169053428,2,0.1881755559185437
Oc1ccc(/C=C/c2cc(O)cc(O)c2)cc1,CCO,288.15,-0.5059823378076769,0.1441892731499951,2,0.1881755559185437
Oc1ccc(/C=C/c2cc(O)cc(O)c2)cc1,CCO,288.2,-0.5056735011104051,0.14405612371030269,2,0.1881755559185437
Oc1ccc(/C=C/c2cc(O)cc(O)c2)cc1,CCO,293.15,-0.4761068330605642,0.13177734955087286,2,0.1881755559185437
Oc1ccc(/C=C/c2cc(O)cc(O)c2)cc1,CCO,293.2,-0.4758181595526578,0.13166224629102705,2,0.1881755559185437
Oc1ccc(/C=C/c2cc(O)cc(O)c2)cc1,CCO,298.15,-0.4481891492690627,0.12111363052490007,2,0.1881755559185437
Oc1ccc(/C=C/c2cc(O)cc(O)c2)cc1,CCO,298.2,-0.44791947153250977,0.12101544803164542,2,0.1881755559185437
Oc1ccc(/C=C/c2cc(O)cc(O)c2)cc1,CCO,303.15,-0.4221166467355749,0.1120896442547645,2,0.1881755559185437
Oc1ccc(/C=C/c2cc(O)cc(O)c2)cc1,CCO,303.2,-0.5010660273333869,,1,0.1881755559185437
Oc1ccc(/C=C/c2cc(O)cc(O)c2)cc1,CCO,308.2,-0.4714686535154655,,1,0.1881755559185437
Oc1ccc(/C=C/c2cc(O)cc(O)c2)cc1,CCO,313.2,-0.44453446858248924,,1,0.1881755559185437
Oc1ccc(/C=C/c2cc(O)cc(O)c2)cc1,CCO,318.2,-0.4201109284812148,,1,0.1881755559185437
Oc1ccc(/C=C/c2cc(O)cc(O)c2)cc1,CCO,323.2,-0.39805576429418466,,1,0.1881755559185437
Oc1ccc(/C=C/c2cc(O)cc(O)c2)cc1,CO,278.2,-0.5629678335206538,,1,0.1753043919256596
Oc1ccc(/C=C/c2cc(O)cc(O)c2)cc1,CO,283.15,-0.4473113880404167,0.13160409075553284,2,0.1753043919256596
Oc1ccc(/C=C/c2cc(O)cc(O)c2)cc1,CO,288.15,-0.42746039606810804,0.12802343649842018,2,0.1753043919256596
Oc1ccc(/C=C/c2cc(O)cc(O)c2)cc1,CO,288.2,-0.42726513517262843,0.1279861380071492,2,0.1753043919256596
Oc1ccc(/C=C/c2cc(O)cc(O)c2)cc1,CO,293.15,-0.4082421657854436,0.12415468445624676,2,0.1753043919256596
Oc1ccc(/C=C/c2cc(O)cc(O)c2)cc1,CO,298.15,-0.38962560745862795,0.12001920936275066,2,0.1753043919256596
Oc1ccc(/C=C/c2cc(O)cc(O)c2)cc1,CO,298.2,-0.38944238037138756,0.119976575738358,2,0.1753043919256596
Oc1ccc(/C=C/c2cc(O)cc(O)c2)cc1,CO,303.15,-0.371581657898421,0.11563674877816399,2,0.1753043919256596
Oc1ccc(/C=C/c2cc(O)cc(O)c2)cc1,CO,308.2,-0.4323843339231672,,1,0.1753043919256596
Oc1ccc(/C=C/c2cc(O)cc(O)c2)cc1,CO,318.2,-0.39197067489146953,,1,0.1753043919256596
Oc1ccc(/C=C/c2cc(O)cc(O)c2)cc1,O,288.15,-4.145356118439517,,1,0.0785849385836146
Oc1ccc(/C=C/c2cc(O)cc(O)c2)cc1,O,293.15,-3.9759598668752565,,1,0.0785849385836146
Oc1ccc(/C=C/c2cc(O)cc(O)c2)cc1,O,293.2,-3.8829281739580424,0.12921310982708406,2,0.0785849385836146
Oc1ccc(/C=C/c2cc(O)cc(O)c2)cc1,O,298.15,-3.754675982803068,0.08156835341794846,2,0.0785849385836146
Oc1ccc(/C=C/c2cc(O)cc(O)c2)cc1,O,303.15,-3.6306435010705194,0.03338293366058001,2,0.0785849385836146
Oc1ccc(/C=C/c2cc(O)cc(O)c2)cc1,O,303.2,-3.6294301736299146,0.03290088012070278,2,0.0785849385836146
Oc1ccc(/C=C/c2cc(O)cc(O)c2)cc1,O,308.15,-3.511864472645555,0.014832650962536484,2,0.0785849385836146
Oc1ccc(/C=C/c2cc(O)cc(O)c2)cc1,O,313.15,-3.398067640086487,0.06305150438474119,2,0.0785849385836146
Oc1ccc(/C=C/c2cc(O)cc(O)c2)cc1,O,313.2,-3.441879016752736,,1,0.0785849385836146
Oc1ccc(/C=C/c2cc(O)cc(O)c2)cc1,O,323.2,-3.2964543356331504,,1,0.0785849385836146
Oc1ccc(OCc2ccccc2)cc1,CCCO,283.15,-0.33428602450149114,0.08766885260018631,2,0.0651558066146462
Oc1ccc(OCc2ccccc2)cc1,CCCO,288.15,-0.2577132846679113,0.07807147260655734,2,0.0651558066146462
Oc1ccc(OCc2ccccc2)cc1,CCCO,293.15,-0.1798424475016862,0.06463333991051118,2,0.0651558066146462
Oc1ccc(OCc2ccccc2)cc1,CCCO,298.15,-0.100804400789416,0.04761759062814838,2,0.0651558066146462
Oc1ccc(OCc2ccccc2)cc1,CCCO,303.15,-0.02071923353341809,0.02726769440240638,2,0.0651558066146462
Oc1ccc(OCc2ccccc2)cc1,CCCO,308.15,0.06030278261175326,0.012,2,0.0651558066146462
Oc1ccc(OCc2ccccc2)cc1,CCCO,313.15,0.1421603126543527,0.022548916561288716,2,0.0651558066146462
Oc1ccc(OCc2ccccc2)cc1,CCCO,318.15,0.18826462603601968,,1,0.0651558066146462
Oc1ccc(OCc2ccccc2)cc1,CCCO,323.15,0.2491843943272798,,1,0.0651558066146462
Oc1ccc(OCc2ccccc2)cc1,CCCO,328.15,0.3090146801915701,,1,0.0651558066146462
Oc1ccc(OCc2ccccc2)cc1,CCO,283.15,-0.14923182767469267,0.13224726621540714,2,0.0959894091400259
Oc1ccc(OCc2ccccc2)cc1,CCO,288.15,-0.0715712658713743,0.1133386232291999,2,0.0959894091400259
Oc1ccc(OCc2ccccc2)cc1,CCO,293.15,0.00603347457406489,0.09252139572813484,2,0.0959894091400259
Oc1ccc(OCc2ccccc2)cc1,CCO,298.15,0.08354170704142572,0.0699344333490065,2,0.0959894091400259
Oc1ccc(OCc2ccccc2)cc1,CCO,303.15,0.16091686414092887,0.04570601229363445,2,0.0959894091400259
Oc1ccc(OCc2ccccc2)cc1,CCO,308.15,0.2381260936587566,0.01995476193764696,2,0.0959894091400259
Oc1ccc(OCc2ccccc2)cc1,CCO,313.15,0.3151398976744222,0.012,2,0.0959894091400259
Oc1ccc(OCc2ccccc2)cc1,CCO,318.15,0.36669868643749837,,1,0.0959894091400259
Oc1ccc(OCc2ccccc2)cc1,CCO,323.15,0.4222492746064468,,1,0.0959894091400259
Oc1ccc(OCc2ccccc2)cc1,CCO,328.15,0.4767344730543748,,1,0.0959894091400259
c1cc2ccc3cccc4ccc(c1)c2c34,CCC(C)(C)C(C)C,293.0,-1.305096379208706,0.07139453098867662,2,0.0264569171725864
c1cc2ccc3cccc4ccc(c1)c2c34,CCC(C)(C)C(C)C,298.0,-1.2505854600051407,0.03165623243229671,2,0.0264569171725864
c1cc2ccc3cccc4ccc(c1)c2c34,CCC(C)(C)C(C)C,303.0,-1.1967753234397804,0.012,2,0.0264569171725864
c1cc2ccc3cccc4ccc(c1)c2c34,CCC(C)(C)C(C)C,308.0,-1.1436496709772968,0.012,2,0.0264569171725864
c1cc2ccc3cccc4ccc(c1)c2c34,CCC(C)(C)C(C)C,313.0,-1.0911926757818406,0.012,2,0.0264569171725864
c1cc2ccc3cccc4ccc(c1)c2c34,CCC(C)(C)C(C)C,318.0,-1.0393889725129242,0.024906971217268623,2,0.0264569171725864
c1cc2ccc3cccc4ccc(c1)c2c34,CCC(C)(C)C(C)C,323.0,-0.9481749596706379,,1,0.0264569171725864
c1cc2ccc3cccc4ccc(c1)c2c34,Cc1ccccc1,293.0,-0.2292357312072113,,1,0.0985376342336399
c1cc2ccc3cccc4ccc(c1)c2c34,Cc1ccccc1,295.35,-0.2072890070390372,0.012,2,0.0985376342336399
c1cc2ccc3cccc4ccc(c1)c2c34,Cc1ccccc1,303.0,-0.10843538363836203,0.0272743980441093,2,0.0985376342336399
c1cc2ccc3cccc4ccc(c1)c2c34,Cc1ccccc1,303.75,-0.09772937196097331,0.030483141513769272,2,0.0985376342336399
c1cc2ccc3cccc4ccc(c1)c2c34,Cc1ccccc1,308.65,-0.023598166217499994,0.05667471676745693,2,0.0985376342336399
c1cc2ccc3cccc4ccc(c1)c2c34,Cc1ccccc1,313.0,0.048016239466310395,0.08719501251898829,2,0.0985376342336399
c1cc2ccc3cccc4ccc(c1)c2c34,Cc1ccccc1,313.55,0.05744208208570001,0.09151992813044355,2,0.0985376342336399
c1cc2ccc3cccc4ccc(c1)c2c34,Cc1ccccc1,318.45,0.14493047140953763,0.1344735524870073,2,0.0985376342336399
c1cc2ccc3cccc4ccc(c1)c2c34,Cc1ccccc1,323.0,0.23156825003641757,0.1811750286918544,2,0.0985376342336399
c1cc2ccc3cccc4ccc(c1)c2c34,Cc1ccccc1,323.35,0.107603905287597,,1,0.0985376342336399
c1cc2ccc3cccc4ccc(c1)c2c34,Cc1ccccc1,328.15,0.16474910644569718,,1,0.0985376342336399
c1ccc(-c2ccc(C(c3ccccc3)n3ccnc3)cc2)cc1,CC(C)O,278.15,-1.8034638816135429,,1,0.1581696879501696
c1ccc(-c2ccc(C(c3ccccc3)n3ccnc3)cc2)cc1,CC(C)O,283.15,-1.6630774184239905,,1,0.1581696879501696
c1ccc(-c2ccc(C(c3ccccc3)n3ccnc3)cc2)cc1,CC(C)O,283.16,-1.7014862716623471,0.05470857503726431,2,0.1581696879501696
c1ccc(-c2ccc(C(c3ccccc3)n3ccnc3)cc2)cc1,CC(C)O,288.14,-1.5847175421782043,0.0806528630373883,2,0.1581696879501696
c1ccc(-c2ccc(C(c3ccccc3)n3ccnc3)cc2)cc1,CC(C)O,288.15,-1.584483653670533,0.0806993439071911,2,0.1581696879501696
c1ccc(-c2ccc(C(c3ccccc3)n3ccnc3)cc2)cc1,CC(C)O,293.15,-1.4678436579199239,0.10124328090603864,2,0.1581696879501696
c1ccc(-c2ccc(C(c3ccccc3)n3ccnc3)cc2)cc1,CC(C)O,298.15,-1.3518283172583294,0.1166369070292651,2,0.1581696879501696
c1ccc(-c2ccc(C(c3ccccc3)n3ccnc3)cc2)cc1,CC(C)O,298.18,-1.3511341591962551,0.11671440023798707,2,0.1581696879501696
c1ccc(-c2ccc(C(c3ccccc3)n3ccnc3)cc2)cc1,CC(C)O,303.15,-1.236460950424684,0.12720865075034002,2,0.1581696879501696
c1ccc(-c2ccc(C(c3ccccc3)n3ccnc3)cc2)cc1,CC(C)O,303.17,-1.2360008099976858,0.12724167162566458,2,0.1581696879501696
c1ccc(-c2ccc(C(c3ccccc3)n3ccnc3)cc2)cc1,CC(C)O,308.13,-1.1222190457892773,0.1332476338739894,2,0.1581696879501696
c1ccc(-c2ccc(C(c3ccccc3)n3ccnc3)cc2)cc1,CC(C)O,308.15,-1.1217616026891817,0.13326323598724601,2,0.1581696879501696
c1ccc(-c2ccc(C(c3ccccc3)n3ccnc3)cc2)cc1,CC(C)O,313.15,-1.0077473915072075,0.1350836889572176,2,0.1581696879501696
c1ccc(-c2ccc(C(c3ccccc3)n3ccnc3)cc2)cc1,CC(C)O,313.16,-1.0075200596942138,0.13508326636377255,2,0.1581696879501696
c1ccc(-c2ccc(C(c3ccccc3)n3ccnc3)cc2)cc1,CC(C)O,318.1,-0.8955624551430976,0.13297349195839217,2,0.1581696879501696
c1ccc(-c2ccc(C(c3ccccc3)n3ccnc3)cc2)cc1,CC(C)O,318.15,-0.8944328142778133,0.1329331485997709,2,0.1581696879501696
c1ccc(-c2ccc(C(c3ccccc3)n3ccnc3)cc2)cc1,CC(C)O,323.14,-0.8719078566048495,,1,0.1581696879501696
c1ccc(-c2ccc(C(c3ccccc3)n3ccnc3)cc2)cc1,CCCO,278.15,-1.7127391923664925,,1,0.1864600289188246
c1ccc(-c2ccc(C(c3ccccc3)n3ccnc3)cc2)cc1,CCCO,283.12,-1.4375697431389804,0.20072335024032903,2,0.1864600289188246
c1ccc(-c2ccc(C(c3ccccc3)n3ccnc3)cc2)cc1,CCCO,283.15,-1.4368851809202337,0.20057308001904747,2,0.1864600289188246
c1ccc(-c2ccc(C(c3ccccc3)n3ccnc3)cc2)cc1,CCCO,288.14,-1.324307725307042,0.176819508860123,2,0.1864600289188246
c1ccc(-c2ccc(C(c3ccccc3)n3ccnc3)cc2)cc1,CCCO,288.15,-1.3240846534298463,0.17677433166074413,2,0.1864600289188246
c1ccc(-c2ccc(C(c3ccccc3)n3ccnc3)cc2)cc1,CCCO,293.15,-1.213782880793663,0.15535022664438028,2,0.1864600289188246
c1ccc(-c2ccc(C(c3ccccc3)n3ccnc3)cc2)cc1,CCCO,298.15,-1.1058767771491724,0.1361550849783844,2,0.1864600289188246
c1ccc(-c2ccc(C(c3ccccc3)n3ccnc3)cc2)cc1,CCCO,298.18,-1.1052363719487435,0.13604636331769024,2,0.1864600289188246
c1ccc(-c2ccc(C(c3ccccc3)n3ccnc3)cc2)cc1,CCCO,303.15,-1.000269311107814,0.11905370250270578,2,0.1864600289188246
c1ccc(-c2ccc(C(c3ccccc3)n3ccnc3)cc2)cc1,CCCO,303.16,-1.0000603373816355,0.11902151217052738,2,0.1864600289188246
c1ccc(-c2ccc(C(c3ccccc3)n3ccnc3)cc2)cc1,CCCO,308.15,-0.8968690509045265,0.10392045889001503,2,0.1864600289188246
c1ccc(-c2ccc(C(c3ccccc3)n3ccnc3)cc2)cc1,CCCO,308.21,-0.895641293737254,0.10375032632123493,2,0.1864600289188246
c1ccc(-c2ccc(C(c3ccccc3)n3ccnc3)cc2)cc1,CCCO,313.15,-0.7955897508004885,0.09063851379063717,2,0.1864600289188246
c1ccc(-c2ccc(C(c3ccccc3)n3ccnc3)cc2)cc1,CCCO,313.16,-0.795389262181474,0.0906137308839968,2,0.1864600289188246
c1ccc(-c2ccc(C(c3ccccc3)n3ccnc3)cc2)cc1,CCCO,318.15,-0.6963499743833736,0.07909908121284966,2,0.1864600289188246
c1ccc(-c2ccc(C(c3ccccc3)n3ccnc3)cc2)cc1,CCCO,318.19,-0.639693077932094,,1,0.1864600289188246
c1ccc(-c2ccc(C(c3ccccc3)n3ccnc3)cc2)cc1,CCCO,323.17,-0.5497809053479656,,1,0.1864600289188246
c1ccc2[nH]c(-c3cscn3)nc2c1,CC#N,283.15,-2.6893626946912352,0.012,2,0.0163238843819201
c1ccc2[nH]c(-c3cscn3)nc2c1,CC#N,288.15,-2.6213580725715957,0.012,2,0.0163238843819201
c1ccc2[nH]c(-c3cscn3)nc2c1,CC#N,293.15,-2.5520706025493034,0.01270353690168787,2,0.0163238843819201
c1ccc2[nH]c(-c3cscn3)nc2c1,CC#N,298.15,-2.481625247450344,0.016985681676650932,2,0.0163238843819201
c1ccc2[nH]c(-c3cscn3)nc2c1,CC#N,303.15,-2.410136732372589,0.01847957999789265,2,0.0163238843819201
c1ccc2[nH]c(-c3cscn3)nc2c1,CC#N,308.15,-2.3377104723195146,0.01736391064058532,2,0.0163238843819201
c1ccc2[nH]c(-c3cscn3)nc2c1,CC#N,313.15,-2.264443404765947,0.013804568827197598,2,0.0163238843819201
c1ccc2[nH]c(-c3cscn3)nc2c1,CC#N,318.15,-2.1904247381018234,0.012,2,0.0163238843819201
c1ccc2[nH]c(-c3cscn3)nc2c1,CC#N,323.15,-2.1157366254993786,0.012,2,0.0163238843819201
c1ccc2[nH]c(-c3cscn3)nc2c1,CC(C)O,283.15,-2.0467756530434578,0.012,2,0.0105785511592768
c1ccc2[nH]c(-c3cscn3)nc2c1,CC(C)O,288.15,-1.9875248100072165,0.012,2,0.0105785511592768
c1ccc2[nH]c(-c3cscn3)nc2c1,CC(C)O,293.15,-1.929169777560368,0.012,2,0.0105785511592768
c1ccc2[nH]c(-c3cscn3)nc2c1,CC(C)O,298.15,-1.8716843616072687,0.012,2,0.0105785511592768
c1ccc2[nH]c(-c3cscn3)nc2c1,CC(C)O,303.15,-1.815043473483092,0.012,2,0.0105785511592768
c1ccc2[nH]c(-c3cscn3)nc2c1,CC(C)O,308.15,-1.7592230705879741,0.012,2,0.0105785511592768
c1ccc2[nH]c(-c3cscn3)nc2c1,CC(C)O,313.15,-1.7042001007718044,0.012,2,0.0105785511592768
c1ccc2[nH]c(-c3cscn3)nc2c1,CC(C)O,318.15,-1.649952450209196,0.012,2,0.0105785511592768
c1ccc2[nH]c(-c3cscn3)nc2c1,CC(C)O,323.15,-1.596458894522348,0.017931813443040307,2,0.0105785511592768
c1ccc2[nH]c(-c3cscn3)nc2c1,CCCO,283.15,-1.7355374722525974,0.012,2,0.0155252840308687
c1ccc2[nH]c(-c3cscn3)nc2c1,CCCO,288.15,-1.6849221371300738,0.012,2,0.0155252840308687
c1ccc2[nH]c(-c3cscn3)nc2c1,CCCO,293.15,-1.634827221688339,0.013681654820423408,2,0.0155252840308687
c1ccc2[nH]c(-c3cscn3)nc2c1,CCCO,298.15,-1.5852467732390032,0.01600782220222746,2,0.0155252840308687
c1ccc2[nH]c(-c3cscn3)nc2c1,CCCO,303.15,-1.536174564402235,0.016302644358732174,2,0.0155252840308687
c1ccc2[nH]c(-c3cscn3)nc2c1,CCCO,308.15,-1.4876041478863973,0.014696720453417429,2,0.0155252840308687
c1ccc2[nH]c(-c3cscn3)nc2c1,CCCO,313.15,-1.4395289039440304,0.012,2,0.0155252840308687
c1ccc2[nH]c(-c3cscn3)nc2c1,CCCO,318.15,-1.3919420814729198,0.012,2,0.0155252840308687
c1ccc2[nH]c(-c3cscn3)nc2c1,CCCO,323.15,-1.3448368335961194,0.012,2,0.0155252840308687
c1ccc2[nH]c(-c3cscn3)nc2c1,CO,283.15,-1.4872956396297488,0.012,2,0.0073757859035092
c1ccc2[nH]c(-c3cscn3)nc2c1,CO,288.15,-1.4432154062556295,0.012,2,0.0073757859035092
c1ccc2[nH]c(-c3cscn3)nc2c1,CO,293.15,-1.399367389438631,0.012,2,0.0073757859035092
c1ccc2[nH]c(-c3cscn3)nc2c1,CO,298.15,-1.3557612308554834,0.012,2,0.0073757859035092
c1ccc2[nH]c(-c3cscn3)nc2c1,CO,303.15,-1.312405232550618,0.012,2,0.0073757859035092
c1ccc2[nH]c(-c3cscn3)nc2c1,CO,308.15,-1.2693064998722696,0.012,2,0.0073757859035092
c1ccc2[nH]c(-c3cscn3)nc2c1,CO,313.15,-1.2264710685270885,0.012,2,0.0073757859035092
c1ccc2[nH]c(-c3cscn3)nc2c1,CO,318.15,-1.1839040176723925,0.012,2,0.0073757859035092
c1ccc2[nH]c(-c3cscn3)nc2c1,CO,323.15,-1.1416095707116503,0.012,2,0.0073757859035092
c1ccc2c(c1)Cc1ccccc1-2,CC(C)=O,278.15,-0.2964829411555314,,1,0.0132488932633536
c1ccc2c(c1)Cc1ccccc1-2,CC(C)=O,283.0,-0.2166737128292624,0.01993414966160494,2,0.0132488932633536
c1ccc2c(c1)Cc1ccccc1-2,CC(C)=O,283.15,-0.21472950447022043,0.019776328166090304,2,0.0132488932633536
c1ccc2c(c1)Cc1ccccc1-2,CC(C)=O,288.0,-0.15114827588721624,0.01468583049646682,2,0.0132488932633536
c1ccc2c(c1)Cc1ccccc1-2,CC(C)=O,288.15,-0.14916035720554532,0.014528783110917296,2,0.0132488932633536
c1ccc2c(c1)Cc1ccccc1-2,CC(C)=O,293.0,-0.0842329098422212,0.012,2,0.0132488932633536
c1ccc2c(c1)Cc1ccccc1-2,CC(C)=O,293.15,-0.08220537003234085,0.012,2,0.0132488932633536
c1ccc2c(c1)Cc1ccccc1-2,CC(C)=O,298.0,-0.01605842735487073,0.012,2,0.0132488932633536
c1ccc2c(c1)Cc1ccccc1-2,CC(C)=O,298.15,-0.013995021297226629,0.012,2,0.0132488932633536
c1ccc2c(c1)Cc1ccccc1-2,CC(C)=O,303.1,0.05465211357212496,0.012,2,0.0132488932633536
c1ccc2c(c1)Cc1ccccc1-2,CC(C)=O,303.15,0.05535082328007945,0.012,2,0.0132488932633536
c1ccc2c(c1)Cc1ccccc1-2,CC(C)=O,308.15,0.12572195202130843,0.012,2,0.0132488932633536
c1ccc2c(c1)Cc1ccccc1-2,CC(C)=O,308.2,0.12643049088514857,0.012,2,0.0132488932633536
c1ccc2c(c1)Cc1ccccc1-2,CC(C)=O,313.0,0.19486556573051672,0.012,2,0.0132488932633536
c1ccc2c(c1)Cc1ccccc1-2,CC(C)=O,313.15,0.19701694677164738,0.012,2,0.0132488932633536
c1ccc2c(c1)Cc1ccccc1-2,CC(C)=O,318.0,0.26696740146790177,0.01621087098796657,2,0.0132488932633536
c1ccc2c(c1)Cc1ccccc1-2,CC(C)=O,318.15,0.26914240917053434,0.016362609743832048,2,0.0132488932633536
c1ccc2c(c1)Cc1ccccc1-2,CC(C)=O,323.0,0.32478770048817296,,1,0.0132488932633536
c1ccc2c(c1)Cc1ccccc1-2,CCCO,278.15,-1.1582925537246247,,1,0.0913186244987998
c1ccc2c(c1)Cc1ccccc1-2,CCCO,283.0,-1.0224056798458645,0.07888952272377248,2,0.0913186244987998
c1ccc2c(c1)Cc1ccccc1-2,CCCO,283.15,-1.019990514982462,0.07883167198739371,2,0.0913186244987998
c1ccc2c(c1)Cc1ccccc1-2,CCCO,288.0,-0.9429231222608077,0.07646934374132654,2,0.0913186244987998
c1ccc2c(c1)Cc1ccccc1-2,CCCO,288.15,-0.9405707281190314,0.07638144007485527,2,0.0913186244987998
c1ccc2c(c1)Cc1ccccc1-2,CCCO,293.0,-0.8654864768630586,0.07308126966998359,2,0.0913186244987998
c1ccc2c(c1)Cc1ccccc1-2,CCCO,293.15,-0.863194012303989,0.07296538012483765,2,0.0913186244987998
c1ccc2c(c1)Cc1ccccc1-2,CCCO,298.15,-0.7877687520241278,0.06864968361287255,2,0.0913186244987998
c1ccc2c(c1)Cc1ccccc1-2,CCCO,298.4,-0.7840471501790625,0.06841140181265044,2,0.0913186244987998
c1ccc2c(c1)Cc1ccccc1-2,CCCO,303.15,-0.7142090074229498,0.06349559443415594,2,0.0913186244987998
c1ccc2c(c1)Cc1ccccc1-2,CCCO,303.2,-0.7134825535863648,0.06344001517349536,2,0.0913186244987998
c1ccc2c(c1)Cc1ccccc1-2,CCCO,308.0,-0.6445620871665176,0.057748772340844225,2,0.0913186244987998
c1ccc2c(c1)Cc1ccccc1-2,CCCO,308.15,-0.6424340717834095,0.05755983856814369,2,0.0913186244987998
c1ccc2c(c1)Cc1ccccc1-2,CCCO,313.0,-0.5744458780658961,0.05110508839903479,2,0.0913186244987998
c1ccc2c(c1)Cc1ccccc1-2,CCCO,313.15,-0.5723680702577673,0.050895010774976136,2,0.0913186244987998
c1ccc2c(c1)Cc1ccccc1-2,CCCO,318.0,-0.5059692760967681,0.043779732256224786,2,0.0913186244987998
c1ccc2c(c1)Cc1ccccc1-2,CCCO,318.15,-0.5039395953970646,0.04354992319267867,2,0.0913186244987998
c1ccc2c(c1)Cc1ccccc1-2,CCCO,323.0,-0.4137376348007722,,1,0.0913186244987998
c1ccc2c(c1)Cc1ccccc1-2,CCO,278.15,-1.183318483150103,,1,0.0153386436027567
c1ccc2c(c1)Cc1ccccc1-2,CCO,278.98,-1.178112338905045,0.012665498171521952,2,0.0153386436027567
c1ccc2c(c1)Cc1ccccc1-2,CCO,283.15,-1.1079222923089094,0.01224181270105522,2,0.0153386436027567
c1ccc2c(c1)Cc1ccccc1-2,CCO,283.99,-1.0939375004292315,0.012022065119661527,2,0.0153386436027567
c1ccc2c(c1)Cc1ccccc1-2,CCO,288.15,-1.0254223851229103,0.012,2,0.0153386436027567
c1ccc2c(c1)Cc1ccccc1-2,CCO,289.01,-1.0114099172868165,0.012,2,0.0153386436027567
c1ccc2c(c1)Cc1ccccc1-2,CCO,293.15,-0.9446639487637508,0.012,2,0.0153386436027567
c1ccc2c(c1)Cc1ccccc1-2,CCO,294.08,-0.9298292976000757,0.012,2,0.0153386436027567
c1ccc2c(c1)Cc1ccccc1-2,CCO,298.15,-0.865577361856089,0.012,2,0.0153386436027567
c1ccc2c(c1)Cc1ccccc1-2,CCO,298.35,-0.8624477317457921,0.012,2,0.0153386436027567
c1ccc2c(c1)Cc1ccccc1-2,CCO,303.15,-0.7880970026196887,0.012,2,0.0153386436027567
c1ccc2c(c1)Cc1ccccc1-2,CCO,303.36,-0.7848770401695435,0.012,2,0.0153386436027567
c1ccc2c(c1)Cc1ccccc1-2,CCO,308.15,-0.7121609532854168,0.012,2,0.0153386436027567
c1ccc2c(c1)Cc1ccccc1-2,CCO,308.77,-0.7028495821326467,0.012145418895878488,2,0.0153386436027567
c1ccc2c(c1)Cc1ccccc1-2,CCO,313.15,-0.6377107309822482,0.019514596105370513,2,0.0153386436027567
c1ccc2c(c1)Cc1ccccc1-2,CCO,313.17,-0.6374158384473062,0.019550104425844907,2,0.0153386436027567
c1ccc2c(c1)Cc1ccccc1-2,CCO,318.15,-0.564691042328213,0.028895761865835572,2,0.0153386436027567
c1ccc2c(c1)Cc1ccccc1-2,CCO,319.27,-0.5265116314939746,,1,0.0153386436027567
c1ccc2c(c1)Cc1ccccc1-2,CCO,324.95,-0.4370430723778824,,1,0.0153386436027567
c1ccc2c(c1)sc1ccccc12,CCO,278.15,-1.211763035561745,,1,0.0315936633063896
c1ccc2c(c1)sc1ccccc12,CCO,283.15,-1.127339038447186,,1,0.0315936633063896
c1ccc2c(c1)sc1ccccc12,CCO,288.15,-1.0453583894114384,,1,0.0315936633063896
c1ccc2c(c1)sc1ccccc12,CCO,293.15,-0.965704365271371,,1,0.0315936633063896
c1ccc2c(c1)sc1ccccc12,CCO,294.55,-0.9574822182590266,0.019345157326854993,2,0.0315936633063896
c1ccc2c(c1)sc1ccccc12,CCO,298.15,-0.9065146063204086,0.02580488904921676,2,0.0315936633063896
c1ccc2c(c1)sc1ccccc12,CCO,300.25,-0.8764941935544419,0.028444550112073363,2,0.0315936633063896
c1ccc2c(c1)sc1ccccc12,CCO,303.15,-0.8347066958488174,0.030773638780114465,2,0.0315936633063896
c1ccc2c(c1)sc1ccccc12,CCO,303.85,-0.8245647629517343,0.031112753839442515,2,0.0315936633063896
c1ccc2c(c1)sc1ccccc12,CCO,306.45,-0.7867142734234243,0.03163312037608229,2,0.0315936633063896
c1ccc2c(c1)sc1ccccc12,CCO,308.15,-0.7618173303855897,0.03135713640676415,2,0.0315936633063896
c1ccc2c(c1)sc1ccccc12,CCO,310.25,-0.7309071739889186,0.0303619774672559,2,0.0315936633063896
c1ccc2c(c1)sc1ccccc12,CCO,313.15,-0.6879527914680326,0.027832886922256113,2,0.0315936633063896
c1ccc2c(c1)sc1ccccc12,CCO,313.95,-0.6760506207195176,0.026905302369483106,2,0.0315936633063896
c1ccc2c(c1)sc1ccccc12,CCO,318.15,-0.6132109668072943,0.020458830066444358,2,0.0315936633063896
c1ccc2c(c1)sc1ccccc12,CCO,318.95,-0.6011769926079227,0.018937992370446407,2,0.0315936633063896
c1ccc2c(c1)sc1ccccc12,CCO,322.55,-0.5467842875472426,0.012,2,0.0315936633063896
c1ccc2c(c1)sc1ccccc12,CCO,323.15,-0.5376820791728694,0.012,2,0.0315936633063896
c1ccc2c(c1)sc1ccccc12,CCO,327.35,-0.4736906416887585,0.012,2,0.0315936633063896
c1ccc2c(c1)sc1ccccc12,CCO,328.15,-0.46144934379455815,0.012,2,0.0315936633063896
c1ccc2c(c1)sc1ccccc12,CCO,331.15,-0.40475816665824027,,1,0.0315936633063896
c1ccc2ccccc2c1,CC(C)=O,278.15,0.29698163108372455,,1,0.0239992895184778
c1ccc2ccccc2c1,CC(C)=O,283.15,0.36493397866951227,,1,0.0239992895184778
c1ccc2ccccc2c1,CC(C)=O,288.05,0.43684243060585004,,1,0.0239992895184778
c1ccc2ccccc2c1,CC(C)=O,293.25,0.5184703985266879,,1,0.0239992895184778
c1ccc2ccccc2c1,CC(C)=O,297.17,0.5727127337009676,0.015069675307662471,2,0.0239992895184778
c1ccc2ccccc2c1,CC(C)=O,298.11,0.5883564895613063,0.015531065322400825,2,0.0239992895184778
c1ccc2ccccc2c1,CC(C)=O,298.35,0.5923798082056351,0.01564241568011189,2,0.0239992895184778
c1ccc2ccccc2c1,CC(C)=O,300.23,0.6242999727666927,0.016425078332125698,2,0.0239992895184778
c1ccc2ccccc2c1,CC(C)=O,301.55,0.6471329350275141,0.016881086502045322,2,0.0239992895184778
c1ccc2ccccc2c1,CC(C)=O,303.0,0.6726055048500257,0.017294869070550514,2,0.0239992895184778
c1ccc2ccccc2c1,CC(C)=O,303.47,0.6809485228605894,0.017409689809762697,2,0.0239992895184778
c1ccc2ccccc2c1,CC(C)=O,305.14,0.7109288285099495,0.017742413618113212,2,0.0239992895184778
c1ccc2ccccc2c1,CC(C)=O,306.63,0.7381122837798415,0.017941676566122035,2,0.0239992895184778
c1ccc2ccccc2c1,CC(C)=O,307.76,0.758995286310892,0.018032558284421307,2,0.0239992895184778
c1ccc2ccccc2c1,CC(C)=O,308.1,0.7653231294761866,0.01804986377579351,2,0.0239992895184778
c1ccc2ccccc2c1,CC(C)=O,309.37,0.789138870870147,0.01807391642776944,2,0.0239992895184778
c1ccc2ccccc2c1,CC(C)=O,311.03,0.8206878153578856,0.018010156393028987,2,0.0239992895184778
c1ccc2ccccc2c1,CC(C)=O,312.03,0.8399182113019492,0.017920556507899824,2,0.0239992895184778
c1ccc2ccccc2c1,CC(C)=O,312.97,0.8581462484721953,0.01780177760378395,2,0.0239992895184778
c1ccc2ccccc2c1,CC(C)=O,313.05,0.8597042792050189,0.01779013589764301,2,0.0239992895184778
c1ccc2ccccc2c1,CC(C)=O,314.37,0.8855619214627808,0.017563679150588228,2,0.0239992895184778
c1ccc2ccccc2c1,CC(C)=O,315.74,0.912694252184636,0.0172609128568773,2,0.0239992895184778
c1ccc2ccccc2c1,CC(C)=O,317.26,0.9431417555400969,0.016845701196084594,2,0.0239992895184778
c1ccc2ccccc2c1,CC(C)=O,318.15,0.9611345752209104,0.016564485019963715,2,0.0239992895184778
c1ccc2ccccc2c1,CC(C)=O,319.06,0.9796556315607603,0.016248262953553427,2,0.0239992895184778
c1ccc2ccccc2c1,CC(C)=O,320.87,1.0168598702829001,0.015534384574750306,2,0.0239992895184778
c1ccc2ccccc2c1,CC(C)=O,322.7,1.0549586591716746,0.01469992737774968,2,0.0239992895184778
c1ccc2ccccc2c1,CC(C)=O,323.05,1.0725721693770822,,1,0.0239992895184778
